{"type": "FeatureCollection", "features": [{"type": "Feature", "properties": {"id": "317446", "elemento": "Riu de 5t orde i de 6t orde (torrent, barranc). CURSOS D'AIGUA NATURALS", "texto_normalizado": "Barranc del Solà"}, "geometry": {"type": "LineString", "coordinates": [[-0.151331313329257, 40.53660161720392], [-0.151699701491836, 40.53675369592446], [-0.151868113226652, 40.536956447266014], [-0.152067394251232, 40.53716790331808], [-0.15229084081102, 40.537300516838506], [-0.152458248034343, 40.53752707475396], [-0.152291803167148, 40.537769228481174], [-0.152219307089512, 40.53800575593492], [-0.152334035038186, 40.53824690241405], [-0.152257501799, 40.538578656374874], [-0.152048775545232, 40.538835655474145], [-0.151696754315956, 40.53927977109935], [-0.151730261834706, 40.53971750986877]]}}, {"type": "Feature", "properties": {"id": "311610", "elemento": "Riu de 5t orde i de 6t orde (torrent, barranc). CURSOS D'AIGUA NATURALS", "texto_normalizado": "Barranc de les Lloses"}, "geometry": {"type": "LineString", "coordinates": [[-0.169271146370666, 40.562043739837385], [-0.169243427536173, 40.56219705638136], [-0.169246533641419, 40.56237544287641], [-0.169418514570434, 40.56283354240052], [-0.169577457321511, 40.56309680138562], [-0.169762070609887, 40.5632553232113], [-0.169872026829861, 40.56342011999455], [-0.1698867757234, 40.563574476943884], [-0.169879608470306, 40.56374450684819], [-0.169689567677374, 40.56396678859637], [-0.169386872207814, 40.56434030386214], [-0.16916224787784, 40.56462657683496], [-0.16907700493976, 40.56488384708136], [-0.168973258676571, 40.56507582328401], [-0.168883885213163, 40.56517899676326], [-0.168716436790055, 40.565369411256746], [-0.168523656642516, 40.56565646393514], [-0.168377098694786, 40.565855495005785], [-0.168245553525575, 40.56600710373902]]}}, {"type": "Feature", "properties": {"id": "309475", "elemento": "Riu de 5t orde i de 6t orde (torrent, barranc). CURSOS D'AIGUA NATURALS", "texto_normalizado": "Barranc de les Mules"}, "geometry": {"type": "LineString", "coordinates": [[-0.171995263461761, 40.56296964335613], [-0.172058325812423, 40.563238653830915], [-0.172032361879215, 40.56360274498836], [-0.171835551474171, 40.564238221620045], [-0.171626371716139, 40.56466266298058], [-0.171557213385397, 40.564790649751146], [-0.171314772662217, 40.56499543995647], [-0.171146307974146, 40.565210147208106], [-0.170955283997432, 40.565707977929634], [-0.17083307714774, 40.566085920156226], [-0.170656759559907, 40.566486850005035], [-0.170522871215501, 40.566637564457096], [-0.170436043971029, 40.56674755693865]]}}, {"type": "Feature", "properties": {"id": "311831", "elemento": "Riu de 5t orde i de 6t orde (torrent, barranc). CURSOS D'AIGUA NATURALS", "texto_normalizado": "Barranc dels Dos Pins"}, "geometry": {"type": "LineString", "coordinates": [[-0.166715371467478, 40.55889301999093], [-0.166448291441402, 40.55917824590752], [-0.16627470203448, 40.5595143961092], [-0.166022697753398, 40.55994588170996], [-0.165814521982646, 40.560346023137534], [-0.165612153839002, 40.56060852079245], [-0.165422793586759, 40.56081460198591], [-0.165453978222017, 40.56108283402811], [-0.165446116766842, 40.561269056836665], [-0.165409141165289, 40.561389723658365], [-0.165274225558593, 40.56156472182398], [-0.165171159128253, 40.561740501962056], [-0.165195507308174, 40.56217066611692], [-0.165139709040425, 40.56248539198534], [-0.165205478109897, 40.56268963318748]]}}, {"type": "Feature", "properties": {"id": "317403", "elemento": "Riu de 5t orde i de 6t orde (torrent, barranc). CURSOS D'AIGUA NATURALS", "texto_normalizado": "Barranquet del Mas Nou"}, "geometry": {"type": "LineString", "coordinates": [[-0.123934120795971, 40.55875353513253], [-0.124254408301929, 40.55857086279515], [-0.124506280403794, 40.55828321645472], [-0.12458263690985, 40.557959422250924], [-0.124750216403537, 40.55647810380006], [-0.12478533784406, 40.55541450755154], [-0.124827761327589, 40.555153417891304], [-0.124791369111591, 40.55478709622804], [-0.124456458788804, 40.55409558593813], [-0.124049070264152, 40.55339432561318], [-0.123876758966112, 40.55304050510691]]}}, {"type": "Feature", "properties": {"id": "317486", "elemento": "Camí, senda, altres carreteres. VIES DE COMUNICACIÓ: CARRETERES, CAMINS", "texto_normalizado": "Entrador de Cardona"}, "geometry": {"type": "LineString", "coordinates": [[-0.152615465296099, 40.55323976621494], [-0.152726180602014, 40.55357613809835], [-0.152703666155725, 40.55386156138358], [-0.152508631945121, 40.55428571862591], [-0.152481094866885, 40.55444391646008], [-0.152034371451371, 40.55466326721693]]}}, {"type": "Feature", "properties": {"id": "317388", "elemento": "Riu de 5t orde i de 6t orde (torrent, barranc). CURSOS D'AIGUA NATURALS", "texto_normalizado": "Barranc del Grevolar"}, "geometry": {"type": "LineString", "coordinates": [[-0.125818804369055, 40.52386935960604], [-0.125558831453866, 40.52386288756517], [-0.125223009872953, 40.5239260210587], [-0.124895552423588, 40.524037025253925], [-0.12481732990212, 40.52416217883834], [-0.124801161101288, 40.52429682114381], [-0.125018741805678, 40.524564386668246], [-0.124745651699511, 40.524621136435215], [-0.124383041196408, 40.52458033095475], [-0.124062028911173, 40.52454055962461], [-0.123822849687042, 40.52453460159846], [-0.123513594642981, 40.52446334603883], [-0.123103406596855, 40.524318080961486], [-0.122866946294066, 40.52424863752319], [-0.122667666515769, 40.52428339131993], [-0.122568981088951, 40.52440008902011], [-0.122444402420897, 40.52463529929796], [-0.122151399382437, 40.52491397480268], [-0.121794773886849, 40.52497657965915], [-0.121426522035805, 40.52482440969915], [-0.12111828799095, 40.524729341943015], [-0.120906908370894, 40.52480350998913], [-0.120784702075711, 40.524983170743674], [-0.120588341884546, 40.52519275760099], [-0.120224234433221, 40.525429934838705], [-0.119838786173605, 40.5254362078696], [-0.119521512037076, 40.525309135656826], [-0.119280292079771, 40.52535077972358], [-0.119138642144981, 40.52549817886234], [-0.118910057988751, 40.525730789949236], [-0.118216607500133, 40.52592796713341], [-0.117902930399186, 40.525959856279265], [-0.117333015547554, 40.52589796480747], [-0.116958303868389, 40.52589655280303], [-0.116703617598601, 40.52600934972448], [-0.116325501609822, 40.526087288629675], [-0.115733767653939, 40.526048676398524], [-0.115351721312711, 40.52597558048585], [-0.114957573282703, 40.52594190080066], [-0.11449966905631, 40.52593840101544], [-0.114239689557388, 40.525931903207194], [-0.113993855995574, 40.525838377014], [-0.113781606174764, 40.525690082196526], [-0.113575149244609, 40.52540688619534], [-0.11322038164103, 40.52518353274675], [-0.112935000521455, 40.525041352175144], [-0.112585523317291, 40.52493728693217], [-0.112362540202218, 40.52479666454593], [-0.11220688972074, 40.52430025416004], [-0.111977936525345, 40.52357163861683], [-0.111703133853548, 40.52318346051873], [-0.111427993358011, 40.52280321675991], [-0.111246954227359, 40.52265569820014], [-0.110909254167578, 40.52252014709806], [-0.110353559938287, 40.52241885826603], [-0.109927558590054, 40.52240025211942], [-0.109565831170841, 40.522097275418254], [-0.109175819779101, 40.52148377923251], [-0.108373313456878, 40.52029594064151], [-0.108080546409118, 40.51984216418224], [-0.108080887673634, 40.51983422929389]]}}, {"type": "Feature", "properties": {"id": "317468", "elemento": "Riu de 5t orde i de 6t orde (torrent, barranc). CURSOS D'AIGUA NATURALS", "texto_normalizado": "Riu de la Torre Segura"}, "geometry": {"type": "LineString", "coordinates": [[-0.162258096264324, 40.53661628901614], [-0.160397617447019, 40.53607146371158], [-0.159017987056186, 40.53569453102739], [-0.157774417876285, 40.535231607832834], [-0.157095087452507, 40.53486245436097], [-0.156548404188202, 40.534692701715144], [-0.155939252038076, 40.53469121908879], [-0.155552573221203, 40.5347909208983], [-0.155141464150953, 40.53494695948822], [-0.154278280378039, 40.535462884559344], [-0.153321463470743, 40.53576087406572], [-0.152197374314523, 40.53609629612375], [-0.151766269350183, 40.53633386971968], [-0.151113224406661, 40.536750455594316], [-0.150934785389962, 40.53707512464465], [-0.150863096394768, 40.537386449060975], [-0.150734837884775, 40.53763254317282], [-0.150489050961309, 40.537745211912146], [-0.150190105995737, 40.53779932260081], [-0.149911156276032, 40.53778042094837], [-0.149693653496993, 40.53770963280319], [-0.149431772063528, 40.537306764886864], [-0.149322533997664, 40.53699136326346], [-0.149181595599128, 40.53685608508246], [-0.148890941446495, 40.53672414146108], [-0.148517383489679, 40.536640750260226], [-0.147756610629227, 40.53661851239022], [-0.147399145899712, 40.53656477149771], [-0.147189445385252, 40.5364676668289], [-0.147076793339749, 40.536263079206186], [-0.146937317802051, 40.53600919775936], [-0.146878796892757, 40.53575420299499], [-0.147004129391742, 40.53546770299631], [-0.147052897553163, 40.53522160154306], [-0.146952436043168, 40.535042954067194], [-0.146723229775249, 40.534876167723695], [-0.146396486580758, 40.534849852509836], [-0.146101444595929, 40.5348483701735], [-0.145848290457234, 40.53486616043093], [-0.145666438895559, 40.53510929813463], [-0.145419187951862, 40.535693048456594], [-0.145190468476749, 40.536272715867746], [-0.145132435298515, 40.53648508680494], [-0.145149991249196, 40.53676639277914], [-0.145377735176817, 40.5371792699042], [-0.145650344767642, 40.53747206382252], [-0.145846878591131, 40.53765737495088], [-0.145930758706021, 40.537862328811585], [-0.145778603927239, 40.538135846095436], [-0.145465516432453, 40.53836637121733], [-0.145302146125948, 40.53851313579741], [-0.145179202644762, 40.538720681557535], [-0.144974916426381, 40.538753296141884], [-0.144637446033164, 40.538691773348916], [-0.144426283277144, 40.538541674115514], [-0.143725494559834, 40.53709995657548], [-0.143165644104097, 40.53618969435233], [-0.142831587110385, 40.535693789035925], [-0.142579459722655, 40.535537011655855], [-0.142362443971324, 40.53555146606291], [-0.141886962227725, 40.53570416669406], [-0.141404164838728, 40.536041071635914], [-0.140223992660445, 40.53641874372786], [-0.139293022940769, 40.536604058221556], [-0.138881913499839, 40.536701904013086], [-0.138489334890546, 40.53684978416927], [-0.13792997291053, 40.53721336809136], [-0.137339399169789, 40.53765663392355], [-0.135488673776978, 40.53949785990303], [-0.135357002307021, 40.5397243032782], [-0.135295068652537, 40.54003709776597], [-0.135155593577563, 40.54065119431015], [-0.1345533150684, 40.54174039557191], [-0.134339789702083, 40.54192865199555], [-0.1341625574644, 40.542090296489036], [-0.133985634383531, 40.54224472820982], [-0.133811394260096, 40.542558051839606], [-0.133564603650198, 40.54279738120442], [-0.133245570412473, 40.542955503327704], [-0.132978108922444, 40.543013835655785], [-0.132777128442665, 40.54306659834612], [-0.132581906340681, 40.543206134838684], [-0.13226602331156, 40.543543290838116], [-0.132125815215562, 40.54369293727321], [-0.131613397684237, 40.54394732202777], [-0.131161389515801, 40.54411657276159], [-0.130719449712184, 40.54427163252166], [-0.130414381359733, 40.544545601853244], [-0.130170960002113, 40.54470559472985], [-0.129995866874445, 40.544816751875516], [-0.129719770873651, 40.54507700105029], [-0.128807614672516, 40.545826783366756], [-0.128395149691889, 40.54617748874574], [-0.128111128419622, 40.54640144140663], [-0.127546576474048, 40.54654622099926], [-0.12715064635272, 40.5467312895096], [-0.126837950357419, 40.54696174281898], [-0.126787488114056, 40.54725647710507], [-0.126771247245314, 40.547414898218946], [-0.126778635035182, 40.54790599295634], [-0.126659526580707, 40.54825677439897], [-0.126384326297893, 40.54849538066134], [-0.125917466454303, 40.54901076637723], [-0.125598467252485, 40.54960924444635], [-0.125454074247549, 40.5498872006333], [-0.125571927147717, 40.55022944251153], [-0.125644868733282, 40.5507366096082], [-0.12566818116599, 40.55107649556227], [-0.125808338971651, 40.551339879928726], [-0.125789319249775, 40.55156320391882], [-0.125593019766185, 40.55194815919174], [-0.12516857415739, 40.55235630788604], [-0.124653591831114, 40.55266834973046], [-0.123516337803475, 40.55314536632248], [-0.12261926169712, 40.55331793007554], [-0.122123295802096, 40.553406637923075], [-0.121920113090989, 40.553509860120464], [-0.121677875036002, 40.553640986922126], [-0.120838008612162, 40.554024322871065], [-0.119627849708512, 40.554434509934715], [-0.119276166432394, 40.5544690497139], [-0.119077616575004, 40.55446409477298], [-0.118865591341021, 40.55455265414554], [-0.118598246241452, 40.554827532454524], [-0.118366997985803, 40.55492282940173], [-0.117970686482011, 40.55511507609072], [-0.11772052681144, 40.55520989957133], [-0.117346216948602, 40.55533050107224], [-0.116996554121403, 40.555538345903386], [-0.116657271630028, 40.555724793026236], [-0.116616522949153, 40.55601254634109], [-0.116722718077822, 40.556405039224934], [-0.11672443116097, 40.55658556373178], [-0.116682585998652, 40.556678369472536], [-0.116555025225467, 40.556783472627025], [-0.116560146343189, 40.55688466979727], [-0.116719809108449, 40.55713411354933], [-0.117011846728899, 40.55738686139665], [-0.117198948877233, 40.557658648383274], [-0.117357377445305, 40.557936937371345], [-0.117329039038839, 40.55837660554372], [-0.117153437932294, 40.55871874516312], [-0.116716037172766, 40.559205950384985], [-0.116524926322271, 40.55946828913494], [-0.116090448639238, 40.55966679390287], [-0.115378501766385, 40.55971397900168], [-0.114958433567801, 40.55979733188513], [-0.11428508526107, 40.56004761325006], [-0.113854784656565, 40.560368940745214], [-0.113727986747241, 40.560676199815404], [-0.113661180036814, 40.5611293432903], [-0.113436879642965, 40.561282557526276], [-0.113272722527629, 40.561357864809416], [-0.113029044674939, 40.56130123523123], [-0.112874189933218, 40.56116019605781], [-0.112757778309025, 40.56100567978488], [-0.11264679243651, 40.56094514993168], [-0.112474731660351, 40.56098416136204], [-0.112145175896305, 40.56116361878268], [-0.111745395241699, 40.561435167161854], [-0.111618130126503, 40.561533053706086], [-0.111382979247084, 40.56149829258622], [-0.111058855386243, 40.56133135648606], [-0.110909280037037, 40.56106771915056], [-0.110719711468353, 40.56085361606377], [-0.110610279478591, 40.56075702614578], [-0.110424272738593, 40.56068017786744], [-0.110254381722484, 40.56066870663521], [-0.110031937891336, 40.56077864533747], [-0.109944043472025, 40.560841418691126], [-0.10970330840949, 40.56093645945009], [-0.109346001400495, 40.561100775495674], [-0.108926678174873, 40.56138626305038], [-0.108305057389259, 40.5617533139017], [-0.107527963662879, 40.56199373800587], [-0.106015932625716, 40.56237455638523], [-0.10484771529548, 40.5626845671134], [-0.104188127015852, 40.56277058081398], [-0.104055587858745, 40.56279377634292], [-0.102137141061342, 40.5630969263892], [-0.101245605298677, 40.563377932743585], [-0.100305787456985, 40.563322390327535], [-0.100036221950516, 40.56344329614929], [-0.099665227373943, 40.563609691439204], [-0.099082348862458, 40.56353116953913], [-0.09831744081409, 40.56330435497914], [-0.098206657428697, 40.563445284099984], [-0.097879355687099, 40.56423546664631], [-0.097417831434919, 40.56425579602656], [-0.097235108764439, 40.564123455003504], [-0.096566284616984, 40.5636116188604], [-0.094126281255065, 40.56386957663953], [-0.093384374655353, 40.563595403248], [-0.092773178615433, 40.56417083475128], [-0.091770616226222, 40.564113639655965], [-0.090397104847791, 40.563919340897485], [-0.088378843097544, 40.56410796662124], [-0.087355519819571, 40.564529256956504], [-0.085915807177917, 40.56441307420927], [-0.085248165788317, 40.56532236910432], [-0.082488900417595, 40.56617880728256], [-0.081699748878788, 40.56651015493116], [-0.079780516101827, 40.56730792438755], [-0.078148434365679, 40.567761629637204], [-0.077893189032144, 40.56737193267403], [-0.077320035182426, 40.56706999259951], [-0.077104002199543, 40.56770324935183], [-0.076458374472734, 40.56762302393519], [-0.075558276570676, 40.56761618859076], [-0.074600355067883, 40.567975148315696], [-0.073982599569557, 40.567735933294735], [-0.073179432088464, 40.56790718543127], [-0.072165018223889, 40.568120980636536], [-0.07197886113009, 40.568068355253224], [-0.07085840797181, 40.56735329567282], [-0.070149328594702, 40.56680835085065], [-0.069351048035967, 40.56686792608657], [-0.068168592709327, 40.5661352977944], [-0.067580866115536, 40.566168271371914], [-0.066831395901102, 40.56654843321904], [-0.066736578831906, 40.566801513122435], [-0.065285009145268, 40.56791432075244], [-0.064045381146112, 40.568010539197466], [-0.061883316924433, 40.568610216396074], [-0.06076432321386, 40.56834220586552], [-0.059881702448065, 40.56793649070004], [-0.059234060020174, 40.56742497895592], [-0.059195829993299, 40.56638607804914], [-0.059059207405792, 40.56599649647843], [-0.058879411974053, 40.56548380131187], [-0.058282018739708, 40.5647819491909], [-0.05772367014008, 40.56414495932539], [-0.057302709835238, 40.56324001343761], [-0.057387128885929, 40.56274715404677], [-0.057602689969799, 40.56165084819974], [-0.058061457008778, 40.56121543595783], [-0.058368230233114, 40.56090389040782]]}}, {"type": "Feature", "properties": {"id": "317063", "elemento": "Camí, senda, altres carreteres. VIES DE COMUNICACIÓ: CARRETERES, CAMINS", "texto_normalizado": "Carreró de Guardiola"}, "geometry": {"type": "LineString", "coordinates": [[-0.156546016207963, 40.55471411119735], [-0.15614862161482, 40.55524450386578], [-0.156135852289482, 40.55554605485923], [-0.156409695508957, 40.55596588087432], [-0.156640581873039, 40.55641642379669], [-0.156415023190788, 40.55682394801851], [-0.156524418567215, 40.55719205940759], [-0.156919765154602, 40.557694315111085], [-0.157156686573215, 40.55849453450757], [-0.156953948628186, 40.55885495824126], [-0.156939165320845, 40.559204123899335], [-0.15698011253036, 40.55922101926149]]}}, {"type": "Feature", "properties": {"id": "317485", "elemento": "Camí, senda, altres carreteres. VIES DE COMUNICACIÓ: CARRETERES, CAMINS", "texto_normalizado": "Entrador del Mas de Cros"}, "geometry": {"type": "LineString", "coordinates": [[-0.133213400626257, 40.56036498947725], [-0.133500666042914, 40.560467449717855], [-0.133606977644415, 40.56051457511966], [-0.133974697187615, 40.56087958770876], [-0.134300762392965, 40.56134206926404], [-0.134471500182065, 40.561441634226654], [-0.134864471278725, 40.561800916302616], [-0.134966993493216, 40.56193691742395], [-0.135307343734564, 40.562650775098604], [-0.135403132650833, 40.56284698108263], [-0.135444717314566, 40.562946516327955], [-0.13541361432898, 40.56318723655833], [-0.135404847334839, 40.56329505546756], [-0.135270333496033, 40.563615824888146]]}}, {"type": "Feature", "properties": {"id": "317426", "elemento": "Tallafoc. VIES DE COMUNICACIÓ: CARRETERES, CAMINS", "texto_normalizado": "Tallafoc de la Bardissa"}, "geometry": {"type": "LineString", "coordinates": [[-0.137229721970357, 40.52857819952532], [-0.13740167723234, 40.527962841766744], [-0.137376298420517, 40.52758090753272], [-0.136896380319245, 40.527116207643076], [-0.136747146097427, 40.526953629492134], [-0.135916441001982, 40.52617041545561], [-0.135715890656114, 40.52599067607961], [-0.135462330521457, 40.525833451551144], [-0.135118559182002, 40.52559454985357], [-0.134923423599092, 40.52528784181834], [-0.134917167886727, 40.52494610068999], [-0.13486194167157, 40.52477632058846], [-0.134706715342549, 40.52451032075205], [-0.134455192410722, 40.524305482043815], [-0.134207730013339, 40.52400541755543], [-0.134093175883776, 40.52351799872326], [-0.134055475743878, 40.52293716144616], [-0.134291101857888, 40.52253787363404], [-0.134493584554084, 40.521939165354674], [-0.134485215498362, 40.52189129416872]]}}, {"type": "Feature", "properties": {"id": "311417", "elemento": "Assagador. VIES DE COMUNICACIÓ: CARRETERES, CAMINS", "texto_normalizado": "Assagador dels Carrascals"}, "geometry": {"type": "LineString", "coordinates": [[-0.098270428678016, 40.5099521875005], [-0.098490832819492, 40.50974897037219], [-0.101897077751912, 40.509037915692126], [-0.103378605443839, 40.509517730321335], [-0.104864936784268, 40.50988643291164], [-0.105389801674715, 40.51007297785174], [-0.10626450080578, 40.510354598041104], [-0.106912189983482, 40.510528303027534], [-0.107194988009542, 40.510601694074296], [-0.108116652935714, 40.51080159547097], [-0.108492159548627, 40.51090769465123], [-0.108616221458264, 40.51096881855433], [-0.108807679961857, 40.51106201931925], [-0.109037313298361, 40.51110921026932], [-0.109546787710592, 40.51113025278633], [-0.110195443875716, 40.51111333713246], [-0.111184756764419, 40.51100271947938], [-0.111879584161143, 40.51083776233496], [-0.112250705296833, 40.510708908405334], [-0.112888024243195, 40.51036569276031], [-0.113167562769113, 40.510262173624845], [-0.113419830912716, 40.5101192933256], [-0.113894966380374, 40.509843847986886], [-0.114421847617489, 40.509627711032245], [-0.114985893939742, 40.509373378346595], [-0.115019792778389, 40.50935809253106], [-0.115461610566299, 40.50918402910857], [-0.116039694611069, 40.50895534941508], [-0.116665436060113, 40.508796925929516], [-0.117293608703728, 40.50866618662378], [-0.118128565087405, 40.50835550240673], [-0.118832708665114, 40.50814100566582], [-0.119150040564229, 40.50799973697557], [-0.119748472427063, 40.50763341057384], [-0.120818087966228, 40.50708267722521], [-0.121227219224528, 40.50691053883417], [-0.121821497827867, 40.506640793050856], [-0.121832884794239, 40.50663763252534], [-0.122524787490218, 40.50644559243797], [-0.12372643593356, 40.50627661511523], [-0.124119989118239, 40.50621458696207], [-0.124487643354343, 40.506165725970384], [-0.124808959732737, 40.50618477825709], [-0.12496788861448, 40.50627714230674], [-0.125038154368537, 40.50641150244803], [-0.125197120801106, 40.50667239403466], [-0.125416815229305, 40.50686774929914], [-0.125427262910483, 40.5068770400352], [-0.12557962970464, 40.50703830816603], [-0.125655468713281, 40.50721141072487], [-0.125774204452014, 40.50748242487103], [-0.12592028563724, 40.507875604440585], [-0.126030563935535, 40.50800543489486], [-0.126227148799606, 40.50814846335782], [-0.126411708026161, 40.50831882006125], [-0.126432693328792, 40.508330588730225], [-0.126659151507378, 40.50845758936166], [-0.12692353325246, 40.50853876138803], [-0.127185912024825, 40.508666849333466], [-0.127640597128805, 40.50886878895835], [-0.128432891718621, 40.50921725906703], [-0.128972243292218, 40.50939326317641], [-0.129046914747574, 40.509417630681746], [-0.129220129118663, 40.509480433860496], [-0.129545941727781, 40.50959856345132], [-0.129719789934343, 40.5097060781874], [-0.129946374715586, 40.510026047236366], [-0.130226421125228, 40.51037502288367], [-0.130306642971135, 40.51044608406774], [-0.130633851724449, 40.51066694568802], [-0.13087310502564, 40.51091324783454], [-0.131223864005918, 40.51117613432108], [-0.131482175127209, 40.511315162510876], [-0.131748157920673, 40.511528974023165], [-0.132242320984473, 40.511994335174926], [-0.132516599136182, 40.51218348652869], [-0.133068218592859, 40.512490033452586], [-0.133684313649364, 40.512897636117025], [-0.133795673558672, 40.513002620775715], [-0.134040914343496, 40.51319381116413], [-0.134343132420949, 40.513577042247874], [-0.134433033830806, 40.513675968697484], [-0.134882248523202, 40.514007592516386], [-0.135327762573389, 40.514256241016035], [-0.135725449246326, 40.514523040797485], [-0.136048609842088, 40.51475483781422], [-0.136414759950939, 40.51516727627097], [-0.136539066020675, 40.515308495706726], [-0.13671646460547, 40.51539301428556], [-0.137095403028865, 40.51559027527942], [-0.137289475137659, 40.51570835930053], [-0.137603141055255, 40.51573823762568], [-0.137922302409909, 40.51572404745549], [-0.138044782251476, 40.51573813436688], [-0.138413489434989, 40.51583567967233], [-0.138760100816747, 40.516112254248355], [-0.138896881291819, 40.516300745790275], [-0.139018986489857, 40.516408755160526], [-0.139206419613874, 40.51651285710525], [-0.139348813759782, 40.51665452172552], [-0.139630954732488, 40.51725549767883], [-0.139726647509578, 40.51755900506362], [-0.140053590276924, 40.518184879706936], [-0.140130698415, 40.51833904687437], [-0.140542703491976, 40.51863902978804], [-0.14087342820872, 40.51888297231711], [-0.141228657655177, 40.51900473322845], [-0.141438485776969, 40.51921621180254], [-0.141703466321505, 40.519492904868905], [-0.141965981871087, 40.51967621784805], [-0.142279515234772, 40.51987061535092], [-0.142343771603595, 40.52002446297825], [-0.142312181356749, 40.520313459805436], [-0.142317950599774, 40.52048059386974], [-0.142435518115217, 40.52059155703415], [-0.142491713417312, 40.52063224003979], [-0.142755103069266, 40.520643669970525], [-0.143289947320784, 40.5207796917097], [-0.143872476803404, 40.52100529831866], [-0.144478048091234, 40.52114306413241], [-0.145172562417024, 40.52145984149679], [-0.145380356563858, 40.52156812094227], [-0.14571218190471, 40.52163526238866], [-0.146117230421811, 40.52164527489956], [-0.146524127867902, 40.52176338511458], [-0.146693348025295, 40.52187070889119]]}}, {"type": "Feature", "properties": {"id": "311814", "elemento": "Serres i massissos de tercer orde. ELEVACIONS DEL TERRENY EN GENERAL", "texto_normalizado": "Serra de Calduc"}, "geometry": {"type": "LineString", "coordinates": [[-0.176872227924011, 40.574945749598875], [-0.175805834653683, 40.574597988002616], [-0.174176059175808, 40.57385443581049], [-0.172410396491613, 40.57320805523591], [-0.170599712637113, 40.572379602282744], [-0.168265705914754, 40.571457865280024], [-0.164269926708588, 40.56993233880362], [-0.16123434703125, 40.56877207163155], [-0.159379753273335, 40.56774131748154], [-0.15878677163414, 40.56742515288144], [-0.156651884970028, 40.566789549518816], [-0.154904412928974, 40.56634439892287], [-0.153646522648569, 40.56600958520009], [-0.152479986080506, 40.56507833709242], [-0.151032414402531, 40.56502251426484], [-0.149454876654651, 40.56492325495579], [-0.148511086257534, 40.564799421998835], [-0.147509628557553, 40.56417153852265], [-0.146678019592364, 40.56388962511453], [-0.143767018879347, 40.56291292374835], [-0.142582846363495, 40.56286351230155]]}}, {"type": "Feature", "properties": {"id": "321291", "elemento": "Riu de 5t orde i de 6t orde (torrent, barranc). CURSOS D'AIGUA NATURALS", "texto_normalizado": "Rambla de la Canada d'Ares"}, "geometry": {"type": "LineString", "coordinates": [[-0.189473043188446, 40.455433412707286], [-0.189406515891108, 40.45543452313175], [-0.189373515835529, 40.45542872914986], [-0.189340781738126, 40.45541658603651], [-0.189222575341518, 40.45536197038244], [-0.189113011828929, 40.45529962044795], [-0.189053743324047, 40.45527628029325], [-0.188994211271907, 40.455259288387396], [-0.188788714290559, 40.455181789523714], [-0.188698102469595, 40.45515127939666], [-0.188639999254204, 40.455143656413945], [-0.188594097539142, 40.455142685983716], [-0.188534338568639, 40.45515202944323], [-0.188473783920596, 40.45518041848221], [-0.188351882271942, 40.455256243053924], [-0.188115726457862, 40.45542396695666], [-0.187940289506363, 40.455582046350564], [-0.187888744650361, 40.455631309201266], [-0.187829417786226, 40.455667672276064], [-0.187757557025956, 40.45570531904824], [-0.187686490947263, 40.45572391924808], [-0.187546445657326, 40.45574230351646], [-0.187356929671928, 40.455749949572755], [-0.187260093735611, 40.45575372188207], [-0.18721569973383, 40.455758883794886], [-0.187170907075983, 40.4557735693697], [-0.187128900144949, 40.455796265455916], [-0.187094939940445, 40.45582551308301], [-0.187055962642088, 40.4558752932867], [-0.187033475121202, 40.4559286528635], [-0.18698077633592, 40.45614657157642], [-0.186946116201131, 40.45625532806469], [-0.186907563836535, 40.4563576350544], [-0.186849161534526, 40.456562704497614], [-0.186822358455378, 40.45660731906051], [-0.186792467461277, 40.45662604782765], [-0.186762709002322, 40.456641601118875], [-0.186718199112852, 40.45666195361959], [-0.186661620199264, 40.4566724778492], [-0.186175170327782, 40.456654859949396], [-0.186049005533643, 40.45665987763291], [-0.185922176857042, 40.45668076617668], [-0.185813849740069, 40.456706872056444], [-0.18571739381482, 40.45674756625644], [-0.185638354721469, 40.456795959095764], [-0.185555889833788, 40.456826792334525], [-0.185408774382746, 40.45686029348465], [-0.185326972195231, 40.45687525463435], [-0.185245832869894, 40.45687434380734], [-0.185166969222323, 40.45686872169023], [-0.185092592966604, 40.45685526529543], [-0.18498045235282, 40.45682328630223], [-0.184852949002576, 40.45676074552175], [-0.184733690246025, 40.456699994452585], [-0.184647278857736, 40.45664957639259], [-0.184558813762681, 40.45660476842969], [-0.184478261562104, 40.45656968666877], [-0.184423408466706, 40.456552583978514], [-0.184378479797726, 40.456546845470534], [-0.184332987506144, 40.4565545979304], [-0.184280797174555, 40.45657330846775], [-0.184157551392423, 40.45661424180365], [-0.184055546880532, 40.45664457148762], [-0.183953808714376, 40.456668552886676], [-0.183812855819953, 40.45668522158274], [-0.183758413837291, 40.456689379647514], [-0.183707729826257, 40.45670316179769], [-0.183591285423782, 40.4567430686861], [-0.183366044725346, 40.45683895667911], [-0.183259602861317, 40.45687593025445], [-0.18315382313272, 40.45689703091012], [-0.182950709179523, 40.45693626101678], [-0.182793645549378, 40.456943647071746], [-0.18262022361572, 40.45694427831019], [-0.182274044557599, 40.45692966815714], [-0.18192363312014, 40.45689191650448], [-0.181743874044953, 40.45688246120665], [-0.181572160135722, 40.456879558428945], [-0.181425493527043, 40.45688699725837], [-0.181261275061627, 40.45691625031347], [-0.180921717590648, 40.4569919621581], [-0.18082736999724, 40.45701324061325], [-0.180733420709605, 40.45702499623588], [-0.180546320040232, 40.45702946087376], [-0.180143557281235, 40.45702498258128], [-0.17997254656953, 40.45701772422078], [-0.179806089142317, 40.45700104430758], [-0.17963996390071, 40.45697642868669], [-0.179474370190229, 40.4569391155399], [-0.179150546604572, 40.45683765804934], [-0.17883952273719, 40.456728568712435], [-0.178284773963854, 40.45651759190104], [-0.178006072944354, 40.45644384575532], [-0.177849568035502, 40.45641926445532], [-0.177692265688982, 40.456413728405714], [-0.17704961819515, 40.456439314117816], [-0.17671556135704, 40.456458149520415], [-0.176564889220539, 40.45647432226621], [-0.176413419095383, 40.45650954025033], [-0.176075438071014, 40.45662201728248], [-0.175728081171376, 40.4567596845749], [-0.175425369906859, 40.456923863129084], [-0.175121858880346, 40.457107086249934], [-0.174768245802661, 40.45729464507784], [-0.174605849432778, 40.45739195391617], [-0.174523320817979, 40.45747235134622], [-0.174425234165227, 40.4575269475974], [-0.174345086810122, 40.45756291679785], [-0.174265472938679, 40.45758618873608], [-0.174074064712944, 40.457606525493745], [-0.173741380796581, 40.45764206829635], [-0.173407750292565, 40.45765057756465], [-0.173075717640069, 40.45762099330851], [-0.17294080196819, 40.45760855140144], [-0.172822243764193, 40.45760286440252], [-0.172569301586877, 40.4575720377019], [-0.172431143912536, 40.457593279841916], [-0.172349566210787, 40.457654037750466], [-0.172287434932979, 40.457747047772536], [-0.17224006134001, 40.45788490539981], [-0.172177062735985, 40.45799854794503], [-0.172128808065456, 40.45805813721446], [-0.172064996311161, 40.45809192415838], [-0.171876235607063, 40.458129403579925], [-0.171782254253157, 40.45813862002993], [-0.171697117718924, 40.45813534183562], [-0.171348323245043, 40.4580219315097], [-0.171162190899388, 40.45794746160799], [-0.171068325960114, 40.45792927280863], [-0.17097366157216, 40.45793012927793], [-0.170915707027227, 40.457948369167795], [-0.170857219452217, 40.45797930532174], [-0.170739444494812, 40.45806022467353], [-0.170627023444844, 40.458112677666705], [-0.17050762431243, 40.45813318262761], [-0.170243624690918, 40.45817993032597], [-0.169983514072304, 40.45823312827931], [-0.169368388401428, 40.458370561552684], [-0.169057602762688, 40.45841695435033], [-0.168911321836966, 40.458421308859535], [-0.168765573202987, 40.45841296508389], [-0.16858805909953, 40.45840622126057], [-0.168372742388101, 40.45840808375965], [-0.1678265519138, 40.4583899082421], [-0.167703501655327, 40.45838881305245], [-0.167575895134529, 40.45839714025793], [-0.167450234392966, 40.458408691024935], [-0.167336905669284, 40.45842372278516], [-0.167188191478823, 40.458454401503054], [-0.1670390768478, 40.45849460266297], [-0.166687150939689, 40.45862629360092], [-0.166513331661953, 40.458690601456944], [-0.166428299650979, 40.458727568477805], [-0.16634715659597, 40.4587709855156], [-0.166293686120883, 40.458806885652905], [-0.166248261753921, 40.45884933874336], [-0.166200457837909, 40.45889888254951], [-0.166164720158115, 40.458958255739944], [-0.166132401228403, 40.45904569226222], [-0.166116169865572, 40.45914623463581], [-0.166096784820307, 40.45922286713849], [-0.166069488167977, 40.459289773061904], [-0.166037227907672, 40.45933127902468], [-0.166001079777658, 40.459366334012], [-0.16591069084649, 40.459470952936286], [-0.165748675910424, 40.45961963265062], [-0.165700820587478, 40.45967444155857], [-0.165672869775168, 40.4596985699436], [-0.165649476722971, 40.459713276813936], [-0.165553079959419, 40.45974026068525], [-0.165376208862294, 40.45979087641251], [-0.165281539729341, 40.459816031632705], [-0.165186335248687, 40.45985388297173], [-0.165125945778479, 40.459885132485546], [-0.165077889661021, 40.459919862472205], [-0.165021589391496, 40.45995280029022], [-0.164977488889011, 40.459992394002136], [-0.16493643197186, 40.46004070403254], [-0.164907709601703, 40.46009249460022], [-0.164879658946586, 40.46015303965441], [-0.164860053887837, 40.46021061512953], [-0.164829602813665, 40.460376698620394], [-0.164824227214718, 40.46047626784215], [-0.164835342404873, 40.46057941874637], [-0.16484324514471, 40.460624697096414], [-0.164846858275836, 40.46067304703245], [-0.164847927699517, 40.460702367804885], [-0.164836664760617, 40.460728208071004], [-0.164814937822694, 40.46076084330853], [-0.164718025540651, 40.46088389042917], [-0.164675870781651, 40.46094398020469], [-0.16463358119103, 40.46100724443752], [-0.164607838122912, 40.46105645630016], [-0.164589472273754, 40.4611280919466], [-0.164576838463056, 40.46121178499598], [-0.164568361959398, 40.46129557920162], [-0.164541590271478, 40.46143150181347], [-0.164525992765051, 40.461502585702746], [-0.164516249491522, 40.46153490257524], [-0.164498328681038, 40.46156384090432], [-0.164435422433207, 40.461609342682635], [-0.164368895457441, 40.461642045299286], [-0.164279978352584, 40.46166307591505], [-0.164195350908972, 40.461681034901936], [-0.163881044827481, 40.46172721361924], [-0.163729926028924, 40.46175521751117], [-0.163664823196224, 40.46176788727661], [-0.163603474470815, 40.461790181646414], [-0.163461582261556, 40.461895468502476], [-0.163394992632493, 40.46194345173198], [-0.163328936223741, 40.46197873868785], [-0.163243591361275, 40.462002826845705], [-0.16315771187697, 40.46203961203884], [-0.163076322570953, 40.46206856390084], [-0.162998286317712, 40.46211666296076], [-0.162818516470512, 40.462262841393475], [-0.162655370601454, 40.46240942792438], [-0.161787275148159, 40.46314973879494], [-0.161471706854051, 40.4634547996733], [-0.161129739524168, 40.463752411151894], [-0.16095202662503, 40.46387724925166], [-0.160873561213606, 40.463939923626874], [-0.160836472280387, 40.4639697250522], [-0.160807562144937, 40.46400290440017], [-0.160714581126558, 40.46414590576168], [-0.16061650701167, 40.46431102449637], [-0.160495267817811, 40.46458942878235], [-0.160434576378142, 40.46468096599976], [-0.160410933355516, 40.464715777156236], [-0.160348614707504, 40.464779825429424], [-0.160254557407731, 40.46483577576171], [-0.160152120344314, 40.464893109763175], [-0.160050084540433, 40.464940920197556], [-0.159948182410417, 40.464985556046855], [-0.159429854670351, 40.465262906822815], [-0.158936058210057, 40.46555039109962], [-0.158702892329681, 40.46571625263481], [-0.158481792843454, 40.46589194298879], [-0.158125332687562, 40.46623662925491], [-0.157960171871993, 40.46639499490467], [-0.1578863727166, 40.466463271952044], [-0.157826380663361, 40.466500112740114], [-0.157747280379962, 40.466542161465306], [-0.157668581790461, 40.46657468668531], [-0.157606977578963, 40.46659651122954], [-0.157545773921854, 40.466608813163944], [-0.15693835911264, 40.46665506620799], [-0.156836339812049, 40.466667379950906], [-0.156736129605669, 40.46668609279492], [-0.156626803817828, 40.466723646902], [-0.156509031054396, 40.46676417071728], [-0.156403227042039, 40.466816382436015], [-0.15630385848809, 40.4668639867429], [-0.156163526162024, 40.46694078471487], [-0.156093359880752, 40.466979183632475], [-0.156039416116682, 40.46702751530623], [-0.156014648890106, 40.46707457839995], [-0.155997792505879, 40.46713136962142], [-0.155989249012049, 40.46718836554179], [-0.156014490904783, 40.467233482301125], [-0.156052428277888, 40.46731344568063], [-0.156091304935483, 40.467371188634864], [-0.156120922430535, 40.46744030319175], [-0.156125603414596, 40.4675088046207], [-0.156122071977587, 40.467574719596755], [-0.156106206249766, 40.4676371530799], [-0.156053633261914, 40.46772245205952], [-0.156021046161923, 40.467766534829195], [-0.155972637079785, 40.467791162213516], [-0.155909866741364, 40.46780947669344], [-0.155847499614579, 40.46781826773678], [-0.155779755253475, 40.467830757130464], [-0.155711741672324, 40.46784959450748], [-0.155626635329767, 40.46787913220611], [-0.155541125626829, 40.467918193237885], [-0.155353478628142, 40.468057046246535], [-0.155263744348461, 40.46812816179251], [-0.155194522014519, 40.46820613806448], [-0.155156232271154, 40.46827431156178], [-0.155130143916917, 40.4683491411463], [-0.155130265686069, 40.46844288675458], [-0.155155325514854, 40.468537246639485], [-0.155241033667898, 40.46871470384599], [-0.155271753347081, 40.468795189552026], [-0.155277670093288, 40.46887188745516], [-0.155278145420651, 40.468938440613314], [-0.155266152212839, 40.46900468665743], [-0.155252616876091, 40.469058184510054], [-0.155214546586004, 40.46910154469899], [-0.155150187923995, 40.46915506159763], [-0.155111841285342, 40.46918007967915], [-0.155065450763676, 40.46919854405119], [-0.154988471153357, 40.469211932285475], [-0.15491564695752, 40.46922542193275], [-0.154792732426501, 40.46925997062779], [-0.154687113320981, 40.46927905730566], [-0.154564767251074, 40.46930011511287], [-0.154454355747355, 40.469334176138766], [-0.154401355970994, 40.46936352035137], [-0.154364714351781, 40.46939962223999], [-0.154337591419309, 40.46945661239154], [-0.154330982010014, 40.469520464429145], [-0.154348522417302, 40.46963221604282], [-0.154398775674646, 40.46985598860556], [-0.154416589324801, 40.469917916749594], [-0.154429978217499, 40.46998609052191], [-0.1544335454369, 40.47004051765577], [-0.15441633066625, 40.47009443275084], [-0.154391985706731, 40.47012800932123], [-0.154359462727157, 40.47015820661137], [-0.154331564507518, 40.470177396529714], [-0.154291465704835, 40.47018993117218], [-0.154190587863888, 40.47022187682876], [-0.154102446875254, 40.47024778160046], [-0.154051974352513, 40.47026454797207], [-0.154009546891949, 40.470287867219625], [-0.153919730488802, 40.470353450052855], [-0.153820681148729, 40.47044444095367], [-0.153758687567862, 40.470489629532956], [-0.153697363405841, 40.4705189457001], [-0.153555074522606, 40.4705993373959], [-0.153409165162542, 40.47066693037829], [-0.153101121425315, 40.47079218160604], [-0.153040300947332, 40.47080959497945], [-0.152989108525687, 40.470817788901286], [-0.152942072766855, 40.47082608526845], [-0.152866234279286, 40.47085424964164], [-0.152793882760414, 40.4708983869993], [-0.152370774589921, 40.47115291495353], [-0.152235372561129, 40.47125485361016], [-0.152163515319411, 40.471305719490545], [-0.152109223032781, 40.4713347758403], [-0.1519397656244, 40.47140568731775], [-0.151732631409389, 40.47148202400557], [-0.151658325308067, 40.47151843551162], [-0.151562431325748, 40.47157338027776], [-0.151460614116809, 40.47162193681361], [-0.15134782685673, 40.47165819343461], [-0.151210234589327, 40.471690660316085], [-0.150961732712545, 40.47176419624888], [-0.150905320209961, 40.47179149283602], [-0.150844349359821, 40.47182820845982], [-0.150750829647734, 40.47191822966791], [-0.150584707474973, 40.47209561014875], [-0.14999867400724, 40.47273074326097], [-0.149918545744762, 40.472817949779966], [-0.149850214900044, 40.47292133444575], [-0.149760425744641, 40.47308933022086], [-0.149729410660317, 40.4731403062649], [-0.149690486101156, 40.47318155377708], [-0.149583080614235, 40.47325055955509], [-0.149529982893687, 40.47327077826451], [-0.149481578129888, 40.47327840259246], [-0.149147860626256, 40.473300990083295], [-0.148847126386009, 40.473330745523924], [-0.148774814508764, 40.47334244692469], [-0.148300189041605, 40.47341924661874], [-0.148187433745205, 40.4734430762299], [-0.148065827075873, 40.47347939823854], [-0.147941202176394, 40.47353788817946], [-0.147879157298739, 40.473560784614136], [-0.147821539238465, 40.473577434798585], [-0.147676465833751, 40.47360731220206], [-0.147536354528481, 40.47361824715435], [-0.147232135570371, 40.47361727940789], [-0.147105852613278, 40.473633831884015], [-0.146982650730274, 40.47367588160103], [-0.146917764669853, 40.47370079611587], [-0.146856765230811, 40.47373216305384], [-0.146810045737973, 40.47377023738824], [-0.146762653839568, 40.4738241830437], [-0.146699630981976, 40.47395837933047], [-0.146636722721163, 40.47406124386244], [-0.146586093753188, 40.47412332410764], [-0.146561316582106, 40.4741416668654], [-0.146528361353833, 40.47415662978723], [-0.146459042386326, 40.47420169459764], [-0.146424046646963, 40.474232162654026], [-0.14640125132771, 40.474269286796826], [-0.146366188418172, 40.47434061832871], [-0.146343055722817, 40.47442495481622], [-0.146331400040821, 40.47450412548032], [-0.146315586266062, 40.474583193397805], [-0.14630017710081, 40.4746527389], [-0.146268410528823, 40.47471552466957], [-0.146138470525141, 40.474860554777074], [-0.146079667208179, 40.474934811497086], [-0.145984659278488, 40.47502882718921], [-0.145901101539995, 40.47514764449833], [-0.14588192087362, 40.47518612968645], [-0.145874940749725, 40.47523127102755], [-0.145869972990864, 40.47527805098527], [-0.145877204590147, 40.47533148797023], [-0.145938295021602, 40.475571008872365], [-0.146064508433799, 40.47600788624722], [-0.146102944572194, 40.47621936059503], [-0.146117516251832, 40.47640482394876], [-0.14610646399484, 40.476946482083314], [-0.146101604392236, 40.477004180638644], [-0.146080116681606, 40.47706146738178], [-0.146027618372667, 40.477138642377355], [-0.145976599669053, 40.47718090115593], [-0.145912348629291, 40.47722116204559], [-0.145840590574167, 40.47724217255861], [-0.145773190116712, 40.47725852497021], [-0.14570619443979, 40.477265354039844], [-0.145585472070515, 40.477263417850885], [-0.145465423595451, 40.47724561115023], [-0.145193685318595, 40.4771710828962], [-0.144777706975912, 40.47704081154948], [-0.144649024630735, 40.477001674779565], [-0.144531870180735, 40.476985066376635], [-0.144420547556005, 40.47697813445897], [-0.144308551954917, 40.476987073734], [-0.144193269078372, 40.47702421537021], [-0.144077313056156, 40.47707722728279], [-0.143969401627132, 40.47713679445831], [-0.143873421488743, 40.47720936587518], [-0.143508625757848, 40.477466765302026], [-0.143221459014149, 40.47775785973021], [-0.143040158607169, 40.478000527280365], [-0.142886569059925, 40.4782360815884], [-0.142723012048946, 40.4785081162362], [-0.142657590366915, 40.478650893246495], [-0.142630913684663, 40.47872719678279], [-0.142612549977843, 40.47880370689391], [-0.142611146878187, 40.47885298070664], [-0.142626371096618, 40.47890266681553], [-0.142661407948253, 40.478951253340036], [-0.142705432523866, 40.478984175190966], [-0.142830670595653, 40.47905233954703], [-0.142956718160609, 40.479101458094675], [-0.143200563112811, 40.4791882036776], [-0.143258232176535, 40.47921570359303], [-0.143406868041467, 40.47930052319794], [-0.143449256748321, 40.47932166422135], [-0.143470187576577, 40.479358162408445], [-0.143485151992294, 40.47938815748054], [-0.143487646090012, 40.479417844101896], [-0.143486724724829, 40.47945090954029], [-0.143464882867289, 40.47948663438034], [-0.143401224592855, 40.4795385260698], [-0.143240996911596, 40.47967035183406], [-0.143187170257849, 40.47970513949259], [-0.143133748720589, 40.47973040474775], [-0.14304462229467, 40.479758538225035], [-0.142971854049261, 40.47979343095471], [-0.142828992955769, 40.479898236994686], [-0.14252671926739, 40.48014372119211], [-0.142336291297739, 40.4802607236394], [-0.142245032775089, 40.480324089721805], [-0.142194910062347, 40.480363604604], [-0.142174072073579, 40.48038187811648], [-0.142161279071922, 40.480406706241105], [-0.142141882042532, 40.48047148933194], [-0.142121857208401, 40.48050203645113], [-0.142093789667199, 40.48052602990349], [-0.142075405574029, 40.48056694445567], [-0.142069088976422, 40.48061769093879], [-0.142061569466639, 40.48064775307537], [-0.142041848829355, 40.48067115863486], [-0.141987566857867, 40.48071533353638], [-0.141925778754948, 40.4807402560525], [-0.141866407187457, 40.48075729572894], [-0.141807438646813, 40.48076481205221], [-0.141458372355803, 40.48078618725866], [-0.141281626365565, 40.4807999970029], [-0.141190771012463, 40.480816373168594], [-0.141107959419826, 40.480839303019884], [-0.140973504943684, 40.48088034787112], [-0.140899672280845, 40.48090944555904], [-0.140837837230384, 40.4809499615123], [-0.140793576657556, 40.480990456778606], [-0.140765945068006, 40.48103136373732], [-0.140704512109464, 40.48111143599303], [-0.140588443048675, 40.481290764839294], [-0.140511095686024, 40.481394250056844], [-0.140422354648246, 40.481472032777745], [-0.140315877365234, 40.48157485509857], [-0.140047634608484, 40.481861147729546], [-0.139869140039738, 40.48205440161329], [-0.139773353542056, 40.48215801690756], [-0.139694194929653, 40.48226204305767], [-0.139660226197808, 40.48235004850466], [-0.139639133922541, 40.482428840479436], [-0.139617434817077, 40.48252191555514], [-0.139624834718957, 40.48261571227188], [-0.139646426318532, 40.4827134345781], [-0.139685186773807, 40.48279887286727], [-0.139800390543018, 40.48296432628112], [-0.140012827625717, 40.48325935944146], [-0.140095888514526, 40.48337505392703], [-0.140148377015402, 40.483475692220495], [-0.140186373423069, 40.48356322903001], [-0.140203853713583, 40.483643901344635], [-0.140205556078513, 40.483804424172675], [-0.140198712486652, 40.48408349257221], [-0.14018412970524, 40.484199050458976], [-0.14014004134173, 40.48432341004748], [-0.14004635941164, 40.484603768657365], [-0.139993507649174, 40.48478839583766], [-0.139980485567513, 40.48490805010818], [-0.139987980062653, 40.48503456801237], [-0.140002368954103, 40.48509776174653], [-0.140037004928702, 40.485174166158146], [-0.14015616493168, 40.485328212209126], [-0.140258267224897, 40.48549014763519], [-0.140339582239676, 40.48565156912258], [-0.140422707950977, 40.48581939001471], [-0.140462191585677, 40.48590324895312], [-0.140491215166105, 40.4859884377526], [-0.140499546116367, 40.48604090328743], [-0.140493124510819, 40.48609777017033], [-0.140482742531508, 40.48630053683172], [-0.140477644048356, 40.48636299665828], [-0.140480725862273, 40.486428837705965], [-0.140502304187975, 40.48658949775349], [-0.140521680995729, 40.486715252377365], [-0.140520406969077, 40.48683731789176], [-0.140446642168255, 40.487092395609444], [-0.140414659020513, 40.48720571124615], [-0.14036215839157, 40.48731216327695], [-0.139942436284828, 40.48787554598928], [-0.139817386968372, 40.48800605178417], [-0.139720899224622, 40.48814997411378], [-0.139557092630344, 40.48843695394886], [-0.139426422009054, 40.488700477981894], [-0.139421198161381, 40.48874589649313], [-0.13942307579185, 40.48882008896623], [-0.139437262767151, 40.488873932708586], [-0.139464461346277, 40.488915388614195], [-0.139679837995058, 40.48912245547648], [-0.139727255047601, 40.48917524424188], [-0.139749996547008, 40.48922106629353], [-0.139783224528909, 40.48938234371764], [-0.139777331224949, 40.48950293916476], [-0.139768089359639, 40.48960438600539], [-0.139680859930342, 40.490017761828774], [-0.139612843347191, 40.49028898081665], [-0.139548119038736, 40.49053168415724], [-0.139505927520023, 40.490681115200914], [-0.139490255274192, 40.49073600452725], [-0.139483033615693, 40.490787925419774], [-0.139491552310264, 40.49091014244129], [-0.139494184508, 40.490975018463324], [-0.139488588548307, 40.491076215994966], [-0.139470518882705, 40.4911771054386], [-0.139436022323785, 40.49127282132076], [-0.139393479692434, 40.49136198235458], [-0.139266689175703, 40.491573992387096], [-0.139196854360828, 40.49168460445549], [-0.139125075272773, 40.491791990550155], [-0.139101558123551, 40.49182661368986], [-0.139065836999943, 40.49185457985602], [-0.139034611089351, 40.49187471298009], [-0.138995205422331, 40.491891465679764], [-0.138273150742938, 40.492022756029], [-0.137888009253082, 40.49208136524679], [-0.137813955522523, 40.49209935386931], [-0.137602790158942, 40.49215553036887], [-0.137386792744065, 40.49222747368803], [-0.136523221091564, 40.49249618938317], [-0.136060958058246, 40.4926118802515], [-0.135825669219726, 40.49266962142009], [-0.135712113896432, 40.49270018212737], [-0.13565520169622, 40.4927186368595], [-0.135610221840266, 40.49275009767454], [-0.135543661644408, 40.49280981844339], [-0.135489303863003, 40.49287619738022], [-0.135451127180475, 40.49292965505923], [-0.135416703139677, 40.49299273818739], [-0.135342628518516, 40.49314085332439], [-0.135329527287481, 40.49325307750597], [-0.135250523066687, 40.49352007496141], [-0.135213806877137, 40.49367009316646], [-0.135199096593192, 40.49379206017738], [-0.135190134849065, 40.493895167205025], [-0.135201693026723, 40.49400513881569], [-0.135281385709032, 40.494450357133324], [-0.135344230525228, 40.49464700414939], [-0.135423978232471, 40.49483771582258], [-0.135473945337445, 40.495043575680675], [-0.1355070100216, 40.49525537174728], [-0.135524252692388, 40.495480897784766], [-0.135507961260047, 40.495711946581494], [-0.135493217205935, 40.49580848079944], [-0.135453526549765, 40.49590439527557], [-0.135333376199554, 40.496076148065356], [-0.135280511146918, 40.49616800664823], [-0.135235421789896, 40.496272769133725], [-0.135204146050664, 40.49633978445839], [-0.135181051528418, 40.496410179597284], [-0.135166317848656, 40.49648893731639], [-0.13516405754358, 40.496568004487585], [-0.135165889042452, 40.49664876205034], [-0.135183945654148, 40.49673945451065], [-0.135261793699283, 40.49689087636813], [-0.135294479942598, 40.49696643207948], [-0.135306647692911, 40.49703512414869], [-0.135386751170549, 40.497343372972395], [-0.135398307913405, 40.497519582863426], [-0.135403410722373, 40.49762355847661], [-0.135396445249653, 40.4977177023403], [-0.135365061489637, 40.49780304025005], [-0.13533100573076, 40.49785335835126], [-0.1352105350186, 40.49796871043442], [-0.134772296797042, 40.49826552478481], [-0.1343393594751, 40.4985089758615], [-0.134257677677146, 40.4985510166989], [-0.13419899932691, 40.498590451521196], [-0.134152456756085, 40.4986381309887], [-0.134104969023684, 40.49870802946141], [-0.134045050487654, 40.49880863222416], [-0.133995172131054, 40.498966681029536], [-0.133985467906805, 40.49911970198384], [-0.133997769753806, 40.499244672030486], [-0.134035857685721, 40.499409257302695], [-0.134076244038121, 40.49951988048093], [-0.134161781632993, 40.499638868754246], [-0.134230636844484, 40.499709780233175], [-0.13454346874956, 40.499961674937374], [-0.134694330793551, 40.500081282227264], [-0.134893808775341, 40.5002196299888], [-0.13503783922172, 40.50035810413354], [-0.135197558005056, 40.5005192107024], [-0.135466083933525, 40.50078064848461], [-0.13558645346216, 40.50094438667492], [-0.135676665843466, 40.50103429373596], [-0.13604793596507, 40.50136217070758], [-0.136209568161465, 40.5015032714341], [-0.13637697948984, 40.50160638400229], [-0.136564540105658, 40.50171224779941], [-0.136660534359492, 40.50176205763005], [-0.136757475477168, 40.50178964747785], [-0.136868888354924, 40.50180726837153], [-0.136928685808805, 40.50181776909068], [-0.13698875338854, 40.501821921867574], [-0.137229631572245, 40.5018242478357], [-0.137288979337067, 40.501826100175585], [-0.137354091109123, 40.50183921572098], [-0.137427774060839, 40.50187357922505], [-0.137487105965754, 40.5019028202919], [-0.137537985763382, 40.50193503046262], [-0.137640474548366, 40.502031241859704], [-0.13771358483392, 40.50213308135249], [-0.138006093935185, 40.502583609559615], [-0.138138969044842, 40.50273671399017], [-0.138208094237302, 40.50279903421219], [-0.138277759582747, 40.50284865766098], [-0.13883948084686, 40.50316441284372], [-0.139035388914988, 40.50328619804687], [-0.139214530543004, 40.50341074528975], [-0.139770004896543, 40.5038689393922], [-0.140418778466706, 40.50452943643628], [-0.140764606823464, 40.504954656383006], [-0.140939372906095, 40.50510267810634], [-0.141056460263073, 40.50523656138154], [-0.141233654314174, 40.50567427066144], [-0.141394528672705, 40.5061989485977], [-0.141573206348583, 40.50657259854223], [-0.141676021553479, 40.506962295638644], [-0.141767133222548, 40.5072342187862], [-0.141805102647747, 40.50741412082045], [-0.141840643550725, 40.507651158705904], [-0.141836671394808, 40.50798667917236], [-0.141862085512087, 40.50841277153178], [-0.14190871873856, 40.50873135265632], [-0.141969731016902, 40.508904296724054], [-0.142057043758554, 40.509046116888136], [-0.142303179111335, 40.509312460314234], [-0.142453478752247, 40.509446274239416], [-0.142554683186739, 40.50955980830879], [-0.142645811136741, 40.50972976468614], [-0.142687304126704, 40.509892138142554], [-0.142729066937705, 40.51004816365215], [-0.142727084336414, 40.51025394621287], [-0.142697827182015, 40.51057337461355], [-0.142680907436625, 40.510787049866074], [-0.142696987246221, 40.511007897220736], [-0.142785563240575, 40.511520217574756], [-0.142838407307655, 40.51176267595625], [-0.142837951832256, 40.51203427341201], [-0.142857906150752, 40.51221740421024], [-0.142904083710774, 40.512390806639964], [-0.142970673616176, 40.512475743347814], [-0.143482146133486, 40.51294394249078], [-0.144047588377762, 40.51334125339663], [-0.144337700340066, 40.513537312331806], [-0.144651387813823, 40.51370579873137], [-0.144775769257645, 40.513770173269165], [-0.144901227735993, 40.51380915408134], [-0.145412882154399, 40.51390593494693], [-0.145599836271993, 40.51395380053865], [-0.145794569260238, 40.51401456913218], [-0.146174911983509, 40.51415494367007], [-0.146985512669298, 40.51436535356421], [-0.147150055973721, 40.5144137545855], [-0.147256640323033, 40.51445436790622], [-0.147387371909594, 40.51451464332667], [-0.147468195016833, 40.51457368562881], [-0.147566781627357, 40.51470610012615], [-0.147645922346971, 40.51480481996777], [-0.1477296265144, 40.514894120123735], [-0.147973183732795, 40.515106465211595], [-0.148132165121324, 40.515230675609736], [-0.148252517696735, 40.51528402565029], [-0.148352199275125, 40.51529979755696], [-0.148452420427918, 40.515302872587206], [-0.148557069000771, 40.515299701359396], [-0.148645888575581, 40.51527707442], [-0.149115052554843, 40.51502755475193], [-0.149801908429889, 40.51462229985078], [-0.150445454284994, 40.51425572358634], [-0.15053250032205, 40.51421983867627], [-0.150627863811849, 40.51418415805214], [-0.150726848613021, 40.51416127773224], [-0.150825026559145, 40.514157442149816], [-0.150918844588096, 40.514158266437654], [-0.151020442328893, 40.514171991827766], [-0.151231148744118, 40.514218693286146], [-0.15169111726318, 40.51435781577049], [-0.152106518102985, 40.51451805807139], [-0.152299137310905, 40.51459818592445], [-0.152498461864215, 40.51471660919374], [-0.15272926585672, 40.51490167387043], [-0.152866938581412, 40.51500905374598], [-0.152971340018042, 40.51511561308747], [-0.153253246748401, 40.51545746758271], [-0.153492486497965, 40.515824425687796], [-0.153812149184317, 40.51635844965068], [-0.154115006471309, 40.51694307015655], [-0.15417574302019, 40.51701816534405], [-0.154237822898033, 40.51706151875072], [-0.154354470913652, 40.517128974699666], [-0.155363420023614, 40.51778641878471], [-0.156066679715258, 40.518222755292086], [-0.156259882551049, 40.51835184808432], [-0.156460330462695, 40.518506538333355], [-0.156866862982749, 40.51887960902433], [-0.156962921967966, 40.51896541205463], [-0.157212111191883, 40.51918387450548], [-0.157417427557689, 40.519356770432225], [-0.157651504977858, 40.51950227050993], [-0.157931604949098, 40.519642548350156], [-0.158121233457216, 40.51969542083879], [-0.158298116013435, 40.519754334833365], [-0.158480230544301, 40.51978795616521], [-0.158650940304594, 40.519795876303796], [-0.15889843271229, 40.51980213940711], [-0.159146729795088, 40.519789357037325], [-0.159484252261813, 40.51973428333067], [-0.159712019819378, 40.51971463916974], [-0.160460204420783, 40.519755652485024], [-0.160989539155243, 40.51979745088677], [-0.161254208000595, 40.51981834921427], [-0.161364940411145, 40.519847333163995], [-0.161425759704274, 40.5198750890296], [-0.16153163763781, 40.519938775505615], [-0.161643959470447, 40.52004710530221], [-0.161898129711328, 40.52035346307122], [-0.161988848410858, 40.52052077692665], [-0.16203045746467, 40.52066781889266], [-0.162051119228092, 40.52085643235248], [-0.162023206639347, 40.52101207700892], [-0.161986745162483, 40.52117428767845], [-0.161901708948011, 40.52130352857379], [-0.161833878908911, 40.521395524935436], [-0.161742430759831, 40.521455164904914], [-0.161633891396832, 40.521504461363634], [-0.161457592038544, 40.52158068900989], [-0.160596086500181, 40.521831683553025], [-0.160521184299323, 40.521868918577745], [-0.160453797400269, 40.521925404017566], [-0.160382115284802, 40.52198496153736], [-0.160326000029793, 40.52207032211924], [-0.160293150986491, 40.5221579797851], [-0.160274793974618, 40.522296835269884], [-0.160303062560307, 40.52248705198978], [-0.160327667013531, 40.52272034760873], [-0.160334554449778, 40.52289515488201], [-0.160359152910481, 40.52304497749279], [-0.160404751019199, 40.52319055082573], [-0.160460008610392, 40.52330458593962], [-0.160519436410012, 40.52337507987892], [-0.160596307283417, 40.52342693711646], [-0.160743668560178, 40.523471447542434], [-0.160892370402911, 40.5234842158858], [-0.161055679379393, 40.52348347654689], [-0.161227844401941, 40.52347024369227], [-0.161954382582774, 40.52333255211727], [-0.162645024649132, 40.52318286337307], [-0.162776692999182, 40.52313660503445], [-0.162896528894576, 40.5230976317917], [-0.162948528138035, 40.52306841817624], [-0.163000796407754, 40.523032855632515], [-0.163137929661465, 40.52288780634221], [-0.16341645345762, 40.522504669672024], [-0.163511004227471, 40.52237791952596], [-0.163656230069279, 40.52218901483159], [-0.163788707687117, 40.52200615140732], [-0.164081591377468, 40.52179387482774], [-0.16439286293429, 40.5216392442186], [-0.164552295024671, 40.52158859456595], [-0.164702604077439, 40.52155678631374], [-0.165002152326782, 40.52151856231603], [-0.165128859893676, 40.52151056744089], [-0.165255433606135, 40.52150574689869], [-0.165459809571706, 40.52151715149402], [-0.165624799012756, 40.52155133558584], [-0.165732831319861, 40.52160318696369], [-0.165829826850729, 40.5216833437403], [-0.165899919647372, 40.52175966232807], [-0.165950933050179, 40.521845045839484], [-0.165966992570018, 40.5219200381009], [-0.165973344983031, 40.52201662477753], [-0.16595500800664, 40.52210625082494], [-0.165932376137447, 40.522198948305025], [-0.165893374538045, 40.522284889350935], [-0.165605812957809, 40.52271670886195], [-0.164765247446348, 40.52377690691606], [-0.164597756519657, 40.523979343623054], [-0.164463523767996, 40.524111724216475], [-0.164312919425064, 40.524237346145505], [-0.163934957448647, 40.52453119089794], [-0.162746358786663, 40.52548845428688], [-0.162546389208087, 40.52565495878665], [-0.16245875094759, 40.52574169209029], [-0.162357158375714, 40.52586303497924], [-0.162232930035913, 40.526045735421334], [-0.161951054653471, 40.52651572618592], [-0.161703103551154, 40.52704295171209], [-0.161635667624836, 40.52722342304894], [-0.161592387163503, 40.52742355380864], [-0.161601474507446, 40.52765117042839], [-0.161644645456128, 40.52786056021897], [-0.161739706203192, 40.52804933980662], [-0.161813003139986, 40.52813569350392], [-0.161887103143651, 40.528203002169555], [-0.16207535820925, 40.528326292822186], [-0.162256633428122, 40.52841763587246], [-0.16272235543407, 40.52859574353407], [-0.163376712569988, 40.52878959534786], [-0.164146307974347, 40.528987074769546], [-0.164409195330832, 40.529081617868364], [-0.164547014294183, 40.529179445342365], [-0.164670283092483, 40.52927767194632], [-0.164747085641083, 40.52936211029105], [-0.164790339082604, 40.52945208025013], [-0.16481994787247, 40.5295765839706], [-0.164813597470664, 40.529763755261634], [-0.164811914209475, 40.529964508784985], [-0.164760845417865, 40.53015133943751], [-0.164596402395246, 40.53042507183743], [-0.164358505425309, 40.53068382684974], [-0.164321687383978, 40.530723873096115], [-0.164110776377712, 40.5308909103016], [-0.163902673019839, 40.53099135169009], [-0.163608638206452, 40.5310694378752], [-0.163482288179773, 40.53111216619872], [-0.163363989797405, 40.53116144681182], [-0.162795285192254, 40.53152524089607], [-0.161930491333733, 40.53217619166068], [-0.161661252479568, 40.53238298593322], [-0.161215604287114, 40.53272526865372], [-0.161018177621534, 40.532916831316605], [-0.160878456410165, 40.53312252368345], [-0.160808527373531, 40.533323954991346], [-0.160795646936911, 40.533531587340676], [-0.160825965718187, 40.53366328549271], [-0.160864872802247, 40.533788839328764], [-0.161053524503069, 40.53397680706956], [-0.161309636342117, 40.53409499052177], [-0.161755093705177, 40.53426071539083], [-0.162167594650422, 40.53449307195696], [-0.162401779390572, 40.53466231288025], [-0.162619055806526, 40.534837493299264], [-0.162718460960736, 40.53498437625614], [-0.16274722806877, 40.53506048096704], [-0.162759621682894, 40.53512982869066], [-0.162754467354625, 40.535251921179814], [-0.162568435737026, 40.53586400070307], [-0.162363028835341, 40.536512722433734], [-0.162344955287655, 40.53654890341654], [-0.162253227982348, 40.53677611707088], [-0.162242217190927, 40.53685201157833], [-0.162239527911913, 40.536928111524915], [-0.162291870058605, 40.537240500622254], [-0.162444420013614, 40.537766458703636], [-0.162521282895367, 40.53806516307793], [-0.162678168567322, 40.53843885298021], [-0.162761392470783, 40.53858693879181], [-0.162812404046023, 40.538708811827206], [-0.162898320542971, 40.53926090913015], [-0.163054558181352, 40.54010934459911], [-0.163070212553242, 40.54027707006543], [-0.163061706170075, 40.54042513712772], [-0.163032151926538, 40.54049779367431], [-0.16298568666274, 40.54057639014705], [-0.162763030368801, 40.54090215923037], [-0.162721123675441, 40.5409681575187], [-0.162703377798194, 40.54105381427055], [-0.162703124448494, 40.54125380270604], [-0.162713754319083, 40.54165088541484], [-0.162711824757746, 40.54190063269145], [-0.162742384717041, 40.54219719273989], [-0.162707930197643, 40.54253209210631], [-0.162698537223226, 40.542623394483606], [-0.162657878143936, 40.54267816075162], [-0.162601379844431, 40.54271347302794], [-0.16250801286344, 40.54274278463251], [-0.162414915079641, 40.54276574818025], [-0.162338629870002, 40.542788469173715], [-0.162287043428702, 40.54281815181243], [-0.161915379358456, 40.54313429626299], [-0.161555220345257, 40.54337131286237], [-0.161162577488899, 40.54358846394846], [-0.160937861580545, 40.543710756767084], [-0.160064860485966, 40.54418229853573], [-0.159929624494117, 40.54426565900206], [-0.159544244512709, 40.544426950115216], [-0.158892808145842, 40.54468041626339], [-0.158417678333535, 40.54482541381556], [-0.158106218407534, 40.544956773547014], [-0.157792340081306, 40.54514526960686], [-0.157534745061418, 40.545330651486296], [-0.157282784938657, 40.54557972283134], [-0.157036194101347, 40.545908899979636], [-0.156868859722536, 40.54621132158971], [-0.156732662787509, 40.54656535102554], [-0.156606850494808, 40.54709470743076], [-0.156542129202759, 40.54760584797446], [-0.156547158327349, 40.54791788617379], [-0.156611249387444, 40.54821231440876], [-0.156854202327653, 40.54898739950149], [-0.156950167350622, 40.5494143006308], [-0.157022446085673, 40.54964423776502], [-0.157161305758324, 40.54987581355561], [-0.157242839113896, 40.549975381113754], [-0.15733430667872, 40.550037063014265], [-0.157750573938627, 40.55024189697812], [-0.158030193285638, 40.550328973970394], [-0.158388861100062, 40.5503943935899], [-0.158731691236526, 40.55044035584008], [-0.159591735854537, 40.55048124035463], [-0.159928126301772, 40.55045231947857], [-0.160198739336105, 40.55040271490003], [-0.160709506663354, 40.55028156343264], [-0.161069660150515, 40.55017577151888], [-0.161475930077192, 40.549942541603734], [-0.161898493728961, 40.5496895760647], [-0.162077136727924, 40.54958263134833], [-0.162380895453653, 40.5494299210435], [-0.16268250879498, 40.54932799753045], [-0.163558070054111, 40.54900111588661], [-0.164273941183365, 40.548578276480285], [-0.164614352221762, 40.54835667344139], [-0.164912881685841, 40.54814039634655], [-0.16568729261355, 40.54735086755838], [-0.166511651720139, 40.54639822152899], [-0.166800464769091, 40.545942203240664], [-0.166980281750052, 40.54550257508554], [-0.16703938288012, 40.54512276117859], [-0.167074019406728, 40.54450569908617], [-0.167109682583341, 40.544293371314936], [-0.167194206260601, 40.54410766265741], [-0.167427354196229, 40.54387433326215], [-0.167611834202651, 40.543734239361804], [-0.16779426408028, 40.54363052100109], [-0.167968238334871, 40.543529772672564], [-0.168256184557014, 40.543444587424474], [-0.168543059879148, 40.54338479629324], [-0.169062025356935, 40.5433383609911], [-0.169211609423706, 40.543334410578375], [-0.169406696978649, 40.54333793115366], [-0.169543516943141, 40.54336331375945], [-0.169946383155842, 40.543509258855906], [-0.170329397729196, 40.54373097662632], [-0.170712645095543, 40.54404275136037], [-0.171494707681952, 40.544706122057065], [-0.172212381504798, 40.54546651257174], [-0.172792062913173, 40.546230092903], [-0.173022360349796, 40.54669587961674], [-0.173083730860168, 40.546891192832994], [-0.173078790257325, 40.54707852677191], [-0.173002504789099, 40.547358883250084], [-0.172920055845305, 40.54748877244444], [-0.172717775059127, 40.547636767825814], [-0.17264407206383, 40.547698940264446], [-0.172542395613783, 40.54783252591889], [-0.172487238309085, 40.54786601047271], [-0.172377022255469, 40.54794123794061], [-0.1723047855132, 40.547979866038766], [-0.172227383207165, 40.548039605711], [-0.17196632668192, 40.54824108972516], [-0.171920311105195, 40.54826886397993], [-0.171453480062406, 40.54855062849962], [-0.171194152587591, 40.54877434778637], [-0.170923724523814, 40.549056956609554], [-0.170860845637262, 40.549127833793904], [-0.170822667517715, 40.54920567178166], [-0.170787453934714, 40.54935282276235], [-0.170818553678347, 40.54950795348003], [-0.17082715169016, 40.5496005152857], [-0.170828096111419, 40.549677002578505], [-0.170809703160362, 40.54971808954958], [-0.170746603239563, 40.549810624521854], [-0.170699482980363, 40.54987972607351], [-0.170372693070456, 40.55027270211491], [-0.170166054172773, 40.550552870621374], [-0.169991902166035, 40.55085289981844], [-0.169218023540697, 40.55231505579346], [-0.169131132296747, 40.55253642487019], [-0.169030247222717, 40.552800069267555], [-0.168971243465891, 40.55305838604633], [-0.168982677585315, 40.553400489551876], [-0.169080799755536, 40.55365214358254], [-0.169238521873818, 40.55387348423636], [-0.16951492058896, 40.55408031728747], [-0.169834007696595, 40.5542627751682], [-0.170250609449174, 40.554397884673435], [-0.170523618983875, 40.55446373861631], [-0.170736533323537, 40.554524066753956], [-0.170956809685584, 40.55462785011047], [-0.171097438633302, 40.554753890012115], [-0.171247982453324, 40.554862755435025], [-0.171460451744909, 40.554933696261514], [-0.171750684701167, 40.55499996933027], [-0.171889823061842, 40.55497040083235], [-0.172029228611536, 40.55493448411557], [-0.172268542713188, 40.554763308519306], [-0.172269147845649, 40.55476287568308], [-0.172705107953201, 40.55443830396518], [-0.173171274844576, 40.553994623703794], [-0.173243782138712, 40.55392561319785], [-0.173496131838032, 40.55345849842219], [-0.173567726363737, 40.55319073623061], [-0.173790694593636, 40.553012136003645], [-0.173902750364659, 40.552929642066694], [-0.174064211096073, 40.552861067518634], [-0.174560735418952, 40.55273517619357], [-0.175569894682879, 40.55251007693614], [-0.176890079066183, 40.55226628037464], [-0.17804502758872, 40.55205787136623], [-0.17824410313907, 40.55203052493836], [-0.178424931243018, 40.552040863396236], [-0.178610746588238, 40.55213086092831], [-0.178736573623961, 40.55221281867303], [-0.17896852700587, 40.55243541364908], [-0.179116464179425, 40.55271590737574], [-0.179144139824995, 40.55276838153057], [-0.179179729963421, 40.552946954870855], [-0.179190616969851, 40.5531185690824], [-0.179116233901267, 40.55334726281638], [-0.179012019790663, 40.553472245148775], [-0.178908738619439, 40.55357500682121], [-0.178532070617874, 40.55379861588399], [-0.177790618333166, 40.55401056548066], [-0.177147730449473, 40.55413289089712], [-0.176864205932675, 40.554231570995], [-0.176621229876455, 40.55435666319458], [-0.176114310981698, 40.55474316373331], [-0.175219864502184, 40.55537259130762], [-0.175207868728649, 40.5553804258965], [-0.174990495718568, 40.55564440286475], [-0.174806950000151, 40.555896497169535], [-0.174782955059116, 40.5559717237393], [-0.174800043745815, 40.55606066585219], [-0.174847834628027, 40.556153864946666], [-0.174946453068245, 40.556268028298845], [-0.175022559110993, 40.55630275809856], [-0.175156998641489, 40.556384930497536], [-0.175191130509885, 40.55644146007211], [-0.17523757012858, 40.556518372407005], [-0.175265773942198, 40.55665042388722], [-0.175252627748126, 40.55677510896113], [-0.175174951014784, 40.55704329342478], [-0.175161881173992, 40.5570884177462], [-0.175055065456088, 40.55757881872552], [-0.174884986180949, 40.55834375889216], [-0.174870461980812, 40.558780390567755], [-0.174852432659376, 40.55932241728521], [-0.174864280162229, 40.5594607509826], [-0.174901098734141, 40.55959969669223], [-0.175109490285846, 40.5599729133942], [-0.175250337069746, 40.560107831155136], [-0.175466926750964, 40.56029302936335], [-0.17570230187889, 40.56042784552477], [-0.176015938783618, 40.560553077158986], [-0.176331446839778, 40.56063386885808], [-0.176749952151117, 40.56074194319186], [-0.177211948007997, 40.56080659373077], [-0.177737593887235, 40.560799178954994], [-0.178239602129295, 40.56075940920574], [-0.178699938463544, 40.560665266326005], [-0.179135835521456, 40.56055781339995], [-0.180046466580353, 40.560218518448046], [-0.181459031825216, 40.55955512820322], [-0.181549953260942, 40.5595124272493], [-0.182030123206044, 40.55936638443807], [-0.182152019819864, 40.559340434167424], [-0.182280642436719, 40.55935277914322], [-0.182635928219294, 40.559512641520996], [-0.183100944955611, 40.55972776919454], [-0.18333927331182, 40.55979932022186], [-0.183603433627193, 40.559871500993786], [-0.184181490300093, 40.5600630873591], [-0.184666488432356, 40.560212961398726], [-0.184854279034798, 40.56025654512387], [-0.185043135647653, 40.56027473433174], [-0.185516697293833, 40.560286281109164], [-0.185997300589848, 40.560319012366804]]}}, {"type": "Feature", "properties": {"id": "317471", "elemento": "Camí, senda, altres carreteres. VIES DE COMUNICACIÓ: CARRETERES, CAMINS", "texto_normalizado": "Pista del Mas de Marín"}, "geometry": {"type": "LineString", "coordinates": [[-0.176299259684132, 40.569816857502815], [-0.176415291244938, 40.569829954119925], [-0.176723502950094, 40.56985800859624], [-0.177092703461582, 40.56992858520059], [-0.177376651946505, 40.57000049605674], [-0.177526508659429, 40.57006228839073], [-0.177710332802854, 40.57016936251877], [-0.177882012632669, 40.570245365413626], [-0.17829890893204, 40.57035471746429], [-0.178489942377549, 40.570396999378694], [-0.178633283507761, 40.570400502987134], [-0.178775331368494, 40.57043474884811], [-0.178903224102302, 40.570485745180186], [-0.179114358542595, 40.570583226225494], [-0.179395299115915, 40.57072686413152], [-0.179563219672944, 40.57078567609711], [-0.180128661442821, 40.57088155442096], [-0.180727213831161, 40.57104320499905], [-0.180969422716219, 40.57114828080427], [-0.181132723158386, 40.57121039680784], [-0.181296454221069, 40.57126226568255], [-0.181467997718369, 40.571341679093], [-0.181577976259419, 40.571392235064636], [-0.181717446309695, 40.571487961577695], [-0.181818356665574, 40.571647713752675], [-0.181903500499821, 40.57175579114619], [-0.182066229692855, 40.57183156935043], [-0.182151264519382, 40.572049061733836], [-0.182357391153846, 40.57226609170074], [-0.182511805648104, 40.57253998625523], [-0.182647551465415, 40.572724522856305], [-0.182878264977431, 40.572996860915914], [-0.18314080237437, 40.57336571459814], [-0.183331525363836, 40.57373623537222], [-0.183423769414001, 40.57388893641068]]}}, {"type": "Feature", "properties": {"id": "317450", "elemento": "Camí, senda, altres carreteres. VIES DE COMUNICACIÓ: CARRETERES, CAMINS", "texto_normalizado": "Pista de la Giroveta"}, "geometry": {"type": "LineString", "coordinates": [[-0.16043640522952, 40.536201832691056], [-0.160168021523609, 40.53615471149611], [-0.159942579871299, 40.53611969701008], [-0.159473338448414, 40.53614130585501], [-0.159026502125868, 40.53620398403749], [-0.158638476187411, 40.5362460059318], [-0.158358424080745, 40.53636067301201], [-0.158208751652263, 40.53647486566287], [-0.158182302221721, 40.53652946854967], [-0.158232866816453, 40.536589651965905], [-0.158293077469108, 40.53665007188692], [-0.158845716572807, 40.53682575280976], [-0.15915937730998, 40.53694398006996], [-0.15928197988126, 40.537013302618725], [-0.159312786038921, 40.53708404947087], [-0.1592872704895, 40.53711657455738], [-0.159078630407697, 40.537140909656955], [-0.158386582941077, 40.537179133103045], [-0.158063897393457, 40.53716013937973], [-0.157938494654636, 40.53715705240488], [-0.157641480155314, 40.537216045294954], [-0.157519344457648, 40.53724987514487], [-0.157413234808814, 40.53724726260442], [-0.157332019101568, 40.53722684404107], [-0.157234467804394, 40.53713603525015], [-0.157101913248557, 40.53695964069498], [-0.15691676833864, 40.53688509265115], [-0.156286030355364, 40.53672957989376], [-0.155610952630903, 40.53659507413648], [-0.155102973668366, 40.5365052011307], [-0.154816859365204, 40.536420794647064], [-0.154730342340096, 40.53663967991242], [-0.154718975310792, 40.536794112327364], [-0.154716326738282, 40.53685666886479], [-0.154694229285188, 40.536922430036554], [-0.154384132754445, 40.537176324531146], [-0.154054903865878, 40.53731187083983], [-0.153777793373446, 40.53747080300566], [-0.153525411257833, 40.53772980189981], [-0.153300876577875, 40.538015272729346], [-0.153227116153658, 40.53816079945723], [-0.153147753467856, 40.53832460594795], [-0.153085480680306, 40.53876878894866], [-0.153056521303388, 40.53899646003632], [-0.153051688354415, 40.5391105334602], [-0.1529824473568, 40.53914934584593], [-0.152427892766195, 40.53947456285006], [-0.152367518775716, 40.539532012419656], [-0.152293286702656, 40.53968857690606], [-0.152193377098325, 40.53988134475675], [-0.152113708684993, 40.53993831734258], [-0.151980515460737, 40.54000502132819], [-0.151782602678269, 40.54000382187844], [-0.151594348053926, 40.539888668713495], [-0.151251460976733, 40.539548681601424], [-0.151174612803636, 40.539425225751046], [-0.151164680637017, 40.539203963426914], [-0.15110265376662, 40.53873092763202], [-0.151009945471446, 40.53852604057575], [-0.150875844995366, 40.53838643677338], [-0.150612752386918, 40.53832837293895], [-0.15002369454865, 40.53832856795092], [-0.149548833901356, 40.53836841543611], [-0.148866109484935, 40.53834771988971], [-0.148328156505613, 40.53839521317079], [-0.147796720153752, 40.538545085972096], [-0.147621327021368, 40.53858219309376], [-0.147417711745485, 40.538516382485405], [-0.147327290874158, 40.5384285041199], [-0.14714775364749, 40.53813674491629], [-0.147009282187338, 40.537901254096525], [-0.147024250698264, 40.537719284707265], [-0.147056162986678, 40.537394072589194], [-0.147051153812294, 40.53734145657401], [-0.146972861023856, 40.53730913238114], [-0.146809729301565, 40.53731338845941], [-0.146619752264672, 40.53735289707737]]}}, {"type": "Feature", "properties": {"id": "317726", "elemento": "Camí, senda, altres carreteres. VIES DE COMUNICACIÓ: CARRETERES, CAMINS", "texto_normalizado": "Pista del Muixacre"}, "geometry": {"type": "LineString", "coordinates": [[-0.113840188586937, 40.54508444177585], [-0.112905334338987, 40.54567401587215], [-0.111304571510065, 40.54568624359229], [-0.109500699741626, 40.54527682956336], [-0.108472067241072, 40.54475970591488], [-0.107926905216312, 40.544915432078156], [-0.106953930637297, 40.54460763841222], [-0.105934822799318, 40.54436889264614], [-0.105113897452773, 40.54388090701226], [-0.104188206700487, 40.543631932474945], [-0.10330823610964, 40.54328877238368], [-0.100875981203365, 40.54223935348859], [-0.099431297894561, 40.5421855112439], [-0.097113979059697, 40.541959611831594], [-0.09707582714515, 40.541700062742386], [-0.096357511248712, 40.54172746690349], [-0.095506038109814, 40.54180082431316], [-0.094683129522181, 40.54217675874386], [-0.094633403616374, 40.54260816985427], [-0.092554130050892, 40.54253568830275], [-0.091754003547423, 40.542741658481674], [-0.08990944863474, 40.54265638100085], [-0.089323148527467, 40.54263984454921], [-0.088664811549455, 40.542843915118354], [-0.088242099971859, 40.542656735847395], [-0.087968449601028, 40.54239387767425], [-0.087745408190526, 40.54009434582318], [-0.088187243379989, 40.53934543899935], [-0.088985277688318, 40.538862267403196], [-0.090829558146969, 40.53793393586689], [-0.091207051785499, 40.53751901508566], [-0.092075846628122, 40.5369462359481], [-0.093902984544118, 40.53613655354104], [-0.094362925395912, 40.536152607936415], [-0.095130768940036, 40.536271734574264], [-0.095616999810537, 40.536161345583174], [-0.096180812047122, 40.53587568843457], [-0.096912065823446, 40.53580280154166], [-0.097875343923938, 40.535644467055896], [-0.098253023429905, 40.53551127910415], [-0.098656377256659, 40.53568090804887], [-0.09926877959758, 40.53569752629864], [-0.10098296556052, 40.5354888420412], [-0.101711550194744, 40.535502766739], [-0.10211316415746, 40.53559610249022], [-0.102616423863703, 40.535688205775195], [-0.102948463027212, 40.535807720104394], [-0.103061750951515, 40.535769367746084], [-0.103424856291756, 40.535876535017536], [-0.103637345210228, 40.53590052536831], [-0.104003062670982, 40.53600130363358], [-0.104450237738532, 40.5361182191181], [-0.104704984349423, 40.53620784961363], [-0.105060453755244, 40.53623182287779], [-0.105706070613628, 40.53631643867705], [-0.10606713823688, 40.53637983032892], [-0.106313261797227, 40.536554366936365], [-0.106595181323455, 40.53666908107815], [-0.106935033247441, 40.53689018066286], [-0.107310540778089, 40.537252527686746], [-0.108002342982522, 40.537891170178916], [-0.108839809128297, 40.538900530009364], [-0.109326039834724, 40.53870646785258], [-0.109621409727863, 40.53883134369195], [-0.110059801793861, 40.53922633010738], [-0.110304252808832, 40.53952512162261], [-0.11032098926925, 40.53990699755191], [-0.110366464407313, 40.540336460674965], [-0.110685551792025, 40.541015866245885], [-0.110879351057942, 40.54109935884394], [-0.111021133630426, 40.541194630535394], [-0.111154058913138, 40.54129622772187], [-0.111262966487981, 40.541357923719595], [-0.111359163183, 40.54137969256654], [-0.111458474913393, 40.54140216617321], [-0.112100631405894, 40.54175328830432], [-0.112988519782, 40.542308439757875], [-0.113439288555789, 40.54242730756675], [-0.113845723599979, 40.54260861533008], [-0.114174487044944, 40.54298366617554], [-0.113890404047921, 40.543430070684956], [-0.113646559225953, 40.543909255054466], [-0.113913917928843, 40.544588886998255], [-0.113824173868522, 40.544855928703036], [-0.113913844394274, 40.54511049715395]]}}, {"type": "Feature", "properties": {"id": "316921", "elemento": "Riu de 5t orde i de 6t orde (torrent, barranc). CURSOS D'AIGUA NATURALS", "texto_normalizado": "Barranc de la Rourera"}, "geometry": {"type": "LineString", "coordinates": [[-0.124692204293563, 40.52995635225252], [-0.125146163094599, 40.53053961377759], [-0.125648517109148, 40.530965201436636], [-0.126356166243025, 40.53145944723051], [-0.127150418795708, 40.531876405719494], [-0.127697788143551, 40.53222366575788], [-0.128082264628869, 40.53297200770467], [-0.128278294746077, 40.533501177334806], [-0.12838106286206, 40.53402008350611], [-0.128379028501106, 40.53406769626918], [-0.128551091033622, 40.53418318948278], [-0.128983061889063, 40.53455140457294], [-0.129469752213805, 40.534857429259716], [-0.129941067595595, 40.53503596739065], [-0.130449143006609, 40.53557289031446], [-0.1306497057975, 40.535752639977105], [-0.131047784521471, 40.536183556258095], [-0.131097994947265, 40.53647078238989], [-0.131342727912719, 40.53678667333303], [-0.131634435631166, 40.537270551301624], [-0.131918456199901, 40.53769068731768], [-0.132528789185468, 40.538516119929184], [-0.133234290727271, 40.53881961918504], [-0.134310616906543, 40.53897344247733], [-0.135100446033636, 40.539008932917845], [-0.135504408808614, 40.53905867575003], [-0.135565463379068, 40.53909196620162]]}}, {"type": "Feature", "properties": {"id": "317119", "elemento": "Camí, senda, altres carreteres. VIES DE COMUNICACIÓ: CARRETERES, CAMINS", "texto_normalizado": "Carreró dels Llivis"}, "geometry": {"type": "LineString", "coordinates": [[-0.113627072844008, 40.563113208814634], [-0.113453941385151, 40.563021497663144], [-0.113447289808292, 40.56293395035473], [-0.113469293744338, 40.56266441155964], [-0.113413347581631, 40.562512079874296], [-0.113290025744599, 40.56223096349065], [-0.113276380765207, 40.56206380279033], [-0.113327894020306, 40.56183472075033], [-0.113253526262309, 40.561626321810095], [-0.113157327077798, 40.56144120884237]]}}, {"type": "Feature", "properties": {"id": "316859", "elemento": "Camí, senda, altres carreteres. VIES DE COMUNICACIÓ: CARRETERES, CAMINS", "texto_normalizado": "Camí de la Canada"}, "geometry": {"type": "LineString", "coordinates": [[-0.187240477686391, 40.59274298850604], [-0.186722266332462, 40.591681771471514], [-0.186754402091589, 40.59141246407592], [-0.187196571768238, 40.59031110313372], [-0.187080120219842, 40.589609206570714], [-0.186433989298835, 40.58762338437945], [-0.185736092495699, 40.585382093174964], [-0.184170906099522, 40.58394580328258], [-0.183688606472795, 40.58352095614079], [-0.183461451272803, 40.5829752316892], [-0.183216440622583, 40.58186213067066], [-0.182621923306111, 40.58113267406551], [-0.182605455791941, 40.58003602061754], [-0.182997151593689, 40.578647463268105], [-0.183223965220005, 40.57820814237409], [-0.182975851740948, 40.57716938667815], [-0.183863084717091, 40.57588824410478], [-0.183883064661069, 40.575412100550096], [-0.183494906805468, 40.57324190061883], [-0.183714372727067, 40.570990870444405], [-0.184195718928761, 40.568953096306615], [-0.184795250251219, 40.56707707920046], [-0.184844889467918, 40.56421651171463], [-0.184114720200898, 40.56206776038966], [-0.183456955618582, 40.560490742909046], [-0.182941022524925, 40.5593818991359]]}}, {"type": "Feature", "properties": {"id": "317472", "elemento": "Camí, senda, altres carreteres. VIES DE COMUNICACIÓ: CARRETERES, CAMINS", "texto_normalizado": "Entrador de Planet"}, "geometry": {"type": "LineString", "coordinates": [[-0.120886724270953, 40.554279876676524], [-0.120978627833561, 40.55437113971494], [-0.121250618611194, 40.55434296965785], [-0.121704817306529, 40.55424308218597], [-0.121852372285377, 40.55420227571121], [-0.121976943349733, 40.55421173695271], [-0.122222333128758, 40.55422103230934], [-0.122642014568615, 40.5541488774682], [-0.123212185897152, 40.5540645846486]]}}, {"type": "Feature", "properties": {"id": "323900", "elemento": "Riu de 5t orde i de 6t orde (torrent, barranc). CURSOS D'AIGUA NATURALS", "texto_normalizado": "Barranc dels Lladres"}, "geometry": {"type": "LineString", "coordinates": [[-0.170784854240285, 40.523446728878454], [-0.170666953145537, 40.52367935615534], [-0.170485844910414, 40.523983402118915], [-0.170298837159022, 40.52427857425326], [-0.170193164092123, 40.52454243429457], [-0.170132258932342, 40.524779635618195], [-0.170103694717144, 40.52503749867928], [-0.170064350818764, 40.5251831958833], [-0.169995934227434, 40.52532588452727], [-0.169942273371569, 40.52549106112895], [-0.169834631465335, 40.525640712775235], [-0.169724165240514, 40.52575852019225], [-0.169690299305602, 40.52583303029281], [-0.169688108363745, 40.525946448160816], [-0.169740855755702, 40.526178433144935], [-0.169807179750931, 40.52642989401484], [-0.169931857168762, 40.526676430576366], [-0.169903137610223, 40.52683903980877], [-0.169820147827564, 40.52704478664036], [-0.169774865546998, 40.52724510311731], [-0.169763974199129, 40.527454932083785], [-0.169774004889777, 40.52756106901739], [-0.169801076342143, 40.527658090393224], [-0.169925013743139, 40.52777689588748], [-0.170032943319756, 40.527830265721974], [-0.170203718956285, 40.52787093532797], [-0.170325767596407, 40.52795956574948], [-0.170530683935489, 40.5281033633578], [-0.170876585716223, 40.52842828699109], [-0.171232681513688, 40.528708973446236], [-0.171664561165005, 40.52901536651303], [-0.171784449251818, 40.52917926382916], [-0.171931456055848, 40.529391488062004], [-0.171980508098066, 40.52953376114097], [-0.172024500236625, 40.52966098164298], [-0.172127803847728, 40.52976423459043], [-0.172164189878625, 40.52982656965428], [-0.172151190153747, 40.529874984990805], [-0.1721186211789, 40.52995745301709], [-0.172018361656585, 40.530031141911465], [-0.171902262761886, 40.53008537798477], [-0.17179654543466, 40.5301271959438], [-0.171699147574991, 40.53016921850516], [-0.171553222174949, 40.53025446061243], [-0.171459972395936, 40.53034573895345], [-0.171399470215865, 40.53045053054669], [-0.171311170355418, 40.5305225212085], [-0.171222270350899, 40.530608796104914], [-0.171194344510643, 40.53066793804414], [-0.171203601484762, 40.53078359815637], [-0.171224526804568, 40.53094028574213], [-0.171237666799845, 40.53108407244579], [-0.171225819947361, 40.531131774611424], [-0.171214239090396, 40.531173127777734], [-0.171131901419781, 40.53127662850557], [-0.171116051383959, 40.53131942270169], [-0.17111771995306, 40.53139124415032], [-0.171160457386334, 40.53166034880696], [-0.171147196390838, 40.53171673983059], [-0.171128418920659, 40.53173669467675], [-0.171097294754861, 40.53175316834186], [-0.170994405411235, 40.53177719614865], [-0.170941013465764, 40.5317859849956], [-0.170903862717713, 40.531804704160855], [-0.17088003360144, 40.531839780848095], [-0.170818704747119, 40.53192477912875], [-0.170809303692918, 40.53196263050111], [-0.170820970049858, 40.531994643509435], [-0.170849131367264, 40.53204289996057], [-0.170856016536793, 40.53217554727137], [-0.170863185568633, 40.532252594394336], [-0.170885702873758, 40.53229754468484], [-0.170941502151141, 40.53234331050334], [-0.171026447444029, 40.53239933273724], [-0.171111793664447, 40.53244583236312], [-0.171149207506738, 40.53248319419962], [-0.171163948278342, 40.5325644863915], [-0.171141532312803, 40.53270190746941], [-0.171128298327178, 40.53284347887532], [-0.171154055395087, 40.532923825008], [-0.171153774276036, 40.53297970178104], [-0.171134620256294, 40.53300536879864], [-0.171097021187486, 40.53302448686251], [-0.171051502953461, 40.53303387760332], [-0.170970531503316, 40.53306085004981], [-0.170910836247423, 40.53309660703917], [-0.170860730594986, 40.53315053061028], [-0.170792647453177, 40.53323579028485], [-0.170717729678364, 40.53326368101447], [-0.17059919476907, 40.53328891391372], [-0.170553492858936, 40.53330125973482], [-0.170517924002945, 40.53332020848448], [-0.170491620316329, 40.533363992085164], [-0.170487895471599, 40.5333845255886], [-0.170492425007386, 40.533406850265465], [-0.170492045740941, 40.53345281845454], [-0.170495024088464, 40.533517934566596], [-0.170453844155074, 40.53355813618636], [-0.170403873898547, 40.53359735763909], [-0.170352157398254, 40.533628591880934], [-0.170320296548355, 40.53363873138696], [-0.170280649028673, 40.53363596991381], [-0.170211138920604, 40.53362532744598], [-0.170149816443562, 40.533618062475824], [-0.17012086201503, 40.53362766967924], [-0.170091240488934, 40.53365314840282], [-0.17007918802627, 40.533692102951655], [-0.170079617410117, 40.53373136344519], [-0.170099643759414, 40.53384921060313], [-0.170121502613815, 40.53389849899634], [-0.170123510528924, 40.53393722351791], [-0.170111832090032, 40.53396104155484], [-0.170096127848141, 40.53398158315775], [-0.170089583249901, 40.534038099925425], [-0.170103439685511, 40.53410465001268], [-0.170144275753137, 40.53434434470957], [-0.17015517168721, 40.53450442460105], [-0.170189083904255, 40.534661889973385], [-0.170173332550835, 40.53478992287214], [-0.170050276230715, 40.53502165789892], [-0.169973447649549, 40.53514342880777], [-0.169953156708281, 40.53516951900624], [-0.169882939583203, 40.535194385364], [-0.169801890213092, 40.53521856459995], [-0.169684053464444, 40.535289389376416], [-0.169568639278661, 40.535401581533044], [-0.169368503416081, 40.535598884719974], [-0.169222786757127, 40.53578957837223], [-0.169133435364778, 40.53587621334205], [-0.16904903539051, 40.53592332338034], [-0.168977925310624, 40.5360009452041], [-0.168792298418286, 40.53623700998954], [-0.168622307928837, 40.536497290183824], [-0.168556146033576, 40.536588494401066], [-0.168465956578442, 40.536656865912086], [-0.168328466202078, 40.53686240318541], [-0.168135957431925, 40.53713808572636], [-0.167894693354083, 40.53748657088996], [-0.167671465425551, 40.53770233049351], [-0.167560450991481, 40.53784322644882], [-0.167444615947984, 40.53797831775013], [-0.167383365580169, 40.53801331319845], [-0.167306141847926, 40.53803202883043], [-0.167223895181041, 40.53803627894287], [-0.167177940744852, 40.53801733055245], [-0.167125945757235, 40.537993467295195], [-0.167057858779674, 40.53794424019184], [-0.166980976738277, 40.537856666898435], [-0.166893600503111, 40.53779782582222], [-0.166785021024908, 40.537747996705086], [-0.166617021620096, 40.537737939850636], [-0.166461369774736, 40.53773136445385], [-0.166405222260681, 40.537745011371875], [-0.166332704717915, 40.537801154331085], [-0.166284460825582, 40.53788558938243], [-0.166246675414493, 40.53798019628015], [-0.166224462510964, 40.5381006065141], [-0.166180026936312, 40.538230366620745], [-0.166127002866839, 40.53836627049617], [-0.166117813920865, 40.53842352730971], [-0.166129963762521, 40.53846859689993], [-0.166157387066977, 40.538508127240796], [-0.166213132425992, 40.53856741746724], [-0.166259927508928, 40.53863992497451], [-0.166256887558815, 40.53871201361564], [-0.166186886782814, 40.53884350069953], [-0.166175087828012, 40.53890108436336], [-0.166187047272135, 40.538987850061794], [-0.166219112701698, 40.53913774917474], [-0.166274269327018, 40.53922319183497], [-0.166327614484798, 40.53930223540438], [-0.166565493426042, 40.53950388924127], [-0.166721955526158, 40.53968771614836], [-0.166818960801764, 40.53990143704916], [-0.166907981578264, 40.54010701845285], [-0.166914261164774, 40.54015594491701], [-0.166899736889489, 40.54020436086228], [-0.166861608419913, 40.54028272757602], [-0.166827773505569, 40.54035802278989], [-0.166776338027493, 40.54059066845567], [-0.166717356855946, 40.54073278276608], [-0.16666261106217, 40.54092256547481], [-0.166647186253593, 40.540991124669965], [-0.166671094235385, 40.54111466733537], [-0.16671782007458, 40.54122725513418], [-0.166720312473404, 40.5412846266132], [-0.166748304413231, 40.54132991287752], [-0.16678219163658, 40.54136405054379], [-0.166816046685661, 40.54137517933852], [-0.166869160838657, 40.54137406974026], [-0.167014693160577, 40.54132450556496], [-0.167087415189641, 40.54131357995092], [-0.167146249971543, 40.541335677218584], [-0.167208208189337, 40.54134434745454], [-0.167295667056779, 40.54134093234831], [-0.167728657881805, 40.54135155557092], [-0.168038153397865, 40.54139641622597], [-0.168280942886659, 40.54144281676724], [-0.168349622142873, 40.54146377588073], [-0.168410004478792, 40.54149872505567], [-0.168504214349647, 40.541571046202094], [-0.168519239046123, 40.541612412019155], [-0.168526424120836, 40.541740968334004], [-0.168533661505195, 40.5419065276425], [-0.168522193833267, 40.54198452284573], [-0.168478330925121, 40.54201152170653], [-0.168455529405076, 40.542045652925175], [-0.168450715989706, 40.54209770295937], [-0.168470511811338, 40.54215784157968], [-0.168517060892588, 40.542225540391534], [-0.168567906163241, 40.54229016679941], [-0.168623185702399, 40.54234328891082], [-0.168681690171055, 40.54241873254609], [-0.168721302135864, 40.54248396069981], [-0.168812031953416, 40.54254266108683], [-0.168869049895844, 40.54256728539658], [-0.168951701259334, 40.54257665041132], [-0.169028899261409, 40.54262171061276], [-0.169149251121616, 40.542680539931986], [-0.169228547370443, 40.54271556965562], [-0.169316232821402, 40.542781811519404], [-0.16941504282369, 40.54288059358322], [-0.169451160984476, 40.54295893592876], [-0.169467220339601, 40.54307365757449], [-0.169474535403481, 40.543147182819176], [-0.169465975076901, 40.543220925921474], [-0.169429180073892, 40.54334801565449]]}}, {"type": "Feature", "properties": {"id": "317358", "elemento": "Riu de 5t orde i de 6t orde (torrent, barranc). CURSOS D'AIGUA NATURALS", "texto_normalizado": "Barranc de la Bellota"}, "geometry": {"type": "LineString", "coordinates": [[-0.185017823204184, 40.57553636663287], [-0.184902893447519, 40.575453582424394], [-0.18483622990511, 40.57540556405852], [-0.184695617209949, 40.57531966097517], [-0.184542245950824, 40.57529235640004], [-0.18437990152341, 40.57523341378442], [-0.184191995592467, 40.575169920247546], [-0.184050890380251, 40.57509578670621], [-0.183816166005691, 40.57502119832756], [-0.183376737882507, 40.57471409786033], [-0.183254163954849, 40.57457578609171], [-0.183209539827529, 40.57452543310767], [-0.183080170008779, 40.57429449178326], [-0.18285637569436, 40.57410444625179], [-0.182564213783494, 40.57394807768518], [-0.182505600235339, 40.573872027674035], [-0.182462753356844, 40.573788508194994], [-0.182398336304863, 40.57372802595033], [-0.182316508109649, 40.573714246194655], [-0.182045956799922, 40.57365658696195], [-0.181806276682622, 40.57359967991221], [-0.181731405826609, 40.573542870117926], [-0.181723750712681, 40.573479846206276], [-0.181754051214257, 40.57324887368067], [-0.18182337002502, 40.5730699093372], [-0.181842924155531, 40.57297220362366], [-0.181838400042083, 40.572834637706634], [-0.181767483685161, 40.57268366760883], [-0.181686974806157, 40.572638501570054], [-0.181560160165266, 40.572592204850345], [-0.181385062801178, 40.57259185655917], [-0.181245487333154, 40.57260415776636], [-0.181109738490551, 40.57264797030787], [-0.180966043311126, 40.572758353677514], [-0.180863837260629, 40.572861894961164], [-0.180769412470553, 40.57290278919088], [-0.180646920051554, 40.572876233653346], [-0.18055163526082, 40.572814996452784], [-0.180438737899166, 40.57268263767014], [-0.180311522474243, 40.572400690347266], [-0.180218840550891, 40.572154932581114], [-0.180158513708131, 40.57187461903925], [-0.180096702673788, 40.571629615302484], [-0.179938492050393, 40.571472585289364], [-0.179734671163787, 40.571420477201286], [-0.179316246276236, 40.57132777968839], [-0.178995741888568, 40.571233546621336], [-0.178615147489381, 40.57109857072078], [-0.17839388358419, 40.570971415499336], [-0.178148575767889, 40.57092614570111], [-0.177876225277872, 40.57091163228356], [-0.177637084477677, 40.57096469526301], [-0.17736476420058, 40.571071929118744], [-0.177071038105954, 40.571198274548514], [-0.176858610540879, 40.57122842541981], [-0.176638533807195, 40.57119555181951], [-0.176519510864451, 40.57108660319109], [-0.176246579330503, 40.570718613553524], [-0.175959372211802, 40.570322783126315], [-0.175757676783993, 40.57009791856416], [-0.175487944945508, 40.569898879788155], [-0.175135731500708, 40.56970174996569], [-0.174763107039311, 40.56950019147263], [-0.174478961721104, 40.56939898155966], [-0.174342530004135, 40.569336732098925], [-0.174264506439913, 40.56923271193218], [-0.174216337050216, 40.569031239479926], [-0.174162693102999, 40.56883748727079], [-0.174028409932942, 40.56872423538817], [-0.173864934955888, 40.568692741349246], [-0.173638401074773, 40.56869112294487], [-0.173482407028585, 40.56872657655821], [-0.173325233269293, 40.568667745152354], [-0.173145475216269, 40.568533742059884], [-0.172969022409121, 40.56832127229014], [-0.172784099316347, 40.56806539533182], [-0.172669406365423, 40.567976185450036], [-0.172513557104701, 40.56788596645491], [-0.172420436399366, 40.56777372097612], [-0.172448780881827, 40.567589831485684], [-0.172459049197963, 40.567468336189584], [-0.172462519410992, 40.56738594759762], [-0.172389316007903, 40.56728989853526], [-0.172242931109024, 40.567219548532094], [-0.172110162933297, 40.56719273139577], [-0.171991176397598, 40.567205525870776], [-0.171891279809655, 40.56725413400806], [-0.171810804818364, 40.56733070879602], [-0.171741940767678, 40.56737614907], [-0.171631424382094, 40.56743235106232], [-0.171462478810399, 40.56740857479014], [-0.171336673426171, 40.567338727914326], [-0.171163555259828, 40.567169537502494], [-0.170912754027909, 40.56688847939846], [-0.170679740991991, 40.566796367671444], [-0.170436043971029, 40.56674755693865], [-0.170322267675046, 40.56672476834351], [-0.170044956810204, 40.56670618783417], [-0.169671885203292, 40.5666381312325], [-0.169182144723245, 40.56652793916417], [-0.168903165252395, 40.56642684233095], [-0.168863828454791, 40.56638267630576], [-0.168387013150605, 40.566088214152735], [-0.168245553525575, 40.56600710373902], [-0.168014926139475, 40.565874865859534], [-0.167797174697268, 40.56566530314305], [-0.16757461140503, 40.565447767670626], [-0.167492949481799, 40.56530830765437], [-0.167478827001598, 40.56515479541419], [-0.167484785918125, 40.56501355825011], [-0.16747830459423, 40.56492307136339], [-0.167470994514581, 40.56485219984532], [-0.167386188401855, 40.564787281884385], [-0.167278818150897, 40.56476893854469], [-0.167169461512798, 40.56479767295183], [-0.167058614838296, 40.56486171675655], [-0.166961876046047, 40.56495752562252], [-0.166859000598503, 40.56507674753516], [-0.166796948422733, 40.565204826500526], [-0.166707505408653, 40.565249758677744], [-0.166624035550979, 40.565275200794396], [-0.166518320604894, 40.565217624165754], [-0.166289117737608, 40.56491352167617], [-0.166111526394891, 40.56460675865692], [-0.166004146599097, 40.56446666623738], [-0.165901580122744, 40.56433454707551], [-0.16578192433437, 40.56424128054591], [-0.165675217985243, 40.56420724255964], [-0.165540636759519, 40.56422357464954], [-0.165402908304737, 40.56431444766835], [-0.165301852171691, 40.56439051251495], [-0.165129935099063, 40.564437346191156], [-0.164941921548514, 40.564499492842394], [-0.164800537492184, 40.56455493018421], [-0.164674919372347, 40.5646029003174], [-0.164483749219969, 40.5646178402997], [-0.164306844227002, 40.5645388763403], [-0.164181383403073, 40.56446117502383], [-0.164060901248819, 40.56438752392639], [-0.164012937802603, 40.564303872040014], [-0.163875035046007, 40.564276919338035], [-0.163744271552539, 40.5643247620396], [-0.163605877573005, 40.56443132599105], [-0.163440932457356, 40.564556874833215], [-0.163327762115689, 40.56467584057198], [-0.163248772902902, 40.564717099803495], [-0.163117008437201, 40.564666734202575], [-0.162977774275152, 40.5645494199055], [-0.162884673096049, 40.56443716733438], [-0.162867240831393, 40.564240372929945], [-0.162891797392764, 40.56414672063216], [-0.162901251964356, 40.564044842880726], [-0.163019068643953, 40.56393777405765], [-0.163021721104924, 40.56387500231445], [-0.162983717098202, 40.56379944905465], [-0.162903895085068, 40.56373857746837], [-0.162759352075679, 40.56362506047582], [-0.162685337727544, 40.563548622026964], [-0.162583280866153, 40.56352647689672], [-0.162484875848758, 40.56353976749739], [-0.162388963014531, 40.56361595620484], [-0.162282760685692, 40.56369189098456], [-0.16221389552917, 40.563737326433724], [-0.162099559278781, 40.563762006472686], [-0.161939090947083, 40.563781625072515], [-0.161702618871074, 40.563771883830704], [-0.161488051305884, 40.563731261822085], [-0.161331398063088, 40.56366064559738], [-0.161185697992708, 40.56357458907176], [-0.160999174205132, 40.5634796731778], [-0.160811158941525, 40.563420067249616], [-0.160576181713, 40.56337501442857], [-0.160311666948614, 40.563297815607626], [-0.160128796883675, 40.563238335145584], [-0.159953394576039, 40.563124054588826], [-0.159826448728809, 40.56295991140734], [-0.159742649299181, 40.562749702243536], [-0.159644578030926, 40.562633396771986], [-0.15955330954738, 40.56259973301572], [-0.15915023620787, 40.56263301445835], [-0.158929201996792, 40.56262364748509], [-0.15880175899386, 40.562593019048656], [-0.158597986156116, 40.56241912930285], [-0.158292662709936, 40.562089573772106], [-0.158166719140243, 40.561901889739616], [-0.158143326829928, 40.56172458454953], [-0.158144991010897, 40.56156360565898], [-0.158069161392169, 40.56140857414084], [-0.157988184360757, 40.56137516162636], [-0.157880821448874, 40.56135680887166], [-0.157725503027018, 40.561376549344274], [-0.157593080544836, 40.561463616523525], [-0.157479739619547, 40.56158649945642], [-0.157367560932278, 40.56168192002939], [-0.157230491777909, 40.56175709094118], [-0.157110847394414, 40.56178556246605], [-0.156933128396991, 40.56172620383977], [-0.156761059420038, 40.56153345423387], [-0.156593967926539, 40.56134475501787], [-0.156265583309851, 40.561195282577465], [-0.155874474688055, 40.56106782845238], [-0.15557762321432, 40.56090342153523], [-0.155252243816478, 40.56056158157324], [-0.155017465522327, 40.56026910199025], [-0.154682958375254, 40.56002129127857], [-0.154343964609823, 40.55987940710836], [-0.154060879712376, 40.559876355510994], [-0.153774635257051, 40.55994784451194], [-0.153649684024877, 40.559980108754516], [-0.15338750760757, 40.55996971677018], [-0.15289867645968, 40.55983984190432], [-0.152640160737465, 40.559743137917515], [-0.152536962508617, 40.559626700038876], [-0.152577629017912, 40.55951773883435], [-0.152673393403852, 40.55932373515098], [-0.152728825109514, 40.5592308475228], [-0.152695646199354, 40.559163264235664], [-0.152587955780195, 40.55915275368317], [-0.152401610604638, 40.55917564792995], [-0.152084838329003, 40.5592385254141], [-0.151842575558678, 40.55924432976696], [-0.151611765007804, 40.55922292624236], [-0.151454467508652, 40.559167989379766], [-0.151234460000327, 40.55901332276543], [-0.150979794806808, 40.558704634887306], [-0.150868659557886, 40.55841127043916], [-0.150779733146111, 40.55832267500814], [-0.150476430057394, 40.55818951475819], [-0.150295081712344, 40.55809470949171], [-0.150088181277033, 40.55799534688394], [-0.149825032911516, 40.55788673998034], [-0.149558906759239, 40.557727003491074], [-0.149364960347297, 40.557565121697095], [-0.14917930448706, 40.55745057264909], [-0.148615011262191, 40.55727954303858], [-0.148191932711858, 40.55705701768152], [-0.147350930025884, 40.55661208883562], [-0.146957389651835, 40.55642170690651], [-0.146723281025511, 40.556357010988066], [-0.146311503088091, 40.55611119351464], [-0.145956141146929, 40.55587069743684], [-0.145539110727744, 40.55538518137395], [-0.145349490348486, 40.555243037362956], [-0.144982488714917, 40.555155415036516], [-0.144377551099923, 40.555093323930485], [-0.143831499394776, 40.55509945149137], [-0.14353948486793, 40.55506473532064], [-0.143392157031548, 40.555017889428065], [-0.143308221501992, 40.554933338956474], [-0.143198097914495, 40.55473817520242], [-0.142965697374671, 40.55451249431184], [-0.142857714465601, 40.55438807522388], [-0.142839340569927, 40.554214819382935], [-0.142697691174897, 40.55403458431414], [-0.142455707219052, 40.55367120922465], [-0.14200290998332, 40.55305912243404], [-0.14193060046539, 40.55294343993279], [-0.14173384806208, 40.552848240888906], [-0.141489805036939, 40.55277543332302], [-0.141354908669354, 40.55279958470181], [-0.141140056345423, 40.55276677238086], [-0.140952424085316, 40.552699288708055], [-0.140900021228901, 40.552599808024496], [-0.14078902466428, 40.55249349699962]]}}, {"type": "Feature", "properties": {"id": "317475", "elemento": "Camí, senda, altres carreteres. VIES DE COMUNICACIÓ: CARRETERES, CAMINS", "texto_normalizado": "Camí de Morella"}, "geometry": {"type": "LineString", "coordinates": [[-0.150381577434299, 40.567848077470856], [-0.150148403725186, 40.568176675580446], [-0.150019284644935, 40.56840145673168], [-0.149821449911464, 40.56860174387486], [-0.149705505851571, 40.56875085999545], [-0.149697770009331, 40.568933043621215], [-0.149690356406826, 40.5691076367434], [-0.149654368377346, 40.56925112864977], [-0.149565707688347, 40.56946171045572], [-0.149547693888395, 40.569651239601725], [-0.149489862145298, 40.569839785456196], [-0.149505542148154, 40.570174527173045], [-0.149245394062982, 40.570434065632234], [-0.149093777555231, 40.5707190821237], [-0.149064518182293, 40.57093872901474], [-0.149066049203271, 40.571371907454285], [-0.149191552014552, 40.57170176219181], [-0.149302909262511, 40.57213005452545], [-0.149326285609711, 40.572518178099685], [-0.149314033849959, 40.57280663649478], [-0.149308552774337, 40.57293568290817], [-0.149268371072899, 40.57317785719352], [-0.149248742669683, 40.57340534126355], [-0.149208882790132, 40.573639925006525], [-0.14912920125417, 40.573873524304766], [-0.149049841558725, 40.574099533035145], [-0.149040812593213, 40.57431208102903], [-0.148977815075939, 40.574622082165675], [-0.149085669456611, 40.574898308270456], [-0.148934686096592, 40.57516814122835], [-0.148775680632314, 40.575392182418476], [-0.148728119234593, 40.57557338293018], [-0.148720701413257, 40.57574797480397], [-0.148683739359515, 40.575914239315246], [-0.148678578975631, 40.57603569510743], [-0.148628195230934, 40.57671208947508], [-0.148688117247736, 40.576897832947296], [-0.148876300831984, 40.5770073068228], [-0.149311741506831, 40.577307151343994], [-0.149638156795747, 40.57748031290819]]}}, {"type": "Feature", "properties": {"id": "317131", "elemento": "Camí, senda, altres carreteres. VIES DE COMUNICACIÓ: CARRETERES, CAMINS", "texto_normalizado": "Entrador del Mas Nou"}, "geometry": {"type": "LineString", "coordinates": [[-0.121348610062352, 40.55939449806271], [-0.121454038179068, 40.55955918115161], [-0.121461976568794, 40.55976273994236], [-0.121539576817023, 40.55999345672021], [-0.121572486718141, 40.560197639080094], [-0.121634937322426, 40.560393024859785], [-0.121594975496005, 40.560547726962206]]}}, {"type": "Feature", "properties": {"id": "317519", "elemento": "Assagador. VIES DE COMUNICACIÓ: CARRETERES, CAMINS", "texto_normalizado": "Assagador dels Llivis"}, "geometry": {"type": "LineString", "coordinates": [[-0.045336851885155, 40.58175933504516], [-0.04712014719612, 40.58212297001066], [-0.047802328007372, 40.582092883158815], [-0.04822555338212, 40.58175027541302], [-0.048996042795732, 40.581545599308605], [-0.049577894220482, 40.581525476173574], [-0.050506612086764, 40.581673090075036], [-0.051426711443472, 40.58196023951424], [-0.051469058324647, 40.58182901241192], [-0.051199187280016, 40.58168980967649], [-0.050216629957068, 40.58140926579802], [-0.049839740654554, 40.58112526566833], [-0.04965297458641, 40.58078257444094], [-0.049765841234989, 40.5799348642539], [-0.050058091201475, 40.578830711074424], [-0.050361415689884, 40.57875207401521], [-0.050432146489548, 40.578461947974404], [-0.050817087013579, 40.57803090421003], [-0.050904195573376, 40.577532666978236], [-0.051508398433157, 40.57718267411787], [-0.05221568193202, 40.577454900173954], [-0.052989196301795, 40.57787974504959], [-0.053097481955624, 40.577795090165814], [-0.052551111542341, 40.576986615336615], [-0.052637654110098, 40.57603527600191], [-0.05303519667134, 40.575663518999185], [-0.053267033686978, 40.57446077551341], [-0.053969097078119, 40.57326881659797], [-0.054853562597291, 40.57273808128677], [-0.056422710175685, 40.5722724649059], [-0.057034351621728, 40.571944044297204], [-0.05750720242534, 40.57192983154988], [-0.057836584685879, 40.57194098154151], [-0.058130604283999, 40.57180824217401], [-0.058436963260232, 40.571789781974175], [-0.058832826604953, 40.5716306145875], [-0.059159300926111, 40.57162855258598], [-0.059491337597297, 40.571499531784475], [-0.061609934766436, 40.57085082798838], [-0.063199797536707, 40.57101117313945], [-0.064748636908637, 40.57051184801833], [-0.067228162539803, 40.569354443439856], [-0.067663577311632, 40.56948252397898], [-0.068827151660642, 40.56971433861159], [-0.070547337691022, 40.570241968675774], [-0.071271131428666, 40.57052920557657], [-0.073509525928418, 40.57064709379093], [-0.076546011944031, 40.57040449144605], [-0.077958273925556, 40.57001563463076], [-0.079604307482449, 40.56998654403516], [-0.080363615155064, 40.56998663803734], [-0.081290448082796, 40.56996713231832], [-0.081935164280542, 40.569787569376814], [-0.082688417781875, 40.56950747790099], [-0.083613820671391, 40.56926412695278], [-0.084880466242445, 40.568838736610864], [-0.084863093958574, 40.568617548287165], [-0.085220319210529, 40.568405819973364], [-0.085905683288063, 40.568172276227415], [-0.087749371372866, 40.567724308645865], [-0.089795638233607, 40.56740851914303], [-0.091271008864125, 40.56715079471738], [-0.092939480331852, 40.56669584555301], [-0.094156383575181, 40.56632482991465], [-0.096204050830257, 40.56637387808307], [-0.098280995460706, 40.566709601868425], [-0.099085465659684, 40.56648108263485], [-0.100126631167922, 40.566560368090606], [-0.102286635909365, 40.566985984523754], [-0.104619817513669, 40.56753307481036], [-0.105926866519694, 40.56717660827734], [-0.106790034623928, 40.56696787677404], [-0.107388764991916, 40.567094095101325], [-0.108038007181035, 40.56701503788945], [-0.109025161436265, 40.56707154116737], [-0.109747768278484, 40.56674010974815], [-0.110493910364196, 40.56634571303778], [-0.110776063114254, 40.56608268779035], [-0.111432804294971, 40.565829035368935], [-0.112669507345808, 40.56565343739838], [-0.113634302899489, 40.56550280268413], [-0.114099640199491, 40.565339674793634], [-0.114339471503152, 40.565091469316165], [-0.114319679907336, 40.564582571942424], [-0.114148759940913, 40.56419699609721], [-0.11416649689054, 40.563784363055404], [-0.114197539765104, 40.56354682459504]]}}, {"type": "Feature", "properties": {"id": "308481", "elemento": "Camí, senda, altres carreteres. VIES DE COMUNICACIÓ: CARRETERES, CAMINS", "texto_normalizado": "Camí del Mas d'Adell"}, "geometry": {"type": "LineString", "coordinates": [[-0.183254163954849, 40.57457578609171], [-0.182989333677977, 40.57451188433722], [-0.182667456463811, 40.57432715400275], [-0.182574182781234, 40.57422247621656], [-0.182407733017405, 40.57411601218331], [-0.18219015734541, 40.574064155386516], [-0.18203161029746, 40.57406028491561], [-0.181808958695875, 40.57412932256865], [-0.181549327931592, 40.57420676582363], [-0.181341995586187, 40.57420170319914], [-0.180967435929908, 40.57410877392333], [-0.180519310571791, 40.574023355501275], [-0.180108945479967, 40.57391093006301], [-0.179866590586765, 40.57386777160171], [-0.179505012303995, 40.57375653595571], [-0.179225287626263, 40.57373108272824], [-0.179072604828905, 40.57358771365249], [-0.179020224059261, 40.573381631239194], [-0.178718064806953, 40.573309081968006], [-0.178465081411967, 40.5732284250084], [-0.178395815855438, 40.573133639689104], [-0.178376115320151, 40.57302144712712], [-0.178271436747815, 40.5728978692301], [-0.178113673810441, 40.57287539376154], [-0.177970062607435, 40.57280671841221], [-0.177877580476265, 40.57268343834], [-0.177870859443914, 40.57255294512592], [-0.177787835948112, 40.57249505977997], [-0.177580900608669, 40.57248069119248], [-0.177398748264654, 40.57245761930166], [-0.177204399612452, 40.572434247969284], [-0.177021856430372, 40.57242047487544], [-0.176851509856103, 40.57240699889206], [-0.176654423236353, 40.572448725009316], [-0.176518706535267, 40.57248264209055], [-0.176239772380552, 40.57243858220788], [-0.175907294349859, 40.572216337172804], [-0.175516189357634, 40.571936801173564], [-0.175325757880061, 40.57182043036608], [-0.175144389910577, 40.57177875533123], [-0.17490048071451, 40.57177278605854], [-0.174656961856813, 40.571757516877526], [-0.174430337334714, 40.571630949774274], [-0.174074262351331, 40.57138950310306], [-0.173720147813932, 40.57110155771651], [-0.173264948289784, 40.5708949181993], [-0.172965157211251, 40.570766557390286], [-0.172643719515297, 40.570572500283404], [-0.172212917948037, 40.57036645515343], [-0.171791180501386, 40.57023510297106], [-0.171573626603503, 40.57018322681604], [-0.171239999873486, 40.56998886716974], [-0.17092131344454, 40.56972970922741], [-0.170571141247826, 40.56934875877522], [-0.170061654316437, 40.5689825195103], [-0.169503001496072, 40.56862438229144], [-0.168965607236717, 40.56834123712737], [-0.168613919235486, 40.56828606566864], [-0.168323598795456, 40.56822308872185], [-0.168000224201453, 40.56807551782398], [-0.167858988150357, 40.56795103282614], [-0.167646545881495, 40.567778254891905], [-0.167408145227055, 40.567642077156485], [-0.1670627416137, 40.56743810763553], [-0.166837716302669, 40.56727432836182], [-0.166508043220687, 40.566986961005895], [-0.166296001198079, 40.566804881500566], [-0.16594667940715, 40.56669390461514], [-0.165729534637706, 40.566632717745655], [-0.165463612626825, 40.56657033272554], [-0.16523388074325, 40.56651814568534], [-0.165044268322889, 40.56638316032936], [-0.164806270825176, 40.56623767733627], [-0.164507697029288, 40.566081396946906], [-0.164243349739431, 40.565981811154], [-0.163940455832304, 40.56592782422762], [-0.163684375078563, 40.565921532362296], [-0.163501853587589, 40.565907737649354], [-0.163321296853371, 40.56584744623272], [-0.163156471149503, 40.56570375707734], [-0.162979059185837, 40.56556906909838], [-0.162570743213905, 40.56541008565255], [-0.16230404316977, 40.565366293053], [-0.161734454656033, 40.565268507284124], [-0.16115464032776, 40.56512392074199], [-0.160874962202391, 40.56509842355755], [-0.160573648707969, 40.56500723005459], [-0.160384443525865, 40.564862938205124], [-0.160131907973906, 40.56477294255861], [-0.159913201624751, 40.56474894394443], [-0.159708656339137, 40.564678746871174], [-0.159553675571378, 40.56459115029102], [-0.159413641933551, 40.564438757867734], [-0.159151276691324, 40.56429266368751], [-0.158767761276171, 40.564124968292134], [-0.158416498982497, 40.56406046658805], [-0.158164362859484, 40.563961168467856], [-0.1580400712542, 40.56372537882706], [-0.157887849396527, 40.563572683608285], [-0.157683703632439, 40.563493183881526], [-0.157441796806933, 40.563440681650185], [-0.157248665423261, 40.56338937919053], [-0.157051201593626, 40.563440371593266], [-0.156956787815229, 40.56365215720816], [-0.156891487309235, 40.56375294987788], [-0.156603940185753, 40.563913432650914], [-0.156380117889704, 40.56401032017915], [-0.15617989428007, 40.56412640740736], [-0.155966689713138, 40.56426079232376], [-0.155740895536407, 40.564404175563894], [-0.155503299534376, 40.56453795950224], [-0.154997042046265, 40.56467442980401], [-0.154638292728149, 40.564786607139084], [-0.154426658524885, 40.56488379123642], [-0.154214236540559, 40.564999573375275], [-0.154027383927975, 40.565088058734496], [-0.153910934817276, 40.56524344395296], [-0.153765366480536, 40.56550982089607], [-0.153646522648569, 40.56600958520009], [-0.153430122591599, 40.5665069445368], [-0.15325345615255, 40.56693081010194], [-0.153122835921031, 40.567132390484126], [-0.15309253208688, 40.56727128058232], [-0.152893081893441, 40.56736876223389], [-0.152683015913104, 40.567428745080896]]}}, {"type": "Feature", "properties": {"id": "317448", "elemento": "Camí, senda, altres carreteres. VIES DE COMUNICACIÓ: CARRETERES, CAMINS", "texto_normalizado": "Pista de l'Hostal d'Olivares"}, "geometry": {"type": "LineString", "coordinates": [[-0.146693348025295, 40.52187070889119], [-0.147438047338068, 40.522244249707214], [-0.14756776084068, 40.52234414967772], [-0.147691764176364, 40.522407993009715], [-0.148054448538686, 40.52256337733244], [-0.148272939235981, 40.52270414730826], [-0.14855407229444, 40.522904481319486], [-0.148824707973723, 40.52309626787722], [-0.148880231999272, 40.523152892946044], [-0.148929342653379, 40.52319002109592], [-0.14907645346451, 40.52322128154003], [-0.149324020746037, 40.523188715368605], [-0.149542664458947, 40.52306979113716], [-0.149647907653008, 40.52297845651159], [-0.149720025820205, 40.5228144731741], [-0.149676764816548, 40.52263935394694], [-0.149438794277228, 40.522445613323875], [-0.149216450351094, 40.52231027543683], [-0.149040900899044, 40.52209597326306], [-0.149000544759702, 40.5220231458948], [-0.149009649602295, 40.52197916772219], [-0.149074629970843, 40.52198353474883], [-0.149354146486317, 40.52205121611727], [-0.149653382872624, 40.52208070567612], [-0.149909465056022, 40.52201795890142], [-0.149969318696802, 40.52197246993465], [-0.149996973340627, 40.521917897686414], [-0.149908315730928, 40.52187426875434], [-0.149770896642632, 40.52178523214559], [-0.149668943149172, 40.52171364692244], [-0.14960373845166, 40.52162915535049], [-0.149599313847033, 40.52156274116847], [-0.149620204108337, 40.521496951039005], [-0.149684141653912, 40.52144051205902], [-0.149812941943406, 40.521391200163734], [-0.15000111707179, 40.52139308177569], [-0.150301862912032, 40.52147233673232], [-0.150499826084369, 40.52158496887884], [-0.150683791563627, 40.521686204279845], [-0.151098730397232, 40.52197547850609], [-0.151462105949548, 40.52228558109505], [-0.151524982265771, 40.52233962468131], [-0.151926522243089, 40.52251805653906], [-0.152437496980501, 40.522677084081025], [-0.153204896167095, 40.522936364983025], [-0.153548934583609, 40.52301944058847], [-0.154003809785078, 40.523049993278946], [-0.15447642131452, 40.52300362443102], [-0.155018334996314, 40.52285950336556], [-0.155304282949276, 40.52277537852723], [-0.155772813121734, 40.52256866587619], [-0.155981178812163, 40.52243566260262], [-0.156331757215199, 40.5222785336765], [-0.156712199939845, 40.5221856815873], [-0.156903178882665, 40.52212131598361], [-0.157091590249041, 40.52211766771168], [-0.157328533027884, 40.52216494208723], [-0.157710372882692, 40.52229590243181], [-0.158035748394482, 40.52239231965004], [-0.158319825570692, 40.52252363412038], [-0.158438473678884, 40.52254313023153], [-0.158566103964891, 40.52252140674284], [-0.158614402545912, 40.52249220580398], [-0.158616268631184, 40.52244804777695], [-0.158534367888736, 40.52224435283904], [-0.15843158570395, 40.52210644986256], [-0.158358669219289, 40.52186153447838]]}}, {"type": "Feature", "properties": {"id": "311863", "elemento": "Serres i massissos de tercer orde. ELEVACIONS DEL TERRENY EN GENERAL", "texto_normalizado": "Serra de Marinet"}, "geometry": {"type": "LineString", "coordinates": [[-0.178507563517696, 40.5659009217131], [-0.17675253437318, 40.56374176689816], [-0.170979917829308, 40.5610202754238], [-0.164873855991942, 40.55782003280938], [-0.160656564124023, 40.55567957769595], [-0.157996874599461, 40.55473712871459], [-0.154078862195552, 40.553801734874014]]}}, {"type": "Feature", "properties": {"id": "317432", "elemento": "Riu de 5t orde i de 6t orde (torrent, barranc). CURSOS D'AIGUA NATURALS", "texto_normalizado": "Barranc de la Cutxola"}, "geometry": {"type": "LineString", "coordinates": [[-0.13072363580431, 40.52599165555416], [-0.130687148498979, 40.52542741561296], [-0.130634841304537, 40.52484328456483], [-0.130415943021661, 40.52454315365613], [-0.130482259700413, 40.523994713724036], [-0.130473211340494, 40.523804577272394], [-0.130452798914037, 40.523679645282186], [-0.13017501195471, 40.52335185643727], [-0.130139130431702, 40.52318724774537], [-0.130128128382469, 40.523042903980446], [-0.130277016137067, 40.522771560583465], [-0.130457957812209, 40.522553403161524], [-0.130528574858285, 40.52230630884143], [-0.130465940055025, 40.52196422109826], [-0.130226917594863, 40.521532616717124], [-0.130159818640371, 40.521295196912156], [-0.130167357288266, 40.52111857005003], [-0.129904772709188, 40.5208369988173], [-0.129651599670757, 40.520536015342756], [-0.129233968673881, 40.520067225527235], [-0.12880832936777, 40.51958513769241], [-0.128528612169004, 40.51930313733032], [-0.128293343968396, 40.519185958696255], [-0.128179203627035, 40.519045597672005], [-0.128066180136974, 40.51887906954724], [-0.127733640082564, 40.51862849638312], [-0.127628352586868, 40.518481806808865], [-0.127581203458786, 40.518179394895014], [-0.127439952785899, 40.51807110171171], [-0.127186988119475, 40.517966577968906], [-0.12701173056125, 40.51785088988668], [-0.126908961242054, 40.517645323643265], [-0.126935327952022, 40.51742987423754], [-0.126911102268177, 40.51719351938158], [-0.12678625292999, 40.51690227103496], [-0.126705379335593, 40.51658592213602], [-0.126709665155128, 40.51628478980016], [-0.126746838682469, 40.51601721978021], [-0.126820255776516, 40.51570471032425], [-0.126936436744659, 40.515596273980115], [-0.126934292330029, 40.51544560110306], [-0.126783823441574, 40.51495070614093], [-0.126796120291301, 40.51466287047213], [-0.126769473052352, 40.51428238486529], [-0.126684502817552, 40.513861154805184], [-0.126867758095403, 40.513387662439875], [-0.127094055262601, 40.513111699774825], [-0.127215909332478, 40.51266942203644], [-0.127473783619572, 40.51225672291183], [-0.127789974503413, 40.511884765099474]]}}, {"type": "Feature", "properties": {"id": "317449", "elemento": "Camí, senda, altres carreteres. VIES DE COMUNICACIÓ: CARRETERES, CAMINS", "texto_normalizado": "Pista de la Solaneta"}, "geometry": {"type": "LineString", "coordinates": [[-0.14527005663027, 40.51481142410911], [-0.145205520689226, 40.51496730382071], [-0.145174920905287, 40.515176514030436], [-0.145264193395571, 40.51563180862406], [-0.145361768707893, 40.51597679953859], [-0.145400914964641, 40.516248514938106], [-0.145460969420802, 40.51636879697331], [-0.145485621366305, 40.516811442776], [-0.145548411752344, 40.51729370937445], [-0.145635845284001, 40.51762187237986], [-0.145672109580056, 40.517705650731905], [-0.1457131625455, 40.51776192046418], [-0.145769149408856, 40.51780750837469], [-0.145796322939092, 40.517849620582616], [-0.145776000772869, 40.517987254954775], [-0.14577935205215, 40.51816415249013], [-0.145804870554176, 40.518330547018735], [-0.145907152309262, 40.518479499640755], [-0.146069756029732, 40.51857192581029], [-0.146226063823825, 40.5186420950942], [-0.146374202905492, 40.518734163327956], [-0.146368127376394, 40.51879203056216], [-0.146405681433016, 40.51884545015648], [-0.146690540513172, 40.51895747380827], [-0.146823864069624, 40.519057463803165], [-0.147003145827609, 40.51918345462899], [-0.147094478541232, 40.51924925381008], [-0.147165843932579, 40.51944440784414], [-0.147266035102671, 40.5195573921846], [-0.14745895316996, 40.519788702136665], [-0.147728144130115, 40.52018489719027], [-0.147882910212211, 40.520462230370356], [-0.147997662980764, 40.52074410001502], [-0.14809668801102, 40.52088468272497], [-0.148209137201607, 40.52096481611194], [-0.148280284375266, 40.52107984563363], [-0.148268031162553, 40.521112695916415], [-0.148195466985945, 40.521116428681914], [-0.14768696052786, 40.520985070454735], [-0.147364170656378, 40.52091355344033], [-0.147227447157094, 40.52089359847492], [-0.147108221566377, 40.5208878900933], [-0.147056186136598, 40.52091975726391], [-0.147006830053794, 40.52097379256081], [-0.147066071503837, 40.5211133921867], [-0.147196927117142, 40.52135698252076], [-0.147222580627303, 40.52143497317143], [-0.147181627696042, 40.52146158828174], [-0.147032063737549, 40.52148828311446], [-0.146923788906897, 40.521565726054504], [-0.146836509730927, 40.52166026462821], [-0.14677501593466, 40.52174439026939], [-0.146693348025295, 40.52187070889119]]}}, {"type": "Feature", "properties": {"id": "317442", "elemento": "Riu de 5t orde i de 6t orde (torrent, barranc). CURSOS D'AIGUA NATURALS", "texto_normalizado": "Barranc d'Aparici"}, "geometry": {"type": "LineString", "coordinates": [[-0.140504201860325, 40.52349986194885], [-0.140056641003111, 40.52374298013266], [-0.139674442101841, 40.524162481082705], [-0.139091278406806, 40.524656439444506], [-0.138605751414132, 40.52505748846078], [-0.137728274457769, 40.52586190002708], [-0.13728973519002, 40.526137006452]]}}, {"type": "Feature", "properties": {"id": "317417", "elemento": "Riu de 5t orde i de 6t orde (torrent, barranc). CURSOS D'AIGUA NATURALS", "texto_normalizado": "Barranc de la Cova"}, "geometry": {"type": "LineString", "coordinates": [[-0.112375301611018, 40.51460980758319], [-0.112692852415979, 40.51472896253012], [-0.113051313211726, 40.514865027304225], [-0.113421533675759, 40.51496960938068], [-0.113992374449546, 40.515007711296924], [-0.114461282045361, 40.514995598704104], [-0.115065358473657, 40.514986862514014], [-0.115502052802832, 40.51499777294534], [-0.115988013534584, 40.515073462610886], [-0.116435447185478, 40.51507669430761], [-0.11687350338448, 40.515055857955886], [-0.117163235525853, 40.51504720450334], [-0.117416176676741, 40.51497408150399], [-0.117987359812592, 40.5150042278436], [-0.11846904696883, 40.51493681104973], [-0.118746521214184, 40.514776914882944], [-0.119056547087539, 40.51458605462873], [-0.11941121901467, 40.51432481267846], [-0.120091607048505, 40.51399225601645], [-0.120564584762572, 40.51388489405187], [-0.120689014373522, 40.51389594138882]]}}, {"type": "Feature", "properties": {"id": "324592", "elemento": "Assagador. VIES DE COMUNICACIÓ: CARRETERES, CAMINS", "texto_normalizado": "Assagador de la Canada"}, "geometry": {"type": "LineString", "coordinates": [[-0.145018311687778, 40.51405876819747], [-0.145133557618238, 40.51407266869634], [-0.145766222607678, 40.514290909439175], [-0.145883011704609, 40.51438220420009], [-0.146199162584488, 40.51466629127821], [-0.146535850558378, 40.51492141605776], [-0.146673177412663, 40.51498374769669], [-0.147538055020308, 40.51530349185055], [-0.148146803570593, 40.515403252882884], [-0.148589763764435, 40.51542892769095], [-0.149104751331433, 40.51534955246104], [-0.15002539596455, 40.51503706940405], [-0.150488120571056, 40.51493798083021], [-0.150515137557384, 40.514936228226276], [-0.150652676909772, 40.51492730680382], [-0.150968871941779, 40.51498299711714], [-0.15117309167423, 40.51494751598145], [-0.151321936350473, 40.51496592234658], [-0.15178642843311, 40.51509472119612], [-0.152094769212096, 40.51518021962233], [-0.15239246028498, 40.51521703073598], [-0.152484225704938, 40.515215610777574], [-0.152589521188261, 40.5152366254824], [-0.152786730671538, 40.51536673254672], [-0.152962007038773, 40.515558919538464], [-0.153007012378108, 40.51590199379919], [-0.153147813132966, 40.516072457954124], [-0.153320335331842, 40.51640578307669], [-0.153504687705491, 40.51661170028233], [-0.15367431404806, 40.51686145813534], [-0.153711018516738, 40.516906566896466], [-0.154037018211586, 40.51711106327832], [-0.154243982877801, 40.51723895206473], [-0.154586573313669, 40.51750770637155], [-0.154865913684473, 40.51775034288734], [-0.154972509096827, 40.51781681912509], [-0.155094660281827, 40.517819828890055], [-0.155208930574891, 40.51785702501002], [-0.155394951811728, 40.518023688053944], [-0.155543231037136, 40.51816977532042], [-0.155641738332302, 40.51827534399977], [-0.155850784787224, 40.51835416651791], [-0.156100477985411, 40.51853713178509], [-0.156331300828881, 40.51870980846968], [-0.156494100777323, 40.51881695984807], [-0.156607542579727, 40.518873779898875]]}}, {"type": "Feature", "properties": {"id": "310198", "elemento": "Riu de 5t orde i de 6t orde (torrent, barranc). CURSOS D'AIGUA NATURALS", "texto_normalizado": "Barranc del Mas de Racó"}, "geometry": {"type": "LineString", "coordinates": [[-0.129391700942827, 40.565705300118516], [-0.129720323557167, 40.566224217456615], [-0.129904781426189, 40.56663415667801], [-0.130199590160413, 40.56694955556492], [-0.130581088481169, 40.56722657199622], [-0.131034505792997, 40.56756212520903], [-0.131554197349312, 40.56833710475984], [-0.131781388943793, 40.5689913159899], [-0.131894293631298, 40.56933461804055], [-0.131951092393546, 40.56949817073926], [-0.132105200933011, 40.56962360535379], [-0.132346692319849, 40.569694461998694], [-0.133466776718164, 40.57010331482832], [-0.133909015075895, 40.57020347447125], [-0.134130367135352, 40.57024746159624]]}}, {"type": "Feature", "properties": {"id": "317464", "elemento": "Camí, senda, altres carreteres. VIES DE COMUNICACIÓ: CARRETERES, CAMINS", "texto_normalizado": "Camí de Morella"}, "geometry": {"type": "LineString", "coordinates": [[-0.110316855225369, 40.56647163918906], [-0.110416946736441, 40.566566292324616], [-0.110651020569568, 40.56722671988416], [-0.110828958225613, 40.567545747867534], [-0.111206202524381, 40.567977798867766], [-0.111558551295958, 40.56831072278001], [-0.111873851270759, 40.56863318639511], [-0.112246673662228, 40.56907147883654], [-0.11254075889013, 40.56940294215756], [-0.1128151145409, 40.56968942592259], [-0.11317996687922, 40.57002265770675], [-0.113600572079191, 40.57031915263848], [-0.114109683595714, 40.57059243897582], [-0.114405284195501, 40.57069515432736], [-0.114659739791321, 40.57068880527213], [-0.11508649393219, 40.570842460309244], [-0.11526527756159, 40.57094860830132], [-0.115694495082151, 40.571238956393124]]}}, {"type": "Feature", "properties": {"id": "317441", "elemento": "Riu de 5t orde i de 6t orde (torrent, barranc). CURSOS D'AIGUA NATURALS", "texto_normalizado": "Barranc de Ramon"}, "geometry": {"type": "LineString", "coordinates": [[-0.132721103064976, 40.522293203786234], [-0.132425876244594, 40.522381197818675], [-0.132118218335101, 40.522516545770195], [-0.131900086686966, 40.52274944285748], [-0.131604421794688, 40.523091627154116], [-0.131112528670707, 40.523397160216774], [-0.130525008157706, 40.52374797707195]]}}, {"type": "Feature", "properties": {"id": "317430", "elemento": "Tallafoc. VIES DE COMUNICACIÓ: CARRETERES, CAMINS", "texto_normalizado": "Tallafoc del Collet dels Carrascals"}, "geometry": {"type": "LineString", "coordinates": [[-0.135496099849794, 40.51442206643036], [-0.135303196938529, 40.51455232681598], [-0.134875880826793, 40.51456555545356], [-0.133935361576819, 40.51465342745161], [-0.133149113748362, 40.5147848423208], [-0.132318903781223, 40.51497076601914], [-0.131759368108557, 40.51515546442106], [-0.131373204986087, 40.51542390583976], [-0.131118147653286, 40.515790930558815], [-0.1311832926351, 40.51645983359273], [-0.131268557580305, 40.51714512427], [-0.131302075646231, 40.51806744478362], [-0.131305347398683, 40.518966770383045], [-0.131306509060654, 40.51942754346906], [-0.131126495836358, 40.51998708445338], [-0.13047374555349, 40.52162318594447]]}}, {"type": "Feature", "properties": {"id": "317390", "elemento": "Camí, senda, altres carreteres. VIES DE COMUNICACIÓ: CARRETERES, CAMINS", "texto_normalizado": "Pista dels Tossals del Campello"}, "geometry": {"type": "LineString", "coordinates": [[-0.106169126536371, 40.52550416818703], [-0.106977333448753, 40.52583423270291], [-0.107448180334243, 40.52602079361237], [-0.107783840443461, 40.52620396707159], [-0.108043794752945, 40.526695052324214], [-0.108270006110851, 40.52700258398147], [-0.108719384693544, 40.52720448982518], [-0.109346235845618, 40.52739495065123], [-0.109807042842383, 40.52757330724244], [-0.110059830514205, 40.527698792845655], [-0.110921099468195, 40.52849089880817], [-0.111069245344518, 40.52916188734337], [-0.110970185476177, 40.52977108324932], [-0.110898914229332, 40.530460412284], [-0.110968810681832, 40.530771970380876], [-0.111137765293811, 40.53095890688045], [-0.111245684889086, 40.531112539560375], [-0.111640540412584, 40.53161493556281], [-0.1117881865993, 40.53205553942495], [-0.111873093281848, 40.532502517938916], [-0.111855361786187, 40.532915153284804], [-0.111768066512853, 40.5334928683964], [-0.111991929495821, 40.53385594077887], [-0.11244460495553, 40.53422473496862], [-0.112596352320671, 40.534570114710405], [-0.112732072695275, 40.53480388006955], [-0.112809482158672, 40.53494086141665], [-0.112737532787722, 40.535161488787324], [-0.112559190554134, 40.53543506188783], [-0.112517246776625, 40.535441957169894]]}}, {"type": "Feature", "properties": {"id": "317751", "elemento": "Riu de 5t orde i de 6t orde (torrent, barranc). CURSOS D'AIGUA NATURALS", "texto_normalizado": "Barranc del Mas de Guimerans"}, "geometry": {"type": "LineString", "coordinates": [[-0.075502027580719, 40.53344187833454], [-0.075685316939658, 40.533099763903714], [-0.075583724839441, 40.532105601971516], [-0.075759264572081, 40.5314315475952], [-0.076850573568969, 40.53100077642078], [-0.077406076583635, 40.52953986532833], [-0.077471560032937, 40.528813262776076], [-0.077915388451057, 40.52830534548175], [-0.078069048850286, 40.52701267234641], [-0.079396366568461, 40.52585534123774], [-0.08032454019865, 40.52517509478366], [-0.080205552014789, 40.524648802117454], [-0.07998816311608, 40.524210240702814], [-0.080217893128009, 40.5232777502782], [-0.080247682868068, 40.5225928220273], [-0.080741812544637, 40.521017423522885], [-0.081387368965405, 40.520853304142946], [-0.081839035624698, 40.51970988886338], [-0.082271888361468, 40.5189990590974], [-0.082925251714375, 40.51865468600416], [-0.083709359615464, 40.51856623171088], [-0.084298118428543, 40.51807586387117], [-0.085229258896546, 40.517323473606], [-0.086723453981172, 40.517216837323396], [-0.087877444628013, 40.5167768022264], [-0.089188932478533, 40.51652117026763], [-0.090047952247715, 40.516885668743974], [-0.090806071244765, 40.516850643911795], [-0.09292956136502, 40.51749959964706], [-0.093135104212693, 40.517667173956845], [-0.093204039140972, 40.51880570054439], [-0.094315339755839, 40.51989829106186], [-0.093465261864044, 40.520418219528], [-0.093800048241445, 40.52087775559848], [-0.094380395465956, 40.52112694037741], [-0.094316993409958, 40.52204560324888], [-0.094593413023063, 40.522214959656644], [-0.094633073781334, 40.52293772882166], [-0.095091440934469, 40.52327406168952], [-0.096125828366203, 40.5228670235642], [-0.097204809868221, 40.52361593224826], [-0.098503414691762, 40.52420795221045], [-0.099216189599819, 40.52467697233694], [-0.100524175066127, 40.525052674042406], [-0.101286795363306, 40.52579068582965], [-0.102087334111009, 40.526132452561875]]}}, {"type": "Feature", "properties": {"id": "317473", "elemento": "Camí, senda, altres carreteres. VIES DE COMUNICACIÓ: CARRETERES, CAMINS", "texto_normalizado": "Entrador del Garro"}, "geometry": {"type": "LineString", "coordinates": [[-0.125149867793306, 40.55098617055742], [-0.125403154399324, 40.55115135452855], [-0.125545618691022, 40.55147265418997], [-0.125860864685159, 40.55189358207525], [-0.126049698731346, 40.552104823174766], [-0.126349358706179, 40.55215994536758], [-0.126685999962392, 40.552080942764896], [-0.126936358306751, 40.552071286208346], [-0.127840431962613, 40.552117615323844], [-0.12799048989123, 40.5520180787681], [-0.128108773552922, 40.55168738140905], [-0.128732743699635, 40.550733756069], [-0.128879744379453, 40.55070563670164], [-0.12897337272427, 40.55070796529007], [-0.129112344830026, 40.55062403925944]]}}, {"type": "Feature", "properties": {"id": "313249", "elemento": "Riu de 5t orde i de 6t orde (torrent, barranc). CURSOS D'AIGUA NATURALS", "texto_normalizado": "Barranc del Campello"}, "geometry": {"type": "LineString", "coordinates": [[-0.102058499231302, 40.526068660596025], [-0.102208791615913, 40.52557673858732], [-0.102157739303424, 40.52528789067911], [-0.102019302793115, 40.52505801707987], [-0.101930372191473, 40.52483891918036], [-0.10184781067175, 40.52460488687066], [-0.101729592756815, 40.52438902490287], [-0.101592355576756, 40.5241313775645], [-0.101467175914553, 40.52379936061542], [-0.101387614102326, 40.5234716665415], [-0.101391562466013, 40.523283496855626], [-0.10158189371597, 40.52292524281981], [-0.101680591618307, 40.52271244275469], [-0.101670323348633, 40.52251597272296], [-0.101545022707782, 40.5220902160198], [-0.101733042863452, 40.52139905699224], [-0.101993683742289, 40.52090672713086], [-0.102134479727409, 40.52020008303235], [-0.102078654197619, 40.5195631759765], [-0.101906878870965, 40.51920139205011]]}}, {"type": "Feature", "properties": {"id": "317465", "elemento": "Riu de 5t orde i de 6t orde (torrent, barranc). CURSOS D'AIGUA NATURALS", "texto_normalizado": "Barranc Fondo"}, "geometry": {"type": "LineString", "coordinates": [[-0.16677517245686, 40.56100179733561], [-0.166648143668046, 40.56124183091537], [-0.16656665580005, 40.56141003639654], [-0.166454684368772, 40.56154507391553], [-0.166310863794233, 40.56167932860248], [-0.166217732261914, 40.561871563844605], [-0.166123232081791, 40.562096185039685], [-0.165954076693435, 40.56232707800825], [-0.165788678475485, 40.56246890783882], [-0.165409924922123, 40.562629813511435], [-0.165205478109897, 40.56268963318748], [-0.165056182589644, 40.56295343301177], [-0.164881891671354, 40.56330577383287], [-0.164744919105567, 40.563529350656154], [-0.164582610004476, 40.563849565637355], [-0.164479194824204, 40.564033441169705], [-0.164472697692763, 40.56418727680354], [-0.164581616196373, 40.56437636796336], [-0.164674919372347, 40.5646029003174]]}}, {"type": "Feature", "properties": {"id": "312243", "elemento": "Serres i massissos de tercer orde. ELEVACIONS DEL TERRENY EN GENERAL", "texto_normalizado": "Serreta dels Llivis"}, "geometry": {"type": "LineString", "coordinates": [[-0.119258339927523, 40.56043542047105], [-0.11504847352937, 40.56241950220274], [-0.114995426693692, 40.56244200751566]]}}, {"type": "Feature", "properties": {"id": "317362", "elemento": "Riu de 5t orde i de 6t orde (torrent, barranc). CURSOS D'AIGUA NATURALS", "texto_normalizado": "Barranc de Ballester"}, "geometry": {"type": "LineString", "coordinates": [[-0.130456980987866, 40.52192714453508], [-0.131105718270962, 40.52111710483387], [-0.131517356727718, 40.520984342871586], [-0.131906598896437, 40.520644483184604], [-0.13240228214511, 40.5200053989053], [-0.132464518957115, 40.51952236906842], [-0.132360382253196, 40.519035207138394], [-0.132671250880368, 40.518335924178636], [-0.132839064822047, 40.51806205582292], [-0.132959624783691, 40.517675800818516], [-0.133374621186521, 40.51746367705065], [-0.133878887502406, 40.517110777237065], [-0.134204015701574, 40.51680903691885], [-0.134329552270433, 40.51655000564234]]}}, {"type": "Feature", "properties": {"id": "331714", "elemento": "Serres i massissos de tercer orde. ELEVACIONS DEL TERRENY EN GENERAL", "texto_normalizado": "Serra de la Bardissa"}, "geometry": {"type": "LineString", "coordinates": [[-0.128255807690414, 40.50965476189005], [-0.129017955422833, 40.5100867957773], [-0.131385171530188, 40.5116867415159], [-0.134673852678749, 40.5140880078436], [-0.136645434557338, 40.51716353048161], [-0.135499586961629, 40.520360317698945], [-0.133612570594016, 40.52457933766602]]}}, {"type": "Feature", "properties": {"id": "323213", "elemento": "Serres i massissos de tercer orde. ELEVACIONS DEL TERRENY EN GENERAL", "texto_normalizado": "Serra del Muixacre"}, "geometry": {"type": "LineString", "coordinates": [[-0.104096385408081, 40.5337801203346], [-0.095766067232948, 40.53903370315808], [-0.075005950565692, 40.55211986322171], [-0.067403529316692, 40.556909781029574]]}}, {"type": "Feature", "properties": {"id": "317415", "elemento": "Riu de 5t orde i de 6t orde (torrent, barranc). CURSOS D'AIGUA NATURALS", "texto_normalizado": "Barranc de la Creu"}, "geometry": {"type": "LineString", "coordinates": [[-0.150888114994583, 40.53697483587736], [-0.150572947668771, 40.53675096104395], [-0.150213276063232, 40.5364277469121], [-0.150046303392188, 40.53626645741431], [-0.149938457048299, 40.536077157490645], [-0.149926030764528, 40.535914771260416], [-0.149796603715603, 40.535778965543955], [-0.149568011236986, 40.535704560847726], [-0.149339211166346, 40.53563506221153], [-0.149121630623586, 40.535452875261406], [-0.148584620914358, 40.535061427468875], [-0.14842968321496, 40.53492007854418], [-0.148143267110346, 40.53453972956231], [-0.14781764638106, 40.53417314626348], [-0.147791324029347, 40.5340349737938], [-0.147853177854339, 40.53379092638271], [-0.14784367282925, 40.53355985099723], [-0.147779183146949, 40.53341091234723], [-0.147779000043892, 40.53326356235085], [-0.147886907115552, 40.53299609533003], [-0.147950842523404, 40.532702984681926], [-0.147957528114576, 40.53239372484451], [-0.147871899694126, 40.53213621073568], [-0.147899541244575, 40.53178817727462], [-0.147963451896413, 40.531647322197664], [-0.148207478618893, 40.53105414564073], [-0.148578209612341, 40.53066055883468], [-0.148658724660603, 40.53043170662516], [-0.148671628369283, 40.53012751182743], [-0.148726837343842, 40.529888211294804], [-0.148790786505152, 40.52944284313503], [-0.148711772683563, 40.529332838475916], [-0.148585481914582, 40.52912343608912], [-0.148478274427754, 40.52891941652531], [-0.148310699288523, 40.52877284369925], [-0.148118260418529, 40.52845375360735], [-0.148003999504149, 40.52826429429763], [-0.147624886416523, 40.527945503648745], [-0.147429330078019, 40.52770000819283], [-0.14721966574051, 40.527483632754986], [-0.147104600673137, 40.52716154203896], [-0.147073517412998, 40.52698395946165], [-0.14713664078013, 40.526558217378984], [-0.147117400998181, 40.52625322840986], [-0.147010643224908, 40.525887138979826], [-0.147025609804933, 40.52568613696428], [-0.147030606852674, 40.52556838377694], [-0.146887120368855, 40.52530944002651], [-0.14677122833304, 40.5250069741607], [-0.146762168074034, 40.524613828916216], [-0.146660801804173, 40.524272429665366], [-0.146671238236217, 40.52387485546465], [-0.14655784805543, 40.52351351239209], [-0.146405907875713, 40.52299896005277], [-0.14635473167402, 40.522688269894026], [-0.146362618942162, 40.5226540842408]]}}, {"type": "Feature", "properties": {"id": "317537", "elemento": "Riu de 5t orde i de 6t orde (torrent, barranc). CURSOS D'AIGUA NATURALS", "texto_normalizado": "Barranc del Fornàs"}, "geometry": {"type": "LineString", "coordinates": [[-0.092780640023625, 40.54959872532623], [-0.09363159684082, 40.549667815765815], [-0.094125431886124, 40.549807348379545], [-0.094902995491189, 40.55012878216485], [-0.095231765232806, 40.55023238151303], [-0.095390660195485, 40.5504111423619], [-0.095714628579344, 40.55062583241625], [-0.096209847642479, 40.55073361563553], [-0.096685634501922, 40.550809133546494], [-0.096949250322442, 40.5509746383151], [-0.097341817238171, 40.551048060685545], [-0.097487457762927, 40.55105172267599], [-0.097926436648447, 40.55101509620372], [-0.09811780308233, 40.550924581696556], [-0.098309169011656, 40.55083406685297], [-0.098499848901005, 40.55075942122997], [-0.098650287679614, 40.550651989426264], [-0.099130189851986, 40.550632274553024], [-0.09962610058182, 40.55072417372767], [-0.10022398700242, 40.550866294590335], [-0.10061450233033, 40.550987316477965], [-0.101245100281849, 40.55133679187702], [-0.102258853543016, 40.551640276922576], [-0.102461093942767, 40.551780397456525], [-0.102651222221554, 40.55195993333058], [-0.102874955323224, 40.55208470579177], [-0.103060842552681, 40.55212114530542], [-0.10348737078321, 40.55213184832063], [-0.103816507043179, 40.552227488251354], [-0.104247281798599, 40.55238128337849], [-0.104432486462432, 40.552433592168285], [-0.104775791091395, 40.55244220287802], [-0.105091648961517, 40.55236274237346], [-0.105323597365527, 40.55229706464811], [-0.105604825240931, 40.5522961719542], [-0.105838285230784, 40.552437070299774], [-0.106147987752173, 40.55250044097936], [-0.106552687421391, 40.55253441656382], [-0.106991332492176, 40.55250569153318], [-0.107318275805596, 40.55241061501141], [-0.10759217608859, 40.552338040531836], [-0.108365262656092, 40.55223348528143], [-0.108826418675766, 40.552165597394705], [-0.110003185091768, 40.55192497440832], [-0.110299936901364, 40.551805302388736], [-0.110675814581066, 40.55178293634302], [-0.111048280155136, 40.5518399204444], [-0.111648934001496, 40.55191850160279], [-0.111897927105345, 40.55194061901431], [-0.112128162230135, 40.55191460348492], [-0.112446398117793, 40.55177957563739], [-0.112919144961932, 40.55144187271816], [-0.113265687665315, 40.55113278648516], [-0.113614953965524, 40.55076021728284], [-0.113769461473689, 40.550557541812125], [-0.11408427833137, 40.55050186155805], [-0.114827157981858, 40.55066341926282], [-0.115098317382731, 40.550654308275455], [-0.115597661855892, 40.55066678607859], [-0.115927151089665, 40.55075445602385], [-0.116254597076822, 40.55088973717288], [-0.116642419438173, 40.55107418863053], [-0.116971912141566, 40.551161856601226], [-0.117261836493025, 40.551200871462996], [-0.117779268223351, 40.55127734243799], [-0.118277256667141, 40.551321550276384], [-0.118795371580607, 40.55138214512764], [-0.119065854344731, 40.55138889566791], [-0.119436965128865, 40.55147759524997], [-0.119930873396648, 40.55161701964953], [-0.120441428867023, 40.55175685720206], [-0.120673702134026, 40.551683212192444], [-0.12088856985685, 40.55152969483223], [-0.121187341595456, 40.55136238263488], [-0.121486792062148, 40.55117919793129], [-0.121864706015926, 40.55110918286841], [-0.122260705810462, 40.55110316746833], [-0.122513100313019, 40.55104590803394], [-0.12303529671358, 40.55101126092394], [-0.123266885080951, 40.55095348130197], [-0.123481065044414, 40.55081582961984], [-0.123928188764621, 40.55058865574272], [-0.124311533034314, 40.55039166682304], [-0.12469285430061, 40.55033920299585], [-0.12502235531317, 40.55042684821935], [-0.125237479911026, 40.55026697353253], [-0.125306011653678, 40.55012569129357], [-0.125361379485826, 40.549999968958176], [-0.125424254969324, 40.549893499017884]]}}, {"type": "Feature", "properties": {"id": "317474", "elemento": "Riu de 5t orde i de 6t orde (torrent, barranc). CURSOS D'AIGUA NATURALS", "texto_normalizado": "Barranc de Cros"}, "geometry": {"type": "LineString", "coordinates": [[-0.146112307720203, 40.576841355668], [-0.146111955776239, 40.57684093714022], [-0.146039881385631, 40.576755342520684], [-0.145961696709253, 40.57669526629123], [-0.145881913768522, 40.576672772514804], [-0.145776989743566, 40.576608614958346], [-0.145707621394999, 40.576552176586866], [-0.145693621318527, 40.57645948623534], [-0.145707669804901, 40.57634012751406], [-0.145725616370387, 40.5762345461637], [-0.145769431573953, 40.57615354552932], [-0.145734189903726, 40.576032967953246], [-0.145692433380728, 40.57596011135363], [-0.145517538522144, 40.575959207271495], [-0.145281510850056, 40.57591916807868], [-0.145053717879427, 40.57589643308375], [-0.144885484173912, 40.57584438979406], [-0.144728537685053, 40.57573790244456], [-0.144473913227463, 40.57550245232539], [-0.144429277009742, 40.57539190201355], [-0.144368463337425, 40.57523991031417], [-0.144366480463241, 40.575075693076954], [-0.144298304191297, 40.57488589716296], [-0.144203072379354, 40.57480487698242], [-0.144047702015505, 40.57476683082727], [-0.143538358162955, 40.57472002524901], [-0.142987961242122, 40.574689302298836], [-0.142594971746442, 40.57464879339032], [-0.142336838136607, 40.57460136093822], [-0.142049202060864, 40.57461476049163], [-0.141802183512958, 40.574622325064844], [-0.141639018280536, 40.57455672160408], [-0.141544081315283, 40.574468865617106], [-0.141475591876143, 40.57439192638305], [-0.141365758729807, 40.57433790334423], [-0.14121068232022, 40.574293020625966], [-0.140967158091506, 40.57421858590011], [-0.140830150726734, 40.574170730208536], [-0.140618137197181, 40.57409365435849], [-0.140431988862719, 40.57404116083842], [-0.140244093887609, 40.57402966487397], [-0.13988939701596, 40.57403797755526], [-0.139633127379507, 40.57405214830337], [-0.139508106445039, 40.57403879006919], [-0.139438601686431, 40.57398576461336], [-0.139304070512233, 40.5738798254679], [-0.139126774638157, 40.573724944187695], [-0.138904963464692, 40.57356211830943], [-0.138702386956359, 40.573368987747564], [-0.138488811551371, 40.57322346622722], [-0.138266129517934, 40.5730811385595], [-0.138129709256371, 40.573019614169546], [-0.13788346142171, 40.57290406253471], [-0.137703693231865, 40.57280726080804], [-0.137629746300772, 40.57264809905153], [-0.137549497426009, 40.572321192860564], [-0.137332904742288, 40.57214139332098], [-0.137108771462088, 40.57203322854354], [-0.136978729314714, 40.57192739806256], [-0.136823845223091, 40.57177306918157], [-0.136652897536752, 40.57167990465088], [-0.136515898628469, 40.57163204409675], [-0.13643339407383, 40.57156843430761], [-0.136349469386117, 40.57143296524183], [-0.136240957289778, 40.57134818908572], [-0.13614471994166, 40.571291078420714], [-0.136076241094994, 40.571214136292774], [-0.135962519407936, 40.57114633071308], [-0.135793138891643, 40.57112160687486], [-0.135681857795995, 40.57110174543801], [-0.135653265375348, 40.57103605197677], [-0.135618627404108, 40.57090180632242], [-0.1355095532027, 40.57077768307806], [-0.135416499260419, 40.57071609138936], [-0.135345201604114, 40.57070520133262], [-0.135219751730778, 40.57070208791167], [-0.135092356329499, 40.570744528408696], [-0.13495398507039, 40.57076389471219], [-0.134750680178108, 40.570763408645234], [-0.134638732763409, 40.57072414806603], [-0.134478077380839, 40.570565112492375], [-0.134381968037815, 40.57043504016824], [-0.134201642887583, 40.57031655791037], [-0.134130367135352, 40.57024746159624], [-0.134129242088344, 40.57016876965126], [-0.1340531181481, 40.57006085456645], [-0.13398897606279, 40.56998743801137], [-0.134001583290666, 40.56990224698841], [-0.134021984895963, 40.56984461053278], [-0.133993874302857, 40.56966264351765], [-0.133967763995443, 40.56953886916723], [-0.134004127744705, 40.56931746096423], [-0.13404165817783, 40.5690687206615], [-0.134063996500096, 40.56886064516355], [-0.134065642972335, 40.568717038964756], [-0.134033739946517, 40.56862390185949], [-0.133880078064258, 40.56833621240425], [-0.133747464506579, 40.56818585244574], [-0.133693160900273, 40.5680921599152], [-0.133572966978335, 40.56796604918698], [-0.133385030667138, 40.56774591102767], [-0.13328265611375, 40.56751763746729], [-0.133226104204624, 40.56726656081864], [-0.133190598424138, 40.56715281299005], [-0.133021125467201, 40.567025477803924], [-0.132947924944768, 40.5668492315257], [-0.132803627637049, 40.56665753827169], [-0.132628553270751, 40.56645139934986], [-0.132559980175797, 40.56627184685495], [-0.132559673309554, 40.5659640240206], [-0.132417071498479, 40.5655226993063], [-0.132320978657226, 40.56514751380733], [-0.132335572500414, 40.56480585911912], [-0.132386837910097, 40.564550620418174], [-0.132469607053745, 40.56429274336974], [-0.132475735990762, 40.56414924848969], [-0.132447193297984, 40.56397753124806], [-0.132235061756952, 40.56358920200184], [-0.131983927845686, 40.5631691222538], [-0.131902257069236, 40.56287637785102], [-0.131775977950452, 40.56247308074581]]}}, {"type": "Feature", "properties": {"id": "315725", "elemento": "Riu de 5t orde i de 6t orde (torrent, barranc). CURSOS D'AIGUA NATURALS", "texto_normalizado": "Barranc del Garro"}, "geometry": {"type": "LineString", "coordinates": [[-0.10211206427552, 40.526148638579784], [-0.102863307823757, 40.526152792582536], [-0.104047093407379, 40.526245929226896], [-0.104151028344521, 40.52628633569393], [-0.104388941787495, 40.52637882575072], [-0.104864536024347, 40.526600718972375], [-0.105222210770695, 40.52678650011336], [-0.10547838384478, 40.52697526227338], [-0.105630149839834, 40.52715035468189], [-0.105777401513924, 40.52743031773261], [-0.105860216057794, 40.52760920632697], [-0.105866958800853, 40.5277889513528], [-0.105863141827384, 40.52804578706518], [-0.105855234170993, 40.528313572024544], [-0.105859496680081, 40.528382745870125], [-0.105895835651064, 40.52846377559286], [-0.105986068916685, 40.52855444466459], [-0.106099785864505, 40.52860426030532], [-0.106260280764191, 40.528660775100356], [-0.106653491889944, 40.528778375576984], [-0.106820510346492, 40.528851629884684], [-0.106950832392081, 40.52885213220691], [-0.107182306959188, 40.52885793233403], [-0.107405184964129, 40.528811024611095], [-0.107720739313766, 40.52871394797682], [-0.107769856072984, 40.52869932219102], [-0.10782343538214, 40.52868336702636], [-0.108084616668423, 40.5285876906879], [-0.108467226182084, 40.52853096840287], [-0.108807320267081, 40.52853672219076], [-0.109000132070203, 40.52859956747109], [-0.109119778926519, 40.52867991885022], [-0.109247072331808, 40.52883505538969], [-0.109296158773667, 40.52904072569052], [-0.109297569986858, 40.529344659512745], [-0.109210097814769, 40.52977897685058], [-0.109163074606158, 40.529946323665364], [-0.109189334329943, 40.53009340541131], [-0.109282890810407, 40.53027532396688], [-0.109367972816441, 40.53040177665994], [-0.109500777991851, 40.53068137153661], [-0.109643844161727, 40.5309750383498], [-0.109642119252444, 40.53109931757891], [-0.109609744653507, 40.53117862587471], [-0.109558571256639, 40.531274038514674], [-0.109456878691739, 40.53136542469808], [-0.109287114339387, 40.531524173399575], [-0.109173385226292, 40.531642886546315], [-0.109150258625682, 40.5316754592657], [-0.108981973915171, 40.53188397314183], [-0.10896661189206, 40.5319885724482], [-0.108947753052071, 40.532090320785315], [-0.109005678969356, 40.53217465170588], [-0.109104816481285, 40.532226862751315], [-0.109201406876293, 40.5322541465385], [-0.109462003040395, 40.53234079016489], [-0.109751535908137, 40.53242815582465], [-0.10989816967002, 40.532470505230386], [-0.110034545656811, 40.53249878427905], [-0.110159123637799, 40.532548867850544], [-0.110382247663819, 40.53266496164385], [-0.110605135209051, 40.5327865740917], [-0.110764279323772, 40.53295908110307], [-0.110892827114035, 40.53316950083969], [-0.110975780254085, 40.53334562768487], [-0.11098283553768, 40.533434211434404], [-0.11096433274164, 40.5335276806168], [-0.110935099435573, 40.53361811787045], [-0.110897918322828, 40.53372493302281], [-0.110870167351188, 40.533865135946144], [-0.110879947875079, 40.53405877188295], [-0.110913982692009, 40.534109352190015], [-0.110977547416287, 40.53414685805146], [-0.111081612283309, 40.53416880052911], [-0.111184609572472, 40.53421558139828], [-0.111363622846189, 40.53434714456977], [-0.111425646060255, 40.534420526814124], [-0.111471363347244, 40.53445206085943], [-0.111692716867399, 40.53460954806408], [-0.112025608426846, 40.53478363843427], [-0.112134180826762, 40.53486923472429], [-0.112237831043081, 40.534985097992546], [-0.11229457994372, 40.535097026447616], [-0.112309107870302, 40.53518027202573], [-0.112305015695186, 40.53535974565432], [-0.11230133962614, 40.53544529749694], [-0.112318774216961, 40.53554519077161], [-0.112407246719642, 40.5356772510526], [-0.112515288872896, 40.53585952931742], [-0.112634241116098, 40.535956436554976], [-0.112763628836055, 40.53597901085949], [-0.112909146404166, 40.53596331159329], [-0.11302015005265, 40.53590807047439], [-0.113131630126136, 40.535841789359466], [-0.113241685022018, 40.53580862609816], [-0.113368879456516, 40.535797993081054], [-0.113455333883799, 40.53580844311643], [-0.113536871094895, 40.53584916034729], [-0.113560293972352, 40.535893949566656], [-0.113579390017598, 40.53595520560211], [-0.113601509083296, 40.53603035241577], [-0.113682158287991, 40.53617602954321], [-0.11374021199172, 40.536257599721814], [-0.113835862078734, 40.53630695617064], [-0.114021941147108, 40.536358574917784], [-0.11419870926483, 40.53637404362399], [-0.114304793313188, 40.53634906849616], [-0.114360946725853, 40.53630626846233], [-0.114392135982979, 40.536254556029704], [-0.11441644679621, 40.53619438506519], [-0.114477874724366, 40.53611303820094], [-0.114544645037518, 40.53607603023312], [-0.114691700592556, 40.53602445014657], [-0.114964528765633, 40.535995353166676], [-0.115168513535851, 40.53596729870411], [-0.115409086948885, 40.53601475010125], [-0.115466132933964, 40.53603551563692], [-0.115540554018143, 40.536073290261584], [-0.115599083797928, 40.53614381961563], [-0.115639056445457, 40.5362249371158], [-0.115648732283528, 40.53642133170291], [-0.115601124722724, 40.53660247990984], [-0.115437656736306, 40.53695202271634], [-0.115418921934685, 40.5370510118233], [-0.115420289272618, 40.53710353799368], [-0.115434648798804, 40.537275184395234], [-0.115462046958837, 40.53731178416068], [-0.115584379294988, 40.53736134647957], [-0.115823894733637, 40.537380426843455], [-0.116109090768687, 40.53733516206189], [-0.116394286381681, 40.537289898361415], [-0.116754123380195, 40.53730543384438], [-0.116897639962874, 40.53736140732587], [-0.117069841107582, 40.53754906846723], [-0.117596021425105, 40.53828910753114], [-0.118113919715982, 40.53902238746783], [-0.118361775392765, 40.5394476872212], [-0.118539351723862, 40.53991052524608], [-0.118783566542963, 40.54042086542925], [-0.119002178672154, 40.5407275588917], [-0.119278693134014, 40.540885077033515], [-0.119648127288219, 40.54107765756357], [-0.119877683660199, 40.54112922582782], [-0.12015431708333, 40.54108373755711], [-0.120521464807294, 40.5409291793935], [-0.120896066174911, 40.540801000596396], [-0.121215010259475, 40.54076966136627], [-0.121418001375201, 40.540840210580214], [-0.12150699956967, 40.540966852997535], [-0.121576325120248, 40.5411519442097], [-0.121666162285241, 40.54125896277189], [-0.121821238054838, 40.541446189954414], [-0.121947897218559, 40.54149518874441], [-0.122308319304907, 40.54149762524094], [-0.122564164910894, 40.54153674524656], [-0.122859519305659, 40.54170950703951], [-0.123066973058173, 40.54182817555729], [-0.123293580031202, 40.54199596423544], [-0.123628076009598, 40.54212590471837], [-0.124008502339829, 40.542175918462505], [-0.124338623778821, 40.54215982081997], [-0.124933095160867, 40.54217462710576], [-0.125368680443249, 40.54217736676398], [-0.125580991932204, 40.542182653185016], [-0.125672720782849, 40.542274115343886], [-0.125667870460534, 40.54238749315757], [-0.12571644408032, 40.54249409463214], [-0.12587117546775, 40.54260333903686], [-0.126143025218195, 40.542707392336226], [-0.126306962989893, 40.542705790596855], [-0.126376915771893, 40.54270510712227], [-0.126622115030808, 40.54268688907544], [-0.12689916106328, 40.54266946308279], [-0.127037164602134, 40.54267289750404], [-0.127193282568381, 40.54274974610487], [-0.127469518813552, 40.54299983260272], [-0.127727640843985, 40.5431765032936], [-0.128050152189187, 40.543338562329524], [-0.128466936463779, 40.54328407287341], [-0.129088533949739, 40.543161711821554], [-0.129775900595777, 40.54299234017701], [-0.130108447135098, 40.542919536552155], [-0.130527302758167, 40.542816449588585], [-0.130782080362261, 40.54282278195987], [-0.131224482566452, 40.54291484729166], [-0.131525423757893, 40.54308446622556], [-0.131851977232817, 40.54325529355946], [-0.132128347751777, 40.543399408236766], [-0.132244566937096, 40.543537360740146]]}}, {"type": "Feature", "properties": {"id": "317422", "elemento": "Riu de 5t orde i de 6t orde (torrent, barranc). CURSOS D'AIGUA NATURALS", "texto_normalizado": "Barranc de la Bardissa"}, "geometry": {"type": "LineString", "coordinates": [[-0.137087753440493, 40.5284221520492], [-0.137500941281165, 40.52839310487691], [-0.137535179842368, 40.52834483923427], [-0.13769836511976, 40.52783808868499], [-0.137712152837118, 40.52751427084577], [-0.137641517122134, 40.52720800654389], [-0.137331981259913, 40.52676812018629], [-0.137293753197572, 40.52630549052527], [-0.137250045400662, 40.52612268176451], [-0.137093784864719, 40.5257111524008], [-0.136982646682483, 40.52560034328907], [-0.136806377153588, 40.525507564543084], [-0.136705800822852, 40.525451044157634], [-0.136681963387897, 40.525406249193416], [-0.136681593440067, 40.52526380714912], [-0.136705062076408, 40.52516615829435], [-0.136704274162537, 40.52503352824662], [-0.136532394809688, 40.52483771726074], [-0.136393869285058, 40.524765520520084], [-0.136287541624579, 40.5245418651865], [-0.136206514272766, 40.524328661471614], [-0.136277287551511, 40.524178159850635], [-0.136402423549726, 40.52396024632734], [-0.136600949908088, 40.52383255860405], [-0.136694146066462, 40.52360894098014], [-0.136764547064263, 40.52331599688892], [-0.137060860918012, 40.52285675112453], [-0.137183531346568, 40.52254545715731], [-0.137258733521519, 40.522139665913755], [-0.137448665289593, 40.52160902106697], [-0.137543524936755, 40.5213461516866], [-0.137547911189229, 40.52124311876078], [-0.137434156447946, 40.520891581311936], [-0.137372044135867, 40.52053641340463], [-0.137335231936933, 40.52019169510906], [-0.137332283269082, 40.519656267028616], [-0.137273306556569, 40.51922750400233], [-0.137297442888017, 40.51896288118987], [-0.137452830006059, 40.51878991923309], [-0.137971043693498, 40.518257588293956], [-0.138183287986423, 40.51795833563382], [-0.1382779733982, 40.51754811554704], [-0.138278520970297, 40.517081535049954], [-0.138015323163777, 40.516461072631394]]}}, {"type": "Feature", "properties": {"id": "331708", "elemento": "Camí, senda, altres carreteres. VIES DE COMUNICACIÓ: CARRETERES, CAMINS", "texto_normalizado": "Pista del Campello"}, "geometry": {"type": "LineString", "coordinates": [[-0.094124512517448, 40.51054015309586], [-0.094400516559156, 40.51055526849916], [-0.095536817045425, 40.510893893702956], [-0.095788129903543, 40.5111389828982], [-0.096311999137734, 40.511137175918876], [-0.096518408527021, 40.51133482928448], [-0.097502644496477, 40.51272564284147], [-0.09765772938425, 40.51307085573942], [-0.097961005794293, 40.51347937208942], [-0.098092966680822, 40.5138408889577], [-0.098050355906899, 40.5143886704452], [-0.098306497212981, 40.51480964257984], [-0.09807951319787, 40.51493395023776], [-0.098098340476045, 40.51532155012274], [-0.099045044439598, 40.515734046593266], [-0.099600418330028, 40.51604932434448], [-0.099846152218944, 40.51654589373426], [-0.100538439743419, 40.517307878961155], [-0.10114615896737, 40.51773806872988], [-0.101662015303356, 40.51812622951145], [-0.1024111510608, 40.51869685907229], [-0.10286758490826, 40.51953817229543], [-0.103253217707755, 40.52005016046841], [-0.103008122959008, 40.52070519906658], [-0.10306539347887, 40.521208022362174], [-0.102476796868223, 40.52148015616505], [-0.102088537181884, 40.52205520793197], [-0.101906873772219, 40.52266721979783], [-0.101702409131797, 40.52307364305694], [-0.101662267130799, 40.52353185344617], [-0.101977822262433, 40.524442323817304], [-0.102373087986575, 40.52531507404136], [-0.102824321912539, 40.52585558825277], [-0.103534683568877, 40.52620095926786], [-0.104249153297509, 40.52645110248699], [-0.104562895666149, 40.52660608531082], [-0.105015498352682, 40.52687851162166], [-0.10531065059638, 40.52708689818961], [-0.105428258069533, 40.52719344912157], [-0.10550521708865, 40.52736114116003], [-0.105756672680439, 40.5279538299889], [-0.105764570418227, 40.528148799063764], [-0.105784349551121, 40.528257040487986], [-0.105823524831867, 40.52829324598731], [-0.105855234170993, 40.528313572024544], [-0.10602233042916, 40.52840597507024], [-0.106158621830749, 40.5284570482585], [-0.10679153038138, 40.52857858440476], [-0.107043483058745, 40.528655346678], [-0.107223443260377, 40.528701296087654], [-0.107476425523051, 40.52869105951171], [-0.107683382217141, 40.52867759590835], [-0.107769856072984, 40.52869932219102], [-0.108016048835233, 40.52870872112019], [-0.108182269066204, 40.528758469966924], [-0.108284853485576, 40.52883563142934], [-0.108476770646156, 40.529045569358736], [-0.108664193871688, 40.52929683643913], [-0.108822310813162, 40.52966132809765], [-0.108855343332358, 40.52984035142791], [-0.109100842885335, 40.53025676130635], [-0.109146816418946, 40.5304506101387], [-0.109160230149586, 40.53089643359622], [-0.109109736207298, 40.53137588025228], [-0.109129384850803, 40.53155042324629], [-0.109173385226292, 40.531642886546315], [-0.109269990426799, 40.53181709203114], [-0.109677904582386, 40.53224585378793], [-0.10989816967002, 40.532470505230386], [-0.110079289041616, 40.53263715557883], [-0.110212167998068, 40.532704715432416], [-0.110304621156604, 40.53276504654457], [-0.110520212178131, 40.533056382420604], [-0.110677148299495, 40.533259224487644], [-0.110716013611328, 40.533365871091384], [-0.110897918322828, 40.53372493302281], [-0.111039492465432, 40.53392719922111], [-0.111294271620365, 40.53412834549608], [-0.111464153168162, 40.534219621527534], [-0.111696387233856, 40.534376689201316], [-0.11193322403331, 40.534565625440045], [-0.112169293754453, 40.534717661244386], [-0.11231461577707, 40.534901524325704], [-0.112251050838828, 40.535192197301875], [-0.112420005096961, 40.53542048927099], [-0.112781016870447, 40.53578510337282], [-0.113261948175034, 40.53588480923012], [-0.113448885465262, 40.53599177420479], [-0.113588044981895, 40.5361706105477], [-0.113925428774829, 40.53619365845875], [-0.114573525395287, 40.535820175494514], [-0.115123873768466, 40.535790089372284], [-0.115243166375411, 40.535836909953865], [-0.115527457662673, 40.536204469605394], [-0.115527264223877, 40.53650646812946], [-0.115336688566414, 40.536930357860854], [-0.11547564625576, 40.53711405620131], [-0.115604082074364, 40.537172360236276], [-0.116373526802248, 40.5374376433325], [-0.116860269533093, 40.537566356463984], [-0.117610056709199, 40.53868587992089], [-0.118187767119481, 40.539464389881935], [-0.118383797955173, 40.5400391093421], [-0.118603446165138, 40.540459011751736], [-0.118858675671759, 40.540840948395335], [-0.119119452368672, 40.541093517769255], [-0.119948934722023, 40.54161106232601], [-0.12005329172452, 40.54168663101223], [-0.120145901691069, 40.541757343535394], [-0.120249673437436, 40.54184657754269], [-0.12034189334578, 40.54192640084525], [-0.120429119377481, 40.54198330055357], [-0.120452221522101, 40.54200211631824], [-0.12044909782418, 40.542075001917674], [-0.120409172098066, 40.54216977211882], [-0.120380601015631, 40.542278503823816], [-0.120365339178472, 40.54235564788079], [-0.12040666732671, 40.54250716700282], [-0.12045720280621, 40.542722758611134], [-0.120446660001268, 40.54296874814991], [-0.120504535141414, 40.54315260138258], [-0.120559366450508, 40.543267974593064], [-0.120549409573257, 40.5435002968459], [-0.12058016234079, 40.543619630700086], [-0.120618252217314, 40.5437072243257], [-0.120693147254517, 40.543772936950184], [-0.121064463682565, 40.543896202965534], [-0.121464076621473, 40.54405665420659], [-0.121646067877976, 40.54413415721599], [-0.121768539373469, 40.54420561298805], [-0.121837871095004, 40.544279407923504], [-0.121834733604122, 40.54433495079702], [-0.121754372318135, 40.54439679010418], [-0.121505640618713, 40.54448179329884], [-0.121352448814694, 40.54456917831979], [-0.121252806888223, 40.544662457912615], [-0.12117334217772, 40.54484288596562], [-0.121021471936327, 40.545317923491545], [-0.120993797314724, 40.54554524444855], [-0.121016040971349, 40.54572364755676], [-0.121098392013086, 40.54589443076216], [-0.121251035246342, 40.54609888638359], [-0.121835429355655, 40.54655124038955], [-0.122004118121907, 40.54666033083283], [-0.122201299054114, 40.54680205451366], [-0.122362845320386, 40.54693832656953], [-0.122472795886377, 40.54702315140303], [-0.122601636562862, 40.54708564621787], [-0.122737228582207, 40.54713006783712], [-0.122818880477832, 40.547177706188336], [-0.122944795359287, 40.5473085299615], [-0.12311360580541, 40.54755442995327], [-0.123370433833371, 40.54783900383304], [-0.123557164052551, 40.548085347913904], [-0.123816726559579, 40.54830614612305], [-0.124045847084598, 40.548539867264], [-0.124401082502207, 40.54889985391566], [-0.124554768121462, 40.5490678197326]]}}, {"type": "Feature", "properties": {"id": "317459", "elemento": "Camí, senda, altres carreteres. VIES DE COMUNICACIÓ: CARRETERES, CAMINS", "texto_normalizado": "Camí de Castellfort a Ares"}, "geometry": {"type": "LineString", "coordinates": [[-0.159264010746509, 40.5260549587007], [-0.159337226232809, 40.52599782209813], [-0.159387003226732, 40.52588608156174], [-0.159410228581735, 40.525641077753846], [-0.159345510007145, 40.52534479377041], [-0.159333268721985, 40.52517750104016], [-0.159373294755312, 40.524991848553896], [-0.159623002543545, 40.52441352088266], [-0.159794933326442, 40.524000270958204], [-0.159907958805158, 40.52361012913947], [-0.159940925605676, 40.52328678014286], [-0.159926298903665, 40.523181654393326], [-0.159916239146321, 40.52310935799369], [-0.159907138558356, 40.523099190138815], [-0.159615078006599, 40.5227728780623], [-0.159262894785171, 40.522273061175], [-0.158768438456217, 40.52163713132153], [-0.158575968310895, 40.521470314931115], [-0.158186470050913, 40.521244622628174], [-0.157911459146598, 40.52105121530546], [-0.157680002193244, 40.520893260169395], [-0.157546645378835, 40.52085068582984], [-0.157367246403861, 40.520831534246696], [-0.157013218686099, 40.5208326409027], [-0.156669560357259, 40.520892939822886], [-0.156336479714938, 40.520855267939034], [-0.15600340071771, 40.52081759423536], [-0.155542154585475, 40.52061468314441], [-0.155084649018777, 40.52032345451133], [-0.154705542424628, 40.520004687091024], [-0.154327271109571, 40.51966629333401], [-0.15383183380294, 40.519207133365725], [-0.153469742629507, 40.51894280861516], [-0.152812124101907, 40.51866628314754], [-0.152414778443235, 40.51847475870647], [-0.15225817298424, 40.51837348391268], [-0.152229702278282, 40.518235259158004], [-0.151680034443437, 40.51763886748664], [-0.151476818695591, 40.51737190655018], [-0.151073698877855, 40.51696249045946], [-0.150507164591567, 40.51656213765828], [-0.150325790717119, 40.516387395757654], [-0.1502149328698, 40.51616855256995]]}}, {"type": "Feature", "properties": {"id": "317381", "elemento": "Camí, senda, altres carreteres. VIES DE COMUNICACIÓ: CARRETERES, CAMINS", "texto_normalizado": "Entrador del Mas Gran"}, "geometry": {"type": "LineString", "coordinates": [[-0.122546402690039, 40.55101816379879], [-0.122302887415299, 40.5508713206962], [-0.121848526349178, 40.550586725972224], [-0.121331005399754, 40.55024018219014], [-0.1212995152848, 40.54990575620845], [-0.121306861058419, 40.54973435287581], [-0.121218692794167, 40.549458887620105], [-0.120621640811678, 40.54919932748239], [-0.120174354031543, 40.54898604580916], [-0.119638888625892, 40.548725542705874], [-0.119143898375705, 40.54854359710079], [-0.118743133310807, 40.54841844946557], [-0.118620956276778, 40.54835343794746], [-0.118438721464781, 40.548328670002604], [-0.118213526121677, 40.54835438905506], [-0.117820888370177, 40.54837954009208], [-0.117513785589505, 40.548352806907474], [-0.117332469457805, 40.54830697168492], [-0.117228851909262, 40.548294851941584], [-0.117196924653101, 40.54826227918981]]}}, {"type": "Feature", "properties": {"id": "317439", "elemento": "Assagador. VIES DE COMUNICACIÓ: CARRETERES, CAMINS", "texto_normalizado": "Assagador de l'Hostal de la Roja"}, "geometry": {"type": "LineString", "coordinates": [[-0.128972243292218, 40.50939326317641], [-0.129451135990212, 40.50921743932002], [-0.129831709664301, 40.5090451746759], [-0.131061677762577, 40.50872211249783], [-0.131378534056687, 40.50868578094062], [-0.132125230360491, 40.50867977188839], [-0.132550943509212, 40.508655964028634], [-0.133078049540079, 40.5086631322532], [-0.133425574233083, 40.50866785755827], [-0.133657192627089, 40.50866869671951], [-0.133840887020864, 40.50873710613132], [-0.134497490489354, 40.509033358197684], [-0.134697755853865, 40.50916602794533], [-0.1347263432223, 40.50925023255685], [-0.134701416939935, 40.509382224760195], [-0.134536381196139, 40.50993313044364], [-0.134538159375364, 40.51019348528702], [-0.134584309198587, 40.510469674384396], [-0.134642739779796, 40.51060864675175], [-0.134815206447159, 40.51078974108355], [-0.135085559748083, 40.51093888335645], [-0.135475755130591, 40.511145024419484], [-0.135547461687411, 40.51127450331121], [-0.135537641415636, 40.511505100546735], [-0.135485330045895, 40.51167570574736], [-0.13544258119801, 40.51177287533405], [-0.13534343946231, 40.51183426523779], [-0.135192243643032, 40.51190909847504]]}}, {"type": "Feature", "properties": {"id": "317428", "elemento": "Riu de 5t orde i de 6t orde (torrent, barranc). CURSOS D'AIGUA NATURALS", "texto_normalizado": "Barranc de la Rota"}, "geometry": {"type": "LineString", "coordinates": [[-0.122270937313556, 40.50676830433604], [-0.122131669923022, 40.50759099421812], [-0.122320036114134, 40.50781017319518], [-0.122123984197395, 40.50798958454515], [-0.122069239452217, 40.50807719155827], [-0.121997150366423, 40.50830258916406], [-0.121968081463143, 40.508738776699616], [-0.121984204775814, 40.509334967986]]}}, {"type": "Feature", "properties": {"id": "317431", "elemento": "Riu de 5t orde i de 6t orde (torrent, barranc). CURSOS D'AIGUA NATURALS", "texto_normalizado": "Barranc de la Portera"}, "geometry": {"type": "LineString", "coordinates": [[-0.125841274585454, 40.50872721598189], [-0.124571410730159, 40.50897363471912], [-0.123874035394136, 40.50921841388359], [-0.122799783829957, 40.50927108875859], [-0.12199516536403, 40.50934636238815], [-0.121969151309283, 40.509711131244856], [-0.122323956022098, 40.51041903412254], [-0.12284308269899, 40.51117869317842], [-0.122983424413145, 40.51154760826245], [-0.122888242350819, 40.51206953110409], [-0.122486447261537, 40.512702970316184], [-0.122373240919936, 40.51291622208033], [-0.122296808006839, 40.51348627500312], [-0.122271894387381, 40.514311814216214], [-0.122263276815546, 40.51475645555224], [-0.122261579079816, 40.51479613232433]]}}, {"type": "Feature", "properties": {"id": "317443", "elemento": "Camí, senda, altres carreteres. VIES DE COMUNICACIÓ: CARRETERES, CAMINS", "texto_normalizado": "Pista de l'Oronal"}, "geometry": {"type": "LineString", "coordinates": [[-0.141691570696337, 40.56882568377332], [-0.142642303545189, 40.56851558208821], [-0.143017596254672, 40.56850898368433], [-0.14339896748736, 40.56835954564258], [-0.143701140468042, 40.56811282101142], [-0.143942226855223, 40.567832808636], [-0.143974517920697, 40.567563517612456], [-0.143985996786042, 40.56729371253368], [-0.143976663777932, 40.56702339161481], [-0.144153959534816, 40.56677357498782], [-0.144161386378199, 40.5665989952344], [-0.144089617966547, 40.56632712959952], [-0.144210554341673, 40.565932930438144], [-0.144281764030534, 40.565728152206425], [-0.144575262074856, 40.56519523350481], [-0.144681455945113, 40.56465768012981], [-0.144609013193258, 40.5644016858292], [-0.144385494378646, 40.564269055410165], [-0.144171429125782, 40.56391423070609], [-0.14382034873211, 40.563841994299544], [-0.143512915222772, 40.563723173633235], [-0.14287656793331, 40.5635008850605], [-0.142344276633617, 40.563281169940055], [-0.142014687978275, 40.563193571457305], [-0.141765639621508, 40.56317151733416], [-0.141579021778287, 40.563151009521654], [-0.141446725735844, 40.563322496988754], [-0.141292943752397, 40.56350934085358], [-0.141223079429247, 40.563682374145046], [-0.141174700039598, 40.56384005263192], [-0.141141724617715, 40.56412521372019], [-0.141111452203324, 40.5643468907196], [-0.141102666297471, 40.56455321300383], [-0.141154961672686, 40.564792822658234], [-0.141251581618947, 40.564969979907524], [-0.141309284220414, 40.56508262228794], [-0.141359552051756, 40.56536984488472], [-0.14130441456822, 40.56568623172527], [-0.141184813548399, 40.56604868527059], [-0.141095486204194, 40.566189461776396], [-0.141110890621799, 40.56631694438623], [-0.14129616530448, 40.56636919616218], [-0.141651310122022, 40.56634621538014], [-0.141922533055903, 40.56633704338871], [-0.142127944380122, 40.56640568016225], [-0.142308490982462, 40.5665690266155], [-0.142283625745434, 40.566663736638354], [-0.142095646760206, 40.56667497048446], [-0.141782123498932, 40.56669898322475], [-0.14150549153787, 40.56683512201301], [-0.141514138824388, 40.567121312914516], [-0.141380483652036, 40.56732454288233], [-0.141305882748087, 40.56760867302927], [-0.141573057168956, 40.56769472722651], [-0.141754281426341, 40.56784220357407], [-0.141565485029474, 40.56836182054857], [-0.141582241073956, 40.568457561052114], [-0.141572103712986, 40.56869562439221], [-0.141584806003669, 40.56888659097465]]}}, {"type": "Feature", "properties": {"id": "317538", "elemento": "Riu de 5t orde i de 6t orde (torrent, barranc). CURSOS D'AIGUA NATURALS", "texto_normalizado": "Barranc de l'Ombria"}, "geometry": {"type": "LineString", "coordinates": [[-0.126306961771985, 40.542705791467256], [-0.126322307876452, 40.54281544677572], [-0.126251686290873, 40.54297582888593], [-0.126108833668146, 40.543085772278424], [-0.126026901032728, 40.54326208918589], [-0.125819311360544, 40.54339474176147], [-0.12563815257708, 40.543406446116016], [-0.125425837213472, 40.54340115966913], [-0.125160442498381, 40.54339455104799], [-0.124895047871259, 40.543387941818125], [-0.124650885552473, 40.54338186080549], [-0.124469724425816, 40.54339356146138], [-0.124091240470364, 40.5435462752609], [-0.123041746144775, 40.5439822300679], [-0.12238238760668, 40.54424143763594], [-0.122210798332791, 40.54427769447555], [-0.121891976338043, 40.54427785470834], [-0.121837871095004, 40.544279407923504], [-0.121136514275197, 40.54429955388897], [-0.120375296675675, 40.544207603378744], [-0.119955028893391, 40.54434304827909], [-0.119719051229246, 40.544393909749864], [-0.119483765270114, 40.544428575086854], [-0.119301211850569, 40.54447266225325], [-0.119169307406825, 40.544574761823824], [-0.118993897938864, 40.54470009849758], [-0.118669862294716, 40.5448217236651], [-0.118486959932024, 40.544873909067896], [-0.118301625721812, 40.54498278223449], [-0.11798195153265, 40.545250443029005], [-0.11780584329218, 40.545391973301754], [-0.117632511650633, 40.545468715618746], [-0.117355105381718, 40.545494218447885], [-0.117142784972557, 40.54548891655645], [-0.117022185606039, 40.54557508121818], [-0.116922818649617, 40.54566177781219], [-0.116603990927476, 40.54566192320694], [-0.11628551093077, 40.54565396815574], [-0.116102952329138, 40.54569805006765], [-0.115938147305979, 40.545823645100214], [-0.115796662928683, 40.545901182045625], [-0.115478529800345, 40.545885125171814], [-0.115077552116366, 40.545818356677934], [-0.11448305485565, 40.545803498619186], [-0.114184065793727, 40.54583656076445], [-0.113818944990237, 40.54592471750956], [-0.113236106653697, 40.54588582335914], [-0.112771786166405, 40.545809354644305], [-0.112494725457033, 40.54582674613576], [-0.11206904001445, 40.545840419033084], [-0.111343670126365, 40.54590334240177], [-0.111027625973074, 40.5458386832621], [-0.110819485065372, 40.54573618979505], [-0.110565747016065, 40.54570551808627], [-0.110152419373964, 40.54567895740085], [-0.109715422889268, 40.54570855314124], [-0.109187573586528, 40.545873692486296], [-0.108884054055022, 40.546012018320994], [-0.108604203594868, 40.54609418748986], [-0.108326792653509, 40.54611966660265], [-0.108007961855404, 40.546119786308395], [-0.107635355360315, 40.54613477248873], [-0.107305909321033, 40.54613462609019], [-0.106786770750862, 40.5460972954709], [-0.106167404426619, 40.54591962988035], [-0.105810996403264, 40.545805302429976], [-0.105222436420539, 40.54565272523441], [-0.104845147934171, 40.54552976659492], [-0.104429936038149, 40.545300461059306], [-0.104244785302261, 40.54515799668098], [-0.104166691999042, 40.545060325983805], [-0.104130899165419, 40.54500330817713], [-0.102075163701159, 40.54440773873171], [-0.100944177611445, 40.543820659647054], [-0.099404689183078, 40.543767283998555], [-0.098266507899059, 40.54423854836372], [-0.097350246959727, 40.544480149095435], [-0.096007080316959, 40.54434345168522], [-0.095471851018353, 40.54424177243259], [-0.094355429878618, 40.54465473767236], [-0.093018157049615, 40.54482689682175], [-0.091473566980913, 40.544890901734426], [-0.089572749837739, 40.54472537309315]]}}, {"type": "Feature", "properties": {"id": "317454", "elemento": "Riu de 5t orde i de 6t orde (torrent, barranc). CURSOS D'AIGUA NATURALS", "texto_normalizado": "Barranc Fondo"}, "geometry": {"type": "LineString", "coordinates": [[-0.119719051229246, 40.544393909749864], [-0.119554751774613, 40.544260098168614], [-0.119406129686411, 40.54425638980172], [-0.119202693954636, 40.54429184749888], [-0.118843491364756, 40.54424234930956], [-0.118673639388046, 40.544238110158346], [-0.118278769242612, 40.5442768963697], [-0.117699415655176, 40.544157040168145], [-0.117072734566606, 40.544149498509846], [-0.116831351423257, 40.54407861510315], [-0.116666018465584, 40.543969092996406], [-0.116573255063633, 40.54390191909041], [-0.116382519621785, 40.54388904851549], [-0.11625895466896, 40.54379678382779], [-0.116147742987126, 40.543664293549234], [-0.116004337226236, 40.54353910355481], [-0.115837616311404, 40.54346197500543], [-0.115567171633213, 40.543325505923576], [-0.115316221561362, 40.543230057390204], [-0.115063531142931, 40.54317510067464], [-0.114673882734283, 40.54309239932153], [-0.114392479465636, 40.54296376006928], [-0.114152843005364, 40.54285237711625], [-0.113969068605715, 40.54267753500253], [-0.11377293871786, 40.54254291774707], [-0.113566194869205, 40.542408036586586], [-0.113401567350904, 40.54228231279752], [-0.113180728550171, 40.54222814841019], [-0.112957804596311, 40.54222257374841], [-0.112848554168294, 40.54221187022389], [-0.112735576670843, 40.54220080316753], [-0.112397970831316, 40.542143716896], [-0.112116921892069, 40.54200697276025], [-0.111972833361434, 40.541897977240176], [-0.111672297922087, 40.541720208709314], [-0.111471574696844, 40.54151931505066], [-0.111360163686715, 40.541378692585646], [-0.111228676920961, 40.54117925708827], [-0.111096544267176, 40.54105807392923], [-0.110700005214434, 40.54089753248243], [-0.110030634287432, 40.54049440848204], [-0.109879668860497, 40.54041204535141], [-0.10976412535439, 40.54030437420328], [-0.109638885013949, 40.54022265479754], [-0.109499338860494, 40.54022594155676], [-0.109389097185744, 40.54024259534192], [-0.109168410847827, 40.54018468017855], [-0.108649303628376, 40.540079999966224], [-0.107954204928958, 40.54007568728527], [-0.107769916488876, 40.54016929899899], [-0.107680793087518, 40.54024565005233], [-0.107517875744036, 40.54024156828744], [-0.107394609692297, 40.54011405489267], [-0.10724364609322, 40.54003169018862], [-0.107040112763887, 40.5399742007762], [-0.1062199004428, 40.54008461543294], [-0.10553546943708, 40.54023117324837], [-0.10499612029561, 40.54019800475444], [-0.104691385539835, 40.54009868053581], [-0.104237665650399, 40.53987119731368], [-0.104006998511162, 40.539823985471024], [-0.103982405682596, 40.53981895324142], [-0.103897348382657, 40.53978603124119], [-0.103388091315922, 40.53983189133967], [-0.101791635001162, 40.53978009137385], [-0.100770081223829, 40.53994207640542], [-0.099270153443878, 40.53943529872113], [-0.098431027143075, 40.538933386380094], [-0.097805522051299, 40.53882384322653], [-0.09669068250094, 40.53865507879756], [-0.095766066053619, 40.53903370312842], [-0.095125762249974, 40.53929589620229], [-0.09278924541848, 40.54071472363957], [-0.092212460294556, 40.54089956119119], [-0.090253168492358, 40.54106128195538], [-0.088762772181721, 40.541398978633]]}}, {"type": "Feature", "properties": {"id": "317469", "elemento": "Camí, senda, altres carreteres. VIES DE COMUNICACIÓ: CARRETERES, CAMINS", "texto_normalizado": "Pista de la Serra"}, "geometry": {"type": "LineString", "coordinates": [[-0.182530879903082, 40.57175452736781], [-0.182431260959318, 40.571663353127875], [-0.182337274523274, 40.571592037587955], [-0.182290359233559, 40.57147749875933], [-0.182213012171625, 40.571317846608814], [-0.182083376079303, 40.571171707785346], [-0.181981484088968, 40.5711347092114], [-0.18178627635009, 40.571164454606404], [-0.181741065300337, 40.571163350789256], [-0.18163250867034, 40.57113111974036], [-0.181320948698914, 40.57085235372988], [-0.181141920654847, 40.570650777138574], [-0.181024377963307, 40.57052465285869], [-0.180930808338528, 40.57044348526919], [-0.180815794137188, 40.57041109575522], [-0.180720983779234, 40.570359478286896], [-0.180639504355361, 40.57029832704609], [-0.180604889240934, 40.57019887871533], [-0.180677129658684, 40.570018228139915], [-0.180798141816677, 40.56990779005756], [-0.180996862403685, 40.56979431995665], [-0.181116219000049, 40.56972328279245], [-0.181184526732082, 40.56963620817209], [-0.181214705055176, 40.56953341167216], [-0.181217393672017, 40.56946938558315], [-0.181135086348012, 40.56942793487237], [-0.180867965268033, 40.569322808581134], [-0.180456023947358, 40.56912540172323], [-0.180248272887177, 40.568992143563236], [-0.180029009018949, 40.568671258212916], [-0.179695935403964, 40.56813559534795], [-0.179596532449642, 40.56803949432392], [-0.179277709351834, 40.56778026671493], [-0.179064334909542, 40.567627148645094], [-0.178897410578242, 40.56744558390034], [-0.178773418666604, 40.56731929974496], [-0.178610470780136, 40.56719699386769], [-0.178548785133781, 40.56712646476574], [-0.178518357547927, 40.56708134970312], [-0.178427899492223, 40.56692630422882], [-0.178342659767691, 40.56680096683639], [-0.178232000454515, 40.5666651478084], [-0.178181328875571, 40.56648642376136], [-0.178043554653838, 40.56622668878464], [-0.177983527893667, 40.56611675824134], [-0.177989324681211, 40.56597885626614], [-0.178048442468714, 40.56580281610323], [-0.17805312306992, 40.56538386798147], [-0.178033006438618, 40.564939663586095], [-0.177968511556662, 40.56447465386245], [-0.177782804824782, 40.56412500403107], [-0.177581078551802, 40.56384891328427], [-0.177366269563808, 40.563730268217085], [-0.176785015821657, 40.56356321950081], [-0.175933326006937, 40.563216997299676], [-0.17532915016543, 40.562980358225566], [-0.174691379326369, 40.56246680639941], [-0.17447865382643, 40.56229890510788], [-0.174300736452365, 40.56222552782358], [-0.174039491448404, 40.56213532053777], [-0.173868240605651, 40.56205717614361], [-0.173754280917691, 40.56200015457266], [-0.173573848336338, 40.561833042258954], [-0.173468834340164, 40.56171707734775], [-0.173401116576363, 40.56163653673321], [-0.173313819206709, 40.56156044718838], [-0.173139875146477, 40.56154632751937], [-0.17261949522156, 40.56146949136706], [-0.172457223694986, 40.56148523715691], [-0.172227442209424, 40.56141551686725], [-0.171897008137692, 40.56112640412631], [-0.171302617728587, 40.56065826701577], [-0.170903232857561, 40.56031816087932], [-0.170502606867164, 40.56000760264901], [-0.170135102707579, 40.55967813551189], [-0.169964466852647, 40.55945784771307], [-0.169715596647707, 40.55936409974276], [-0.169235652685565, 40.55929974297509], [-0.168971613749225, 40.559293267930194], [-0.16869461676822, 40.55932153323786], [-0.167944020495984, 40.55968000274742], [-0.167722207353888, 40.55976220812016], [-0.167572966651331, 40.55975854638565]]}}, {"type": "Feature", "properties": {"id": "317466", "elemento": "Camí, senda, altres carreteres. VIES DE COMUNICACIÓ: CARRETERES, CAMINS", "texto_normalizado": "Camí de Guardiola"}, "geometry": {"type": "LineString", "coordinates": [[-0.171781132396459, 40.56736957117518], [-0.171526704142124, 40.56747455185498], [-0.171382356101413, 40.567439239166376], [-0.171240014602675, 40.567356312037134], [-0.171122497435971, 40.56717866803281], [-0.170953620938297, 40.56698387649405], [-0.17078240309655, 40.566844635115416], [-0.170431943236976, 40.56675660593912], [-0.170038523137288, 40.56669929902226], [-0.169717609826028, 40.566651712016785], [-0.169264431846443, 40.56652938513182], [-0.168935457171741, 40.56642599139559], [-0.168699467532663, 40.56634076526268], [-0.168322146240417, 40.56614880146897], [-0.168149263624617, 40.566049233558225], [-0.167887749157236, 40.56582833368824], [-0.167749098155774, 40.565658111255026], [-0.167442616084129, 40.565515546105345], [-0.167385203370117, 40.56539497918146], [-0.167383503575483, 40.56518839778125], [-0.16743550614109, 40.56494341418212], [-0.167378428673924, 40.564814912023074], [-0.167193470307026, 40.56475476634934], [-0.167041763708553, 40.56489403267976], [-0.166647064379395, 40.56536097598487], [-0.16615694639539, 40.564880257822715], [-0.166105230969107, 40.56462478514537]]}}, {"type": "Feature", "properties": {"id": "311311", "elemento": "Riu de 2n orde. CURSOS D'AIGUA NATURALS. TOPONÍMIA MAJOR", "texto_normalizado": "Rambla de Sellumbres"}, "geometry": {"type": "LineString", "coordinates": [[-0.243432320155987, 40.50022669678372], [-0.243401017231471, 40.50032906686334], [-0.243436317856108, 40.500404826534904], [-0.243475226865348, 40.50048833490049], [-0.243528846466094, 40.50057443722838], [-0.243550978069293, 40.50060997715995], [-0.24361797962254, 40.50066442539807], [-0.243640417795784, 40.50068265955964], [-0.24371158419274, 40.50074049214284], [-0.24393926322396, 40.50087603140756], [-0.244216514289413, 40.50100590671637], [-0.24452148982277, 40.50111589889335], [-0.244710468003269, 40.5011648855037], [-0.244783340031755, 40.501183776020085], [-0.244817601865057, 40.50120060137169], [-0.244937229240495, 40.50125934801654], [-0.245159871720204, 40.501408460449], [-0.245328465348676, 40.50156313057678], [-0.245446649204551, 40.50174398855434], [-0.245469814274045, 40.50178567778979], [-0.245521845249878, 40.501879312011084], [-0.245517801694591, 40.50197809219934], [-0.245517364675729, 40.501988768122736], [-0.245510082414362, 40.502057070272386], [-0.245440628446829, 40.50221975760118], [-0.245398986596349, 40.50232343987115], [-0.245395679554446, 40.502331672088275], [-0.245279314579403, 40.50243503555212], [-0.24527336901495, 40.50243868582511], [-0.245086073387196, 40.50255368342899], [-0.24473011655982, 40.502702686670105], [-0.244214242300236, 40.50292319764941], [-0.243895110083601, 40.50304911114367], [-0.243501974003159, 40.503257917529695], [-0.243459887790962, 40.503271543577995], [-0.243366966028327, 40.50331871553549], [-0.243328702606608, 40.503338139860034], [-0.243253759149414, 40.50337618498149], [-0.243069333310139, 40.50349846355176], [-0.243040996890746, 40.50352592876102], [-0.242936202374322, 40.50362749973936], [-0.242924535985163, 40.50363880737743], [-0.242814463561853, 40.50380737152959], [-0.242799614910873, 40.503950817818854], [-0.242803126916554, 40.504086815642516], [-0.242806210016348, 40.5042062404761], [-0.242808284201055, 40.50428656005393], [-0.242819479768622, 40.504451171280365], [-0.242815975606032, 40.504536682819584], [-0.242856012577313, 40.504873173973486], [-0.242909216732753, 40.5051072648794], [-0.242925675076572, 40.50515445470437], [-0.242957383891637, 40.50524536829764], [-0.243007232009921, 40.505342425628115], [-0.24301260383165, 40.505350885693545], [-0.243053581595938, 40.5054154326116], [-0.243101473030746, 40.50545081388717], [-0.24318157221085, 40.50546642185815], [-0.243356617439404, 40.505463753257274], [-0.243395037797927, 40.505442746488754], [-0.243434618146047, 40.50542110535611], [-0.243520881175676, 40.50539577402811], [-0.243669322689336, 40.505276058693795], [-0.24403089744246, 40.505099802495614], [-0.244334214949081, 40.50503171696546], [-0.24441833765107, 40.50505712643061], [-0.244555749086174, 40.505098631721474], [-0.244652311323942, 40.505151862558264], [-0.244718048335341, 40.50518810042777], [-0.244854442746517, 40.505252983143485], [-0.244934822285532, 40.505261749185436], [-0.245086900858706, 40.50527222480907], [-0.245211952470111, 40.5052854791865], [-0.245300595022024, 40.50531156059924], [-0.245316652880555, 40.505317098576235], [-0.24548194118444, 40.505374092095835], [-0.245605592763133, 40.50542155146426], [-0.245708098694764, 40.505437691236466], [-0.245827549607322, 40.50547820277427], [-0.245942659730009, 40.50551518606191], [-0.245965175100468, 40.505521151781586], [-0.246084655871845, 40.50555281132451], [-0.246241165119454, 40.50557787764866], [-0.246337735050679, 40.50559334387371], [-0.246360947849453, 40.505597061694736], [-0.246475918476475, 40.50563746572924], [-0.246522412072109, 40.505707051082744], [-0.246541737420269, 40.50578283601459], [-0.246540314867187, 40.50581759576269], [-0.246537117906888, 40.50589571250955], [-0.246524236271657, 40.50599127258994], [-0.246514575740164, 40.506117723684035], [-0.246510657467075, 40.50632306042351], [-0.246485591300504, 40.50638751484606], [-0.246462767413059, 40.50650680464629], [-0.246454366565419, 40.50660247155397], [-0.246455907770036, 40.50667440872389], [-0.246462210018017, 40.50673961201947], [-0.246472853359065, 40.50680834252873], [-0.246524798415165, 40.506916190562166], [-0.246553625515633, 40.50697604192879], [-0.246567943404298, 40.507005768067025], [-0.246665972488787, 40.507131363186964], [-0.246801392860104, 40.507220188115575], [-0.246817080409554, 40.507227291546236], [-0.24692910997511, 40.50727801412459], [-0.247044782457133, 40.5073013149395], [-0.247173480847061, 40.50733519726757], [-0.247306379374397, 40.507376027878], [-0.247430035952765, 40.50742348543967], [-0.247561395492965, 40.507501940684975], [-0.247610205370228, 40.50753057116396], [-0.247670909424244, 40.50756618029552], [-0.247767118955074, 40.50762667810599], [-0.247920746241796, 40.507709087373975], [-0.24808753866353, 40.50779865848403], [-0.248192711207318, 40.50785936954263], [-0.248359922888825, 40.50793867915101], [-0.248505148915264, 40.50800719175139], [-0.248508492886554, 40.50800841356459], [-0.248748601508385, 40.50809610338437], [-0.248765911040574, 40.50810242462574], [-0.248843217290377, 40.50818643888015], [-0.248854645607743, 40.50820187055876], [-0.24891548424642, 40.50828402783182], [-0.248979912090171, 40.508463601513625], [-0.248978518566516, 40.50860736916557], [-0.248973203290046, 40.508737348580354], [-0.248888492709266, 40.50905374632853], [-0.248867349316128, 40.509131990418304], [-0.248861712454129, 40.509189517692285], [-0.248859650771689, 40.50921055482291], [-0.248814007580903, 40.50944913633412], [-0.248728025550826, 40.50957719289561], [-0.248726987156795, 40.50957845981153], [-0.248661928001742, 40.509657789558744], [-0.248581200783692, 40.50984795990784], [-0.248562645865858, 40.50989166830658], [-0.248543936437036, 40.50991402285777], [-0.248430589426979, 40.510049441891795], [-0.248341771124596, 40.51012802064749], [-0.24831589751083, 40.51015091061963], [-0.248245874865007, 40.510178569978336], [-0.248105984759233, 40.51022077303553], [-0.248046030642249, 40.510238859592505], [-0.24789240204442, 40.51026601333413], [-0.247630516294245, 40.51030770505836], [-0.247517372459885, 40.510359675668106], [-0.24734706587095, 40.51043790191926], [-0.247291774860292, 40.510456718945385], [-0.24720604072736, 40.51048589737509], [-0.247131396537787, 40.51055601828324], [-0.246962923657407, 40.51072661675967], [-0.246872457797574, 40.51096412784237], [-0.246826907954883, 40.5111205788192], [-0.246815040797077, 40.51116134063005], [-0.246805659508298, 40.5112809509196], [-0.246768970030215, 40.51151974495895], [-0.246679342316511, 40.51173673274107], [-0.246650842677517, 40.511797424860596], [-0.246625284205434, 40.51185185402585], [-0.246572349137911, 40.51215873637697], [-0.246574031249997, 40.51233681510428], [-0.246605265459206, 40.512669671213644], [-0.246610218346617, 40.51270493874055], [-0.246622633432756, 40.51279334298186], [-0.246632565759949, 40.512842298829725], [-0.246708489411521, 40.513216521217], [-0.24672788713152, 40.513257168271494], [-0.246766332419535, 40.513337734333724], [-0.246864791634291, 40.51345306842555], [-0.247050504091661, 40.51362868733174], [-0.247119831028331, 40.51368854479597], [-0.247216748411468, 40.5137319414755], [-0.247441536799415, 40.5138297435498], [-0.247556660763135, 40.51386672564885], [-0.247756099195504, 40.51392626127744], [-0.248089989435497, 40.51398899999209], [-0.248352451680415, 40.51404318826244], [-0.248511415076371, 40.514105180875795], [-0.248532019727129, 40.51412299210492], [-0.248703504935022, 40.514271234679846], [-0.248715061145645, 40.51428122536624], [-0.248813889904628, 40.514424109337085], [-0.24880652392627, 40.514458019496466], [-0.248803450219116, 40.51464283317522], [-0.248778149002348, 40.51475140317613], [-0.248765361870328, 40.514806269498564], [-0.248721249367161, 40.51495306168384], [-0.248703046263536, 40.51501363752427], [-0.248674340439333, 40.51516702626682], [-0.248674446381304, 40.51519178732433], [-0.248674764325166, 40.51526632720895], [-0.248684852309155, 40.51534873902652], [-0.248757124966891, 40.515446328186115], [-0.248853346369173, 40.5155068263183], [-0.248962034787262, 40.515591587278685], [-0.249004474176869, 40.51565080393866], [-0.249020308043521, 40.51581210127046], [-0.249010038344032, 40.51585692493224], [-0.248982079490325, 40.51597895799615], [-0.248814444817132, 40.51634816060715], [-0.248790622746927, 40.51638965288663], [-0.248548769860358, 40.51681089486819], [-0.248384629166631, 40.51709458490483], [-0.248174545239352, 40.51729500836671], [-0.247983786917103, 40.51746165325741], [-0.24783462478834, 40.51759847508985], [-0.247783364137641, 40.517645186850174], [-0.247758154331238, 40.51771306259879], [-0.247746251095273, 40.517784679205796], [-0.247717399290801, 40.51783192505637], [-0.247647370005767, 40.5178987324655], [-0.247618238110393, 40.51795281900549], [-0.24759890976276, 40.51798659614476], [-0.247512492826571, 40.51801535128086], [-0.247445401985826, 40.518010327387145], [-0.247387415938828, 40.51800209770482], [-0.247298477206103, 40.51798285811702], [-0.247265692248804, 40.51796750624144], [-0.247236849447767, 40.517953998466474], [-0.247140624980486, 40.517893499814], [-0.246894253967722, 40.517731214962005], [-0.246827307868047, 40.517663013866475], [-0.246710772593711, 40.51754429252814], [-0.246493693143882, 40.51731959613002], [-0.246456841209584, 40.51728145031005], [-0.246420424252188, 40.51718471479538], [-0.246396894850047, 40.51710198138381], [-0.246397384317225, 40.517090026783684], [-0.246399135601484, 40.51704725388117], [-0.246393111915158, 40.516975209914655], [-0.246337367740409, 40.516912251334766], [-0.246255642397998, 40.516878591059346], [-0.246213834971107, 40.516861371769636], [-0.245824750584891, 40.51672198704434], [-0.245763964927727, 40.51669779629996], [-0.245449533328735, 40.51657265983296], [-0.244937899026569, 40.51646801017444], [-0.244904324022366, 40.51646442671063], [-0.244686853902909, 40.51644121667225], [-0.244607360683649, 40.51643273271518], [-0.244570914979044, 40.516440220948624], [-0.244458058264032, 40.516463407746606], [-0.244437110234842, 40.51647219262636], [-0.244357634052876, 40.51650552104235], [-0.244301609906329, 40.5165589658589], [-0.244217011163394, 40.5166528139359], [-0.244056917758764, 40.516837303489034], [-0.243754099854258, 40.517110828530036], [-0.243619918754985, 40.517210340898195], [-0.243518933338221, 40.51726613482633], [-0.243317937396789, 40.51746334255148], [-0.243101112402727, 40.51771837658554], [-0.243074916390259, 40.51781019357992], [-0.243073368672044, 40.51795738178059], [-0.243095493214377, 40.51807431922637], [-0.243143808767333, 40.518209002262495], [-0.243265789104679, 40.51851663500637], [-0.243315226999077, 40.518623953410895], [-0.243395057707804, 40.51875596503366], [-0.243483337260894, 40.51892172167014], [-0.243498605850914, 40.51895038996643], [-0.243497406619971, 40.51896429931176], [-0.243483527785665, 40.51912531485199], [-0.243482721423169, 40.51913467855863], [-0.243454982963816, 40.5192641212318], [-0.243399231267632, 40.51942028647911], [-0.24336268993401, 40.519485951400505], [-0.243239403961476, 40.51970749550843], [-0.243170484855102, 40.51985649797085], [-0.243165997613853, 40.51996595352452], [-0.243170889611145, 40.52017492371497], [-0.243205066632709, 40.52027289566355], [-0.243207022771551, 40.520278500801325], [-0.243233484540939, 40.52050852902029], [-0.243221399939494, 40.5206922858413], [-0.243209655343131, 40.52087088505974], [-0.243204883420246, 40.52109674296054], [-0.243247871182365, 40.52136140354268], [-0.243257381418165, 40.521676622925874], [-0.243235406421073, 40.5218180594613], [-0.24322081191156, 40.5219119936133], [-0.24318773649695, 40.52201871831392], [-0.243163935283514, 40.52209552134752], [-0.243056483863012, 40.52241821918044], [-0.242999310821211, 40.52259176680305], [-0.24297831075263, 40.522655513871015], [-0.242959119962149, 40.522713766419656], [-0.242956735682659, 40.522771914953026], [-0.243003094988356, 40.52284492212514], [-0.243186578923746, 40.52307527483796], [-0.243267114187653, 40.52319018397738], [-0.243295685706917, 40.52325934265686], [-0.243292460285829, 40.52333801326388], [-0.243279990018276, 40.523423311434705], [-0.243193277079735, 40.523568465284605], [-0.243020558359012, 40.523732108568595], [-0.242929118997758, 40.523770448356785], [-0.242920123378782, 40.523774220209525], [-0.242811844814995, 40.52378875403344], [-0.242727522474832, 40.52376619742024], [-0.242586471278799, 40.52370462361498], [-0.242482742036245, 40.5236375592591], [-0.2424160090184, 40.52359441465708], [-0.242110100530243, 40.52339537450679], [-0.24187025609941, 40.523285219830875], [-0.241779819938734, 40.52324368483723], [-0.241686390554305, 40.523185201210474], [-0.241617487261718, 40.52314207006053], [-0.241609218700084, 40.523136895072454], [-0.24153218507836, 40.52304603519209], [-0.24145081103443, 40.52295164787421], [-0.241401092717447, 40.5228511694127], [-0.24138611847235, 40.52266934882243], [-0.241298314262138, 40.5224036169056], [-0.24116049624685, 40.5222633710262], [-0.241114530880124, 40.52221542826871], [-0.241049220340313, 40.52214730708521], [-0.240915252682299, 40.52200757265984], [-0.240874089277488, 40.52180800683997], [-0.240803995057408, 40.521452275707134], [-0.240788682210664, 40.521374564624935], [-0.240673717334467, 40.521005468830346], [-0.240657084327213, 40.520970002151806], [-0.240533534923302, 40.5207065571799], [-0.240521071968841, 40.52067998130744], [-0.240268426628622, 40.520276780541955], [-0.240099932455113, 40.52010387639777], [-0.239954148783005, 40.519954277330456], [-0.239845556193392, 40.51986358792388], [-0.239797988392608, 40.51982386247617], [-0.239477395151035, 40.519655279451], [-0.239443727435215, 40.519644981698036], [-0.239149514305171, 40.51955499693068], [-0.238709857617988, 40.51945183335927], [-0.238684741952973, 40.51944163541474], [-0.238656640382362, 40.51943022482791], [-0.238568489609128, 40.51943035864142], [-0.238418779283148, 40.51943058648879], [-0.238387435897188, 40.51943063400872], [-0.238093152880013, 40.51949549553528], [-0.237485390686596, 40.51965557207588], [-0.237271435174675, 40.51971392149514], [-0.237082884263631, 40.51976534105864], [-0.237054504705244, 40.51976799650177], [-0.237050054385988, 40.51976841333908], [-0.236506301692597, 40.51989920128541], [-0.236279246057127, 40.51996566708905], [-0.236082158717856, 40.52006708759353], [-0.23599501347916, 40.520222497615286], [-0.23597809237911, 40.52031476637931], [-0.235971883834905, 40.52034862497115], [-0.235968279495926, 40.5204363134142], [-0.235967384807529, 40.52045807985091], [-0.235989075684369, 40.52058528010841], [-0.235996014984164, 40.52059716206602], [-0.236051948954618, 40.52069292402269], [-0.236073819728715, 40.52074301493532], [-0.236109356367511, 40.52082440289585], [-0.236194349155876, 40.52091952636744], [-0.236293793815835, 40.52103082248231], [-0.236310127130449, 40.52104782205503], [-0.236448684660182, 40.52119202575096], [-0.23664867978749, 40.521347459986], [-0.236977112936145, 40.521543629774165], [-0.237245185133243, 40.521680149868075], [-0.237490707768439, 40.5218195526407], [-0.237697015893258, 40.5219306272502], [-0.237995484440058, 40.5220918386206], [-0.238311882683259, 40.52225347896904], [-0.238554191849003, 40.52236198853283], [-0.238900846106968, 40.52255174129569], [-0.239088669437897, 40.52263862086339], [-0.239244283045163, 40.52271060108948], [-0.239470004294644, 40.52284633854882], [-0.239528890063937, 40.52288174907927], [-0.239791649570884, 40.52303867844801], [-0.24000426200613, 40.52321495159922], [-0.240078495165032, 40.52326465945831], [-0.240180876724268, 40.523393788551196], [-0.240257205730157, 40.52350175092847], [-0.240262417081279, 40.52353436136157], [-0.240271485376496, 40.52359111177811], [-0.240268703446288, 40.523618341133], [-0.240256484183332, 40.52373797731828], [-0.240248200948667, 40.5239397851651], [-0.240240229163659, 40.523997864915806], [-0.240209794144672, 40.52421961967836], [-0.240197010196707, 40.52436071314509], [-0.240193387408109, 40.52440069030108], [-0.240197298661358, 40.52452404112537], [-0.240259339744081, 40.52465220592889], [-0.240346871825684, 40.524815216847465], [-0.24046312406652, 40.52493440523431], [-0.240516343440202, 40.52498599033729], [-0.240605406670668, 40.52507231673979], [-0.240665936055769, 40.525130986001585], [-0.240804461602433, 40.52525413001976], [-0.24104789924544, 40.5254448335535], [-0.241236434401418, 40.525552052654994], [-0.241405665356555, 40.52563022815755], [-0.241459899062972, 40.5256552807251], [-0.241549077325957, 40.52569647517877], [-0.241606347300558, 40.52571315133033], [-0.241664358004191, 40.525730043310546], [-0.241846596426617, 40.525772059090095], [-0.242058107852422, 40.52586613094868], [-0.242429306248747, 40.52600510145725], [-0.242708197038787, 40.526097357619484], [-0.242786077223749, 40.526167693895154], [-0.242831117604086, 40.52622055263222], [-0.24285457088284, 40.526248077049694], [-0.243008233062675, 40.52633049381802], [-0.243101368795749, 40.52635971174117], [-0.243185430682816, 40.526386081897655], [-0.243554530810567, 40.52657635677807], [-0.243977003486686, 40.526778175538325], [-0.244046873516009, 40.52682785419665], [-0.244186277876125, 40.52692697098626], [-0.244195383646765, 40.52693595606405], [-0.244380004884022, 40.52711812313557], [-0.244388966618255, 40.52712696604769], [-0.244391294733777, 40.52713101906809], [-0.244537994711014, 40.52738636354658], [-0.244598377081183, 40.52749146461373], [-0.244604648020883, 40.52754819117558], [-0.244624564714493, 40.527728333197715], [-0.244620495515239, 40.52793708930643], [-0.244603822498855, 40.52801543900041], [-0.244491885534559, 40.52833803085069], [-0.244432478178153, 40.52869269033937], [-0.2444136986956, 40.52893190944552], [-0.244430639260529, 40.52917540471734], [-0.244450750343918, 40.52926025642528], [-0.244491848304804, 40.529433652121405], [-0.244526860908986, 40.5296741549682], [-0.244588353795699, 40.52981599914309], [-0.2446990177736, 40.52996244037551], [-0.244819768990351, 40.53008173179361], [-0.244930714254224, 40.530221332140115], [-0.244996550897821, 40.53036670343646], [-0.245002998067584, 40.53038809117103], [-0.245036052686127, 40.53049775067518], [-0.245020918086879, 40.53064803818536], [-0.244913747987048, 40.530744771566894], [-0.24483010437536, 40.53076801331999], [-0.244754886201336, 40.53078891419811], [-0.244403823440333, 40.53081477402422], [-0.24407685656453, 40.53080012275904], [-0.243630543189332, 40.53063197289243], [-0.2431552360362, 40.530404924530494], [-0.242798162740848, 40.53024917417868], [-0.242455239359832, 40.53007664133161], [-0.241983862686704, 40.529863377715955], [-0.241367365574799, 40.529578167660816], [-0.241113125479444, 40.52948189715714], [-0.241000632800839, 40.52943930035089], [-0.240921208051902, 40.52942030290971], [-0.240750689845041, 40.529379516864985], [-0.240698474642452, 40.52936702698072], [-0.240686170760533, 40.52936598893539], [-0.24052855295842, 40.5293526949943], [-0.24032668950838, 40.52935129406408], [-0.240187304483251, 40.52935823356229], [-0.240035244409179, 40.529396608151366], [-0.240001406364217, 40.52940514709893], [-0.239877142579739, 40.52948092503101], [-0.239793222792367, 40.52955766639305], [-0.239681283805946, 40.529661128241095], [-0.239424198267738, 40.52991176827035], [-0.239138216639984, 40.53017168066026], [-0.239130546392, 40.53017865267565], [-0.238830034438162, 40.53039401424813], [-0.238784147081885, 40.53041524244112], [-0.238555587015531, 40.53052097985031], [-0.238202401983479, 40.53070768957237], [-0.238063277798825, 40.53076851365825], [-0.237905398401124, 40.53083753774162], [-0.237678445795156, 40.53090058466861], [-0.237474470674634, 40.53095048526782], [-0.237266011441235, 40.531000278207024], [-0.237086277824051, 40.53100624935074], [-0.23684772383207, 40.53102022972038], [-0.236712938464714, 40.53102812895295], [-0.236526471057468, 40.531088718827895], [-0.236278913850167, 40.53121632163213], [-0.236176916494728, 40.53129605215535], [-0.236097332280423, 40.53137631821761], [-0.236075885505714, 40.5314614005412], [-0.236063121573884, 40.531553538083806], [-0.236082442000405, 40.531629324351584], [-0.236138609667165, 40.53168202597385], [-0.236236388564012, 40.53170490956396], [-0.236445677115218, 40.53174415687644], [-0.23662428892194, 40.531765551182104], [-0.236744917563406, 40.53177672945386], [-0.236972968160059, 40.53179786253743], [-0.237388706142874, 40.531897883958656], [-0.237429924546876, 40.531925206712856], [-0.237708113788669, 40.53214413913173], [-0.238098932293881, 40.53246781817056], [-0.238155095559741, 40.53251433248635], [-0.238183554830249, 40.532531358841084], [-0.238369699580738, 40.532642722902295], [-0.238594520748006, 40.53285010474945], [-0.238788666291925, 40.53303963413164], [-0.238873969833779, 40.53314781289074], [-0.23897831556742, 40.53333861810275], [-0.238989867438087, 40.533357405306795], [-0.239112920006751, 40.533557537163695], [-0.239190010156377, 40.5338171594488], [-0.239191761886985, 40.53382305609845], [-0.239191554863202, 40.533825911875326], [-0.239181378144806, 40.533966607983075], [-0.239172956274247, 40.53403423087303], [-0.239154594066884, 40.53418166778537], [-0.239104391084844, 40.53431674636932], [-0.239063782527626, 40.53442601057429], [-0.239029137237086, 40.53452468873679], [-0.238967223922459, 40.53470103080719], [-0.238842640433474, 40.53500277111011], [-0.238633003963379, 40.53540861491027], [-0.238483205035743, 40.53566866568731], [-0.238307771974739, 40.53589728903936], [-0.238132478284526, 40.53612249085641], [-0.238116336814511, 40.53614393488095], [-0.2379046346996, 40.53642518356109], [-0.237667687310278, 40.53675296314462], [-0.237601402733285, 40.536815091439685], [-0.237446426583384, 40.5369825738468], [-0.237264409474693, 40.53715283356264], [-0.237043573823226, 40.537394063162175], [-0.236868270634121, 40.537619262711864], [-0.236736973178548, 40.53775649675832], [-0.236567418074414, 40.53795102025535], [-0.236472829403429, 40.53806858961047], [-0.236372350666598, 40.53822025561377], [-0.236276776584901, 40.53836176788279], [-0.236177966572821, 40.5385819508832], [-0.236063174152552, 40.53886337924442], [-0.235885735507185, 40.53924944539169], [-0.235747698346514, 40.53944129757689], [-0.235550391210789, 40.539655697104386], [-0.235296195064272, 40.539894902064155], [-0.235284283952192, 40.53990611107201], [-0.235075497484397, 40.54007016319496], [-0.23499674245047, 40.54013204441143], [-0.23496956863404, 40.54018426295975], [-0.234933391049467, 40.54025378419203], [-0.234887127971538, 40.54039647618022], [-0.234883046264044, 40.540495668751234], [-0.234906146877427, 40.54058866497335], [-0.234952931860334, 40.54065141439641], [-0.23501624266058, 40.540748797277104], [-0.235088801701963, 40.54083955424226], [-0.235201290829299, 40.540941538424384], [-0.235293051343888, 40.54100194016115], [-0.235380891597341, 40.54104855323213], [-0.235462036635561, 40.541071369827094], [-0.23547405962646, 40.54107475082849], [-0.235678611776826, 40.54112073458785], [-0.2359247816172, 40.54113689943795], [-0.236024013593658, 40.541145882871966], [-0.236233298392647, 40.54116482820196], [-0.236362334727315, 40.541191883705075], [-0.236379451982629, 40.54120678621287], [-0.236483652415943, 40.54129750166408], [-0.236530860215596, 40.54134998863637], [-0.236593893773771, 40.54145421229289], [-0.236610121186729, 40.54160524804216], [-0.236604916511805, 40.54173180414524], [-0.23657496942198, 40.54181595607363], [-0.236554173561405, 40.541874389570374], [-0.23650300715636, 40.54202723677396], [-0.236447911486758, 40.54210403031605], [-0.236336375807721, 40.54225949108293], [-0.236263354310809, 40.542398119385126], [-0.236245964795962, 40.542493569749055], [-0.236208089183086, 40.54275971999188], [-0.236203146132027, 40.542988997204915], [-0.236205450872542, 40.543061848578546], [-0.236212902043554, 40.54329737361619], [-0.236267512732287, 40.54349726152822], [-0.236350817581541, 40.543872451135066], [-0.236412285758123, 40.54412386011208], [-0.236421192629426, 40.544164405356135], [-0.236480330895081, 40.54443363172843], [-0.236489401765358, 40.54464954873806], [-0.236464292389021, 40.54482356163357], [-0.236415216140317, 40.545034663088565], [-0.236350033066579, 40.54520086932909], [-0.236310289876465, 40.5453394943351], [-0.23630811183551, 40.54534709030377], [-0.236273806953678, 40.54538198128457], [-0.236153534998339, 40.545504308201984], [-0.235992730692914, 40.545601470978546], [-0.235946416873831, 40.54562945488031], [-0.235768352082777, 40.54569776712047], [-0.235717205733199, 40.545717389032], [-0.235627203829189, 40.54575191631346], [-0.235153428794547, 40.54592203332936], [-0.235050790404339, 40.545941370253324], [-0.234818686470116, 40.5459850975073], [-0.234487573777527, 40.545981541336154], [-0.234209295938812, 40.545961047096725], [-0.234021931032479, 40.54589144271955], [-0.23386448852382, 40.54583295300341], [-0.233745820100957, 40.545771905397835], [-0.233610766687426, 40.54567280281082], [-0.233433551378054, 40.54550763717456], [-0.233287018957811, 40.54536032585771], [-0.2331633288192, 40.54520329075366], [-0.233035882976327, 40.54491948404461], [-0.233020390546046, 40.54464178407043], [-0.23305633551219, 40.54447882244285], [-0.233117413548096, 40.544356509623555], [-0.233164410471327, 40.54408715548704], [-0.233116968481571, 40.54382238541991], [-0.233067391211669, 40.543718482417866], [-0.232994549155015, 40.543634565684826], [-0.232988486782014, 40.54362764148932], [-0.232930252819486, 40.54356112475787], [-0.232718982529269, 40.54346019441192], [-0.232629591501044, 40.54345120440041], [-0.232494660321132, 40.54345824107294], [-0.232417451723575, 40.5434803569217], [-0.232297778479638, 40.543552811697076], [-0.232218738009558, 40.543619393105054], [-0.232113616443726, 40.54377436839762], [-0.23194121386448, 40.54403729175792], [-0.231804705232355, 40.544191514210304], [-0.231671296486112, 40.54427048632644], [-0.231575166093014, 40.54431611452315], [-0.231365674410885, 40.544389838175135], [-0.231217685345271, 40.544495851319816], [-0.231078664057065, 40.54460207934755], [-0.230882622981181, 40.54472453445494], [-0.230825293579792, 40.544760344239066], [-0.230591619552094, 40.54486310964819], [-0.230529794723544, 40.54489029954498], [-0.230319705599127, 40.5449399493253], [-0.230013948646137, 40.54501048912365], [-0.229916423524917, 40.54503298862549], [-0.229636457926849, 40.5450742041637], [-0.229425441563775, 40.545075987765564], [-0.229108224601397, 40.545040984494484], [-0.228621333869846, 40.54498478821016], [-0.228466238077146, 40.54493655547845], [-0.228334124614865, 40.5448751795851], [-0.228254406300013, 40.54484929910855], [-0.228067501854269, 40.54481057320342], [-0.227791346860593, 40.54475943292192], [-0.227518970114515, 40.544725501989404], [-0.227330372603334, 40.5447278210368], [-0.227255276675338, 40.54474272875261], [-0.227253444539344, 40.54474309188078], [-0.227252723660305, 40.54474373660422], [-0.227208308694516, 40.54478345855326], [-0.227197522447475, 40.54479310572725], [-0.227164019079857, 40.54484365888916], [-0.227165538182715, 40.54491559524409], [-0.227175177383815, 40.54500826957048], [-0.227187770025558, 40.545042570965315], [-0.22719294115769, 40.54505665917832], [-0.227219558078465, 40.54512916858437], [-0.227368613264552, 40.54541938223786], [-0.227371208994696, 40.545424435520836], [-0.22741896781735, 40.545517423600906], [-0.227557757295099, 40.545743303540974], [-0.22762494751325, 40.54596404030713], [-0.227652381923449, 40.54606056558784], [-0.227642003218719, 40.54609455490434], [-0.227597407547612, 40.54620596534484], [-0.227568677176826, 40.54624001746556], [-0.227534185274069, 40.54631451270183], [-0.227482571159608, 40.54647761586889], [-0.227377590372987, 40.54690763687175], [-0.227374543763053, 40.546920116274684], [-0.227352969233884, 40.54700659152129], [-0.227326143093116, 40.54711411048892], [-0.227254475412381, 40.547328088816435], [-0.227223195695961, 40.547433475050305], [-0.227217237267662, 40.5474594278852], [-0.227212251850076, 40.547481145438915], [-0.227164590043292, 40.547548476888814], [-0.227156174055885, 40.54755315310685], [-0.227081903129623, 40.5475944241305], [-0.22698255189556, 40.54760915708535], [-0.226851954608503, 40.54761971573862], [-0.226721779729303, 40.54762001247009], [-0.226524489141891, 40.54761527305603], [-0.226487414611667, 40.547611532486926], [-0.226305484945542, 40.54759317879752], [-0.226017987619795, 40.54749011836505], [-0.225867230674056, 40.547445410041924], [-0.22547966614067, 40.54727658640257], [-0.225426329914196, 40.54725335381609], [-0.224923930765429, 40.54702900283416], [-0.224438480487325, 40.5468290237683], [-0.224381628954881, 40.546809899085886], [-0.224208289983103, 40.54675158962299], [-0.224057677331845, 40.546703458750166], [-0.223938451577279, 40.54665608240536], [-0.223814601020673, 40.546612018399415], [-0.223660918838096, 40.54652957557627], [-0.223606799906623, 40.546507683434875], [-0.223426952337327, 40.54643492981658], [-0.223267656486526, 40.54637974174401], [-0.223059038767878, 40.54632336711205], [-0.222947106654022, 40.54630692959644], [-0.222724452588124, 40.54627423287332], [-0.2224715629257, 40.54620309657456], [-0.221783084715156, 40.5460290365758], [-0.221337581772267, 40.54584027687711], [-0.221087906790736, 40.54580002978124], [-0.220886986663679, 40.54577465047105], [-0.220600876542908, 40.54574721993591], [-0.220260536973236, 40.54572875491195], [-0.219937991588136, 40.54571414014451], [-0.219735373707708, 40.54572980380224], [-0.219433689100605, 40.54575335307243], [-0.219044548989161, 40.54582957458423], [-0.218867560105813, 40.54587666799467], [-0.218634498905298, 40.54597719170018], [-0.218372259025904, 40.546107039498345], [-0.218364152212811, 40.54611105417976], [-0.218361224350226, 40.54611375337692], [-0.218329566466976, 40.54614294164136], [-0.218186829251372, 40.54627454776597], [-0.218154026638592, 40.5463079949654], [-0.218143031381632, 40.54636397152734], [-0.218126066813068, 40.546450329947206], [-0.218120709260118, 40.54647760101862], [-0.218124379560509, 40.54649107698942], [-0.218148778774021, 40.54658067492359], [-0.218169907667977, 40.54665825939624], [-0.218270412583908, 40.546749046179244], [-0.218485963727299, 40.546963090717284], [-0.218606129237277, 40.54709609066112], [-0.218676406189097, 40.54724158328627], [-0.218730589617019, 40.5473421786536], [-0.218799404633328, 40.5476314355141], [-0.218803557510444, 40.54774794482839], [-0.218773397261831, 40.54782596535478], [-0.218734835936223, 40.547890088804145], [-0.218691224407542, 40.54796778525093], [-0.218615657942197, 40.548058407402806], [-0.218401752217576, 40.548238139124265], [-0.218119594256712, 40.54844019240593], [-0.217999754458509, 40.54851605172427], [-0.217947882378452, 40.54857643046961], [-0.217857021452215, 40.54871119213022], [-0.217681717110708, 40.54904250041986], [-0.217663157574506, 40.54910235959384], [-0.217652080031249, 40.54913809022794], [-0.217619550906882, 40.54924300582297], [-0.21753298177747, 40.54949085709406], [-0.21752410481792, 40.54959678046111], [-0.217493043300717, 40.54980488368165], [-0.217439559990757, 40.55001244646764], [-0.217368424300753, 40.55021273550755], [-0.217255423902722, 40.550340115666096], [-0.217113675310521, 40.55051131310601], [-0.217019602570502, 40.550615182703666], [-0.216803183216734, 40.55074691754854], [-0.216657567027211, 40.550794763736555], [-0.216535646876979, 40.55081236715762], [-0.216383046969065, 40.55081211147415], [-0.216226104928401, 40.55080832721931], [-0.216036640450567, 40.55083114872081], [-0.215751220403257, 40.55078660429527], [-0.215491996339037, 40.55075980933571], [-0.215277612500481, 40.55073409540955], [-0.215094900778777, 40.55070229778098], [-0.214818875261781, 40.5506477057785], [-0.214614312017677, 40.550601684648655], [-0.2144807829085, 40.55057449633977], [-0.214199707210532, 40.55053347657579], [-0.214052584994488, 40.55050938342788], [-0.213909806072353, 40.550488818576625], [-0.213676692226679, 40.55037363074812], [-0.213492052461593, 40.55028015626858], [-0.213434869190583, 40.55022588350283], [-0.213388409632859, 40.55018178836842], [-0.213267398208146, 40.550069305557805], [-0.213167671050232, 40.54998472754594], [-0.213095431079952, 40.54988250930969], [-0.21309135895432, 40.54987674723205], [-0.213079547275344, 40.54986960125229], [-0.213036638690513, 40.54984364138218], [-0.212938109260513, 40.54978402873502], [-0.212863300119434, 40.54974798514476], [-0.212618242621133, 40.54970440654239], [-0.212376251027978, 40.54969513991119], [-0.212155117046701, 40.54972403857374], [-0.211842741693372, 40.54978839449625], [-0.211519977164071, 40.54988673618195], [-0.211314932754793, 40.5499605312949], [-0.210874955027346, 40.55017929617958], [-0.210730270625237, 40.5503127525873], [-0.210512793512902, 40.55050773596786], [-0.210417910307468, 40.55059280394056], [-0.210217000481696, 40.55078310515876], [-0.210061355629621, 40.55096422892965], [-0.209883796297136, 40.55124068904131], [-0.209751075751313, 40.55151823259076], [-0.209699841626767, 40.55167106455301], [-0.209687825908396, 40.551852235511916], [-0.2096852009176, 40.55191542472311], [-0.20968370536739, 40.55195142576443], [-0.209698987283719, 40.55202515214019], [-0.209741181204171, 40.552228725650544], [-0.209768290439666, 40.55229242545248], [-0.210050621181893, 40.552843632052856], [-0.210121069021529, 40.55311424297906], [-0.210124170951922, 40.55312616069961], [-0.210233736874547, 40.55340613508233], [-0.210327008967523, 40.55375419248806], [-0.210346873341857, 40.55381630023797], [-0.210345310623007, 40.5538539245698], [-0.210343321724227, 40.553901809591814], [-0.210356997293079, 40.55400485354574], [-0.210339252691527, 40.554100934038225], [-0.210328040665917, 40.554161648617615], [-0.210323759393212, 40.554171697254276], [-0.210283278553355, 40.55426670409397], [-0.210196736232451, 40.55440498833006], [-0.210051046367636, 40.554562385957574], [-0.209992730336415, 40.55460876556894], [-0.209925707858999, 40.55466207028772], [-0.209803335418697, 40.55471345984135], [-0.209802358285941, 40.55471387037499], [-0.20968000328204, 40.55474172693005], [-0.209599615207097, 40.55475122401865], [-0.20953565267656, 40.55475878069923], [-0.209423545961722, 40.55475607083801], [-0.209340469038519, 40.554744959875364], [-0.209298554207315, 40.554739353839985], [-0.209282557379519, 40.554733846504824], [-0.209170215381463, 40.554695166495655], [-0.209028991790044, 40.554636971058066], [-0.208870542685954, 40.554561240672065], [-0.20870917347395, 40.554447778283716], [-0.208385724748708, 40.5542379530711], [-0.208172394115039, 40.5540787240143], [-0.207970262339881, 40.55390618515953], [-0.20784481524826, 40.55375238841616], [-0.207814914781542, 40.55371654860461], [-0.207780680346218, 40.55367551395473], [-0.207686293686865, 40.553570517549886], [-0.207609843452524, 40.55346595492038], [-0.207515315181555, 40.553364377713415], [-0.207456034911367, 40.55333901326166], [-0.207405058555599, 40.55331720125522], [-0.207280496722662, 40.55329022150736], [-0.207154939432802, 40.5532871840766], [-0.207002334603233, 40.55328691670112], [-0.206898771929545, 40.55329468210014], [-0.20676773495036, 40.553315478201675], [-0.20669139282451, 40.5533152055105], [-0.206601678065105, 40.5533148839143], [-0.206413483253817, 40.55330690636064], [-0.20627504306175, 40.55328986067633], [-0.206154538972755, 40.553273249796696], [-0.20599787710778, 40.553262611023], [-0.205885773226658, 40.55325989781107], [-0.205692810123752, 40.55325865099688], [-0.205309804858332, 40.55329388918158], [-0.204979755820477, 40.55335095019009], [-0.204762379606933, 40.55339704469797], [-0.20465753428776, 40.553435590867906], [-0.204597105532957, 40.55348548435039], [-0.204558953252579, 40.553539341781395], [-0.204551337368549, 40.55361448059723], [-0.204562512940169, 40.55366953157906], [-0.204598668111158, 40.55376702255815], [-0.204624811337488, 40.55379753538839], [-0.204675899618139, 40.55385716201455], [-0.204741169819031, 40.55390667547758], [-0.204850427783653, 40.553977796817115], [-0.204973851050862, 40.55403214181075], [-0.205035806232572, 40.55405669859122], [-0.205084249309166, 40.55407590035472], [-0.205207103669605, 40.55414392596974], [-0.205297856918575, 40.554228294448315], [-0.205330599643936, 40.55430441032498], [-0.205327610887805, 40.554376237544915], [-0.205320138030424, 40.554447956212066], [-0.205304266236419, 40.554505776912286], [-0.205301562106273, 40.55457076279817], [-0.205349821895844, 40.55470545923736], [-0.205407977408347, 40.55492598941544], [-0.205462787671867, 40.55511904840042], [-0.205500303182183, 40.555404131133926], [-0.205493187239561, 40.555575148186065], [-0.205484433441588, 40.55567765058624], [-0.205422438359163, 40.55598086639276], [-0.205382223514238, 40.55619216789239], [-0.205373541430959, 40.55640080905954], [-0.205333973433691, 40.556687196291435], [-0.20532215217618, 40.556772758308895], [-0.205281262300306, 40.55691225824802], [-0.205259371590938, 40.55698693711041], [-0.205206627380337, 40.557067830733445], [-0.205109037942514, 40.55714763951949], [-0.204979772509827, 40.55723352771767], [-0.204804237894373, 40.55735253474896], [-0.204607705012069, 40.55743679374944], [-0.204492423680049, 40.55746831532896], [-0.204435160482519, 40.55748397217487], [-0.204317425097058, 40.55750851207218], [-0.204192300297336, 40.5575054818193], [-0.204169437614526, 40.55750492811974], [-0.204061949154562, 40.55750232485126], [-0.204030419916822, 40.557501561224036], [-0.20387011894702, 40.55747028758817], [-0.203692876729561, 40.557414637760445], [-0.20354731078805, 40.557352907674996], [-0.203472455516859, 40.55731216949953], [-0.203402457305048, 40.557274075474936], [-0.20339743241115, 40.55726999055277], [-0.203141938472286, 40.55706233645891], [-0.203019086005566, 40.55677860920688], [-0.202886914281472, 40.55639536632439], [-0.202877738376911, 40.556010916015225], [-0.202877819938234, 40.55575147384076], [-0.202798106229294, 40.55550987726586], [-0.202652762359246, 40.55533516621625], [-0.202534962655516, 40.555253564843014], [-0.202323304256809, 40.555169949099174], [-0.202144903298408, 40.55513455049966], [-0.201986775007092, 40.55512019033611], [-0.201939196508269, 40.55511587020431], [-0.201734343766865, 40.55507666649184], [-0.201424943944115, 40.554955731718564], [-0.20140749444189, 40.55494891085055], [-0.201388487891744, 40.55493346111158], [-0.201264217691156, 40.554832452185366], [-0.200842565870262, 40.55460995420275], [-0.200775807472984, 40.5545761129273], [-0.200530457099949, 40.554451739690215], [-0.200399548349587, 40.554345332042054], [-0.20013536543223, 40.554130593534545], [-0.199947864575013, 40.55399634680837], [-0.199843336911825, 40.55392150751866], [-0.199693678845768, 40.553527565021106], [-0.199752479160512, 40.553409158774365], [-0.199871155845928, 40.553260755091344], [-0.199932431885585, 40.55318412950889], [-0.200146971913928, 40.55299075352243], [-0.200513824006218, 40.55284529277832], [-0.20070010280459, 40.552750807448234], [-0.200855490361951, 40.55257653770777], [-0.200874053739648, 40.552474270823026], [-0.200896487815568, 40.552350669513174], [-0.200925406711224, 40.55219134500835], [-0.200896090831643, 40.55203313957002], [-0.2008280519019, 40.55194247110955], [-0.200714744141561, 40.55186097682684], [-0.200604922706519, 40.5518035334905], [-0.200511612686786, 40.55178072794194], [-0.200421219513805, 40.551767241707175], [-0.200319796130311, 40.55175210979533], [-0.200137232667347, 40.55171686842612], [-0.199819009446062, 40.55169703901625], [-0.199511746632055, 40.55164691568311], [-0.199288257388064, 40.55162437571674], [-0.198422614655709, 40.551606055086935], [-0.198276346712807, 40.55161510296044], [-0.197969367276032, 40.55161829185474], [-0.197463189492297, 40.55161920332414], [-0.197425372265217, 40.55161927156124], [-0.197400618700289, 40.55162174751148], [-0.197168595653069, 40.55164495399107], [-0.196765769543402, 40.55171673844857], [-0.196342886674025, 40.55182349686032], [-0.195929586998918, 40.55192339326379], [-0.195750959646439, 40.55197672062358], [-0.195665945821125, 40.55200210063129], [-0.195513975948819, 40.55210876670247], [-0.195416888616144, 40.552176910594106], [-0.195117241889503, 40.55244978772113], [-0.19484546014874, 40.552723340227296], [-0.194810652504376, 40.552750802426885], [-0.194657960014203, 40.55287127410168], [-0.194408303827918, 40.553060252775865], [-0.19397830481408, 40.553337051155296], [-0.193841688038079, 40.553379832210666], [-0.193733086777459, 40.55341974796951], [-0.193608798169514, 40.55346218800987], [-0.193558571876225, 40.553479338199395], [-0.193546127791402, 40.5534811172568], [-0.193240518999347, 40.55352480086669], [-0.19269280783315, 40.55361432518281], [-0.19256845333449, 40.553632043897586], [-0.192225090869273, 40.553680968531445], [-0.191936977753168, 40.55367750691785], [-0.191742052967501, 40.55366921920647], [-0.191487933513549, 40.553631120961235], [-0.190871638279002, 40.553524414235895], [-0.190854228230104, 40.55352140010416], [-0.190463206324467, 40.55345369586396], [-0.190064613032835, 40.55331278247282], [-0.189675160831679, 40.55317563639653], [-0.188994500593885, 40.5529003782848], [-0.188805100063375, 40.5527719049717], [-0.188738697993525, 40.55266699469853], [-0.188650849268711, 40.55254428170911], [-0.188571491173572, 40.55230672138744], [-0.188569080624767, 40.55227631907629], [-0.188584598417882, 40.55212775318124], [-0.188559946269497, 40.551939199538594], [-0.188560705934305, 40.55192105042522], [-0.188566322498559, 40.55178686485897], [-0.188637080102909, 40.551540348321936], [-0.188762335299999, 40.551213593718316], [-0.188765590626985, 40.55120186268875], [-0.188789709223779, 40.55111496442476], [-0.188823358233621, 40.55097747844211], [-0.188833636529982, 40.55084297040706], [-0.188838381010435, 40.55072960453503], [-0.188837888192416, 40.5506302966427], [-0.188766050047523, 40.550458325651306], [-0.188745922943917, 40.55042500140973], [-0.188674745909048, 40.5503071583991], [-0.18849925050673, 40.55016812535959], [-0.188330524421659, 40.55008954423094], [-0.18804855463466, 40.550050760221126], [-0.187652007174418, 40.55008365627666], [-0.186898038250098, 40.550214230237245], [-0.186599955217288, 40.55033817845609], [-0.186551583329167, 40.55038310139926], [-0.186442685130495, 40.55043009537435], [-0.18636674357717, 40.55046725401698], [-0.186265799090091, 40.55054635793963], [-0.186164854327142, 40.55062546266489], [-0.185768920121222, 40.55108746680539], [-0.185637329874077, 40.55134313786341], [-0.185529257949145, 40.55159228891884], [-0.185472677464184, 40.551722121593826], [-0.185522768913439, 40.551858101960775], [-0.185600240718984, 40.551895453080625], [-0.185647235755114, 40.55191651917747], [-0.18570063711206, 40.55194045621214], [-0.185884040608088, 40.5520016673157], [-0.186099510395094, 40.552074299093576], [-0.186314535469492, 40.55215755808694], [-0.186549325446716, 40.55221292825895], [-0.186566616056178, 40.55221765330368], [-0.186691819679227, 40.5522518641815], [-0.186797011278866, 40.55229343617158], [-0.186864304225525, 40.55235181711503], [-0.186884262712026, 40.552430321497], [-0.186894486262981, 40.55251922801131], [-0.186933616838192, 40.552584014058134], [-0.186986530905026, 40.55265268300756], [-0.187067313473978, 40.552722030989976], [-0.187207184981332, 40.552934669201136], [-0.187238703293919, 40.55307019630062], [-0.187220598273376, 40.553182278145684], [-0.187219873070982, 40.55318676499788], [-0.187218601276184, 40.55318961272507], [-0.187163442648283, 40.553313055998316], [-0.187055178309134, 40.55345581562119], [-0.186977749802301, 40.5535284008026], [-0.186849675507917, 40.553589113334034], [-0.186740773351797, 40.55363610742982], [-0.186636663841662, 40.55367967206816], [-0.186607531377056, 40.553686297597196], [-0.186467677407627, 40.553718108418266], [-0.186322954042271, 40.55373231282956], [-0.186210296235379, 40.55375793707768], [-0.186049263521061, 40.553828483827765], [-0.185911156841155, 40.55390668240987], [-0.185907806714318, 40.55391073957199], [-0.185827894658679, 40.5540074946958], [-0.185753327287447, 40.554122704380966], [-0.18570589403694, 40.55422740742652], [-0.185605248030672, 40.55435108126428], [-0.185610206196285, 40.55451958346155], [-0.185531400413582, 40.554739573543756], [-0.185523595630409, 40.554761360924736], [-0.18551623052778, 40.55493711163929], [-0.185511982689905, 40.555038475512966], [-0.185492175838006, 40.55524814318372], [-0.185477043358425, 40.5556092319825], [-0.185469024947002, 40.55588774742407], [-0.185452859704946, 40.55644924183051], [-0.185544206299619, 40.556636400970184], [-0.185587763337979, 40.556851282057536], [-0.185599002755277, 40.5569067289932], [-0.185613632207489, 40.55708361125972], [-0.185628965518927, 40.55724369957646], [-0.1854352101658, 40.5576592749717], [-0.185436359180025, 40.55789353972376], [-0.185436364901599, 40.55789467117189], [-0.185467030914058, 40.55821484689368], [-0.18548070429533, 40.55867750986558], [-0.185628440947283, 40.55912372987606], [-0.185738503814977, 40.559456155314045], [-0.185907669438426, 40.55988619435003], [-0.186200818815918, 40.56024912587362], [-0.186205029467266, 40.560252921472866], [-0.186675567122888, 40.56065818599883], [-0.187268174659113, 40.56117748219399], [-0.187661342829448, 40.56157770503617], [-0.187700469006115, 40.561610723983534], [-0.188079283670775, 40.562004110532826], [-0.188382958899415, 40.56273947183104], [-0.188474635558543, 40.56355956134277], [-0.18831934836495, 40.563993350410975], [-0.188164345751176, 40.5644484932939], [-0.187827042983039, 40.56493882679787], [-0.187675494426977, 40.565133744163084], [-0.187010584437581, 40.56585514960058], [-0.186384739586468, 40.566298563827736], [-0.186130536674022, 40.566564606472454], [-0.186015831391417, 40.566684652660456], [-0.185878061276414, 40.56681578999191], [-0.185770860479294, 40.56700651391112], [-0.185639876824848, 40.56723868828956], [-0.185574707142616, 40.5677414588567], [-0.185629772760373, 40.56793559921578], [-0.185632327856484, 40.567944607484655], [-0.185713028517251, 40.56812310035347], [-0.185816797745267, 40.56826056020774], [-0.185848787798427, 40.56830293544969], [-0.185996616201937, 40.5684578470851], [-0.186080134410923, 40.56856916136188], [-0.186238975161118, 40.568724341138264], [-0.18637403424238, 40.568920970537604], [-0.186488476961142, 40.56908347332833], [-0.186684495955784, 40.56929098089059], [-0.186928087763427, 40.56954884942354], [-0.186974189374761, 40.56971070137688], [-0.187085292035737, 40.57009833066101], [-0.187121246698144, 40.5702925441293], [-0.187109032672409, 40.57084704179228], [-0.187030994331362, 40.571130943720064], [-0.186892716824702, 40.57180005209347], [-0.186863403616229, 40.57223644906518], [-0.186724298861231, 40.572636523758355], [-0.186462681748962, 40.57311771616184], [-0.186443857788438, 40.5731484565406], [-0.18617866546654, 40.573581528302704], [-0.18588750492771, 40.573952699231455], [-0.185350284038582, 40.57467092097889], [-0.184946261856469, 40.575367170142044], [-0.184902893447519, 40.575453582424394], [-0.184494529664077, 40.576267246457554], [-0.184416951419306, 40.57642181933188], [-0.183685420785878, 40.577303412460694], [-0.183098706702364, 40.578252660790625], [-0.182887287061786, 40.57856285151464], [-0.182355249935959, 40.57931360078919], [-0.18217765547177, 40.579844517692024], [-0.182079977122657, 40.58006742309062], [-0.181692882344193, 40.581171960572036], [-0.181448719504121, 40.58187481499312], [-0.18140686672403, 40.58199529202288]]}}, {"type": "Feature", "properties": {"id": "308501", "elemento": "Camí, senda, altres carreteres. VIES DE COMUNICACIÓ: CARRETERES, CAMINS", "texto_normalizado": "Pista de les Vinyes"}, "geometry": {"type": "LineString", "coordinates": [[-0.175025552436129, 40.55886356121892], [-0.17511589483133, 40.55894227393824], [-0.175258043271964, 40.559080591341264], [-0.175315706456741, 40.55920971931022], [-0.175369207626198, 40.559338745411026], [-0.175468103902432, 40.55946535228734], [-0.175549914722651, 40.55960348192065], [-0.17568243545183, 40.55975884629979], [-0.175798374493438, 40.55991221598435], [-0.175946593478825, 40.56005462352782], [-0.176090505198076, 40.56020547426981], [-0.176148455037384, 40.560250223793155], [-0.176196332983692, 40.56028678254456], [-0.17639591660241, 40.560375968500004], [-0.176558202944144, 40.56042135219962], [-0.176706523212699, 40.560452096039], [-0.176932053129822, 40.560501655169965], [-0.177175032132097, 40.56053257496392], [-0.177306579180418, 40.5605469948167], [-0.177475984985239, 40.560552807852154], [-0.177582718217832, 40.56055629389563], [-0.177689119073386, 40.560567716083874], [-0.177807261048174, 40.56056282400732], [-0.17790803550211, 40.56054907196616], [-0.178008276262626, 40.560548017782], [-0.178199015627333, 40.56052449593245], [-0.178389221329396, 40.56051367081383], [-0.178532663185203, 40.56047987250995], [-0.178897847414343, 40.560335805352736], [-0.179375368463437, 40.56013661860995], [-0.179709884595396, 40.56001628022673], [-0.179786289009742, 40.559977337813], [-0.179901683388076, 40.55990280644541], [-0.180096146202671, 40.55978063428338], [-0.180180922015607, 40.55976298471442], [-0.180467123881572, 40.55972067346257], [-0.180572925859137, 40.559664096312375], [-0.180693918531719, 40.55955365754733], [-0.180844510863065, 40.559508034238796], [-0.181046349594567, 40.55947352146342], [-0.181149244703538, 40.559499533016755], [-0.181219050164994, 40.55951718033828], [-0.181459031825216, 40.55955512820322]]}}, {"type": "Feature", "properties": {"id": "317478", "elemento": "Camí, senda, altres carreteres. VIES DE COMUNICACIÓ: CARRETERES, CAMINS", "texto_normalizado": "Entrador de la Torre Segura"}, "geometry": {"type": "LineString", "coordinates": [[-0.128956837269787, 40.54516911893493], [-0.129185348928167, 40.54518274512357], [-0.129417928336734, 40.545101146303914], [-0.129613984639321, 40.544899482000766], [-0.12980461546787, 40.544824783709586], [-0.130077786376834, 40.54476802392395], [-0.130265704668943, 40.544756807606504], [-0.130554020455837, 40.544589210563544], [-0.130892653509569, 40.54446258138948], [-0.13137023871953, 40.544252022640734], [-0.131669679084645, 40.54411647382564], [-0.131827655679864, 40.54412357651859], [-0.132729441696301, 40.54495307083519], [-0.132929533678022, 40.545047010583424], [-0.13310071136927, 40.54494004813707], [-0.133078243295847, 40.545076124681316], [-0.133261518291619, 40.545271327450855], [-0.133195815265458, 40.54544446050496], [-0.132799944811577, 40.545545842767574], [-0.132579414516955, 40.54554036541018], [-0.132064812044319, 40.54549580693511], [-0.131698744707356, 40.545582038908336], [-0.131459049416915, 40.5458302857616], [-0.131369594804463, 40.545974228827255], [-0.13070891827223, 40.54632640366221], [-0.130604038818383, 40.54644136582535], [-0.130577946112329, 40.54656464077852], [-0.130598666786297, 40.546762162668564], [-0.130624947426688, 40.5468295446837], [-0.130501617382515, 40.547083859398576]]}}, {"type": "Feature", "properties": {"id": "317364", "elemento": "Camí, senda, altres carreteres. VIES DE COMUNICACIÓ: CARRETERES, CAMINS", "texto_normalizado": "Camí d'Ares"}, "geometry": {"type": "LineString", "coordinates": [[-0.121702691046313, 40.5607077002735], [-0.121998720488753, 40.56011929582575], [-0.122509838260198, 40.55961569093159], [-0.123271672948476, 40.55909449995174], [-0.123870634133439, 40.55872812220822], [-0.12442559269952, 40.55841625175021], [-0.124617545790324, 40.5578252474399], [-0.124692331600684, 40.55729487439885], [-0.124738153492284, 40.55695443173512], [-0.12476393668537, 40.555135941376115], [-0.12466478344494, 40.554775999874366], [-0.12470516841118, 40.55456252267561], [-0.124645592568684, 40.55425123012854], [-0.124531280245746, 40.55400212417165], [-0.124330472876317, 40.55358404356511], [-0.123947502265452, 40.55304226763176], [-0.123955657645754, 40.55285181884431], [-0.124185002308315, 40.55260333045952], [-0.124914385821513, 40.552351408696516], [-0.125189074974723, 40.55201666542849], [-0.125525287522413, 40.5514610267905], [-0.125569401531206, 40.55116025985224], [-0.12552226391857, 40.55080161497878], [-0.12553890396175, 40.55041278175287], [-0.125419965820716, 40.55002851689061], [-0.125180142329303, 40.54979217382537], [-0.124846355595803, 40.54956143440205], [-0.124586748895704, 40.549300766231276], [-0.123894772793473, 40.54867979760379], [-0.122973742543949, 40.547814803151], [-0.122834563433408, 40.547660401318524], [-0.122668596131056, 40.54740206263357], [-0.121287650281008, 40.54633493881204], [-0.121215791766349, 40.54582474258963], [-0.121132512267432, 40.54533809266183], [-0.120790880064993, 40.544805280611115], [-0.120535728380788, 40.544441444652726], [-0.120540431946156, 40.54384577539751], [-0.120534558045789, 40.54179612319189]]}}, {"type": "Feature", "properties": {"id": "317437", "elemento": "Riu de 5t orde i de 6t orde (torrent, barranc). CURSOS D'AIGUA NATURALS", "texto_normalizado": "Barranc de la Solana"}, "geometry": {"type": "LineString", "coordinates": [[-0.122321382806047, 40.51500746736043], [-0.122391661462579, 40.515311085562786], [-0.12232541143065, 40.5156430757996], [-0.121877791512281, 40.51661695680384], [-0.121791971092254, 40.51716294287195], [-0.121909482592605, 40.51757895244828], [-0.121944152623102, 40.517984953503046], [-0.121910110886869, 40.518293914927], [-0.121767331758374, 40.51871137946716], [-0.121726287597611, 40.51894072811494], [-0.121802001148862, 40.519117379585765], [-0.122021590645837, 40.51933733734732], [-0.122234860289788, 40.519461811251894], [-0.122702441270501, 40.51948140794728], [-0.122913675497582, 40.51965349330297], [-0.123018141751998, 40.51988805620771], [-0.123189694633244, 40.520257747607054], [-0.123364983638634, 40.520540150259876], [-0.123544687178486, 40.52071939234858], [-0.123830412708971, 40.52085361188558], [-0.124178870279872, 40.5209814489014], [-0.124578861504603, 40.52136477229314], [-0.124677296788912, 40.52174058399972], [-0.124972289693792, 40.522145122428945], [-0.125105316965331, 40.52244235791357], [-0.125062245247297, 40.5227193197484], [-0.125182958709793, 40.522817651416595], [-0.125660624743619, 40.5228454317854], [-0.125966484153296, 40.522996035150996], [-0.126008301898122, 40.52323539137228], [-0.12605169888251, 40.52368132744195], [-0.125846317137998, 40.5238589233115], [-0.125894124438467, 40.52420169891967], [-0.126018795009902, 40.52445106191084], [-0.126095543002691, 40.52460390509147], [-0.126408983660665, 40.52477217271349], [-0.127043328654151, 40.524787959137726], [-0.127470710951844, 40.524774760925204], [-0.127715542827752, 40.52489206665275], [-0.127778505167002, 40.52512400391366], [-0.127697913287083, 40.52530470739682], [-0.127533787456873, 40.52549127693434], [-0.127381416929078, 40.52564636309865], [-0.127478967980063, 40.52579972296653], [-0.127899575182692, 40.525945232698504], [-0.128430278385519, 40.52595048898032], [-0.128782160520894, 40.52599895936189], [-0.129059214688573, 40.52609323143481], [-0.12919735016875, 40.52627143120999], [-0.129207644157657, 40.52651794590357], [-0.129105577390984, 40.5267140041902], [-0.128900871448619, 40.526875735324815], [-0.128891381908581, 40.52709792679226], [-0.129113731100327, 40.52725438867668], [-0.129400852171278, 40.52735685463825], [-0.129774661160658, 40.52713577634293], [-0.129961278263202, 40.526910043667314], [-0.129967715159742, 40.526759270869114], [-0.129748752369532, 40.52652345577409], [-0.129600553671057, 40.526337063008924], [-0.129535551155696, 40.52615273850891], [-0.12972578885561, 40.526085973357524], [-0.130218962239028, 40.525994962451605], [-0.130762776063378, 40.52593698353361], [-0.130915717362225, 40.526012278919836], [-0.13119345214377, 40.52609067499132], [-0.131684156985272, 40.52630146307498], [-0.13195613866428, 40.52651476034454], [-0.131942163205623, 40.52708636985988], [-0.131864530245052, 40.52744191479834], [-0.13194018276008, 40.527864817913745], [-0.132144017645963, 40.52821146690093], [-0.132412040816645, 40.52827373106722], [-0.132919688056389, 40.52808774227235], [-0.133065283432059, 40.52809135773417], [-0.133215186494092, 40.528238069368385], [-0.133329493265851, 40.5284871672994], [-0.133523365829778, 40.5285793633808], [-0.13375419120639, 40.52853743058389], [-0.133841448831637, 40.52844427081608], [-0.133933782420078, 40.5282320788462], [-0.134145497174035, 40.528149951763204], [-0.134380293764913, 40.52825905004121], [-0.134548581457856, 40.528414159733195], [-0.134772302742376, 40.52853887015981], [-0.134952480454621, 40.5284639023984], [-0.135035763013697, 40.528219710181666], [-0.135150921192358, 40.52796042012605], [-0.135454541252341, 40.52792029015892], [-0.136130519991642, 40.527937059800784], [-0.136734716683912, 40.52792821404595], [-0.137026921625907, 40.52791162901183], [-0.137197632836371, 40.52805885152685], [-0.137178109003339, 40.528272851625296], [-0.137056537705907, 40.52868291765755], [-0.137180581873659, 40.52894814026694], [-0.137631756129437, 40.529110259641236], [-0.138041669376622, 40.52926341101068], [-0.138345220868396, 40.52946953161963], [-0.138805449973252, 40.52966364651747], [-0.13908388540859, 40.52972615329806], [-0.139225770109746, 40.529817051622224], [-0.139443358900647, 40.53008617947901], [-0.139411414242435, 40.53034753477129], [-0.139636839761876, 40.530432558989], [-0.139940130276798, 40.530400352587684], [-0.140101534415785, 40.530277249156725], [-0.140532054307209, 40.52994632677467], [-0.140854454819743, 40.52995431124708], [-0.141069481500113, 40.53003907515025], [-0.141196581465926, 40.53023287447052], [-0.141461584975313, 40.53036653770649], [-0.141760487884447, 40.53043748917918], [-0.141943303858008, 40.53054528532823], [-0.141991256605563, 40.53064179843212], [-0.141917720348397, 40.53090212489951], [-0.141658328894041, 40.531126075404245], [-0.141651917169587, 40.53127685053061], [-0.141757883983082, 40.531478070391096], [-0.142005466926253, 40.53153186201974], [-0.142369476942402, 40.53154087233825], [-0.142646237152485, 40.531643048241556], [-0.142524074106342, 40.53182273428567], [-0.142550214391721, 40.53194253857898], [-0.14262234333016, 40.53196021155987], [-0.142930587446132, 40.532007559059785], [-0.143125778069311, 40.53231425604172], [-0.14333103311117, 40.532629145184295], [-0.143619157551047, 40.532954028605175], [-0.144112650889985, 40.53310128207815], [-0.144622952051368, 40.53309801616111], [-0.145284206484563, 40.53321763884325], [-0.145752524580521, 40.533467533269025], [-0.146006091851486, 40.533870994719116], [-0.145917448629754, 40.53424216507167], [-0.146127732348265, 40.534684275340865], [-0.146410868489847, 40.53488192688984]]}}, {"type": "Feature", "properties": {"id": "309194", "elemento": "Assagador. VIES DE COMUNICACIÓ: CARRETERES, CAMINS", "texto_normalizado": "Assagador de la Serra dels Llivis"}, "geometry": {"type": "LineString", "coordinates": [[-0.164897491254615, 40.55916471313341], [-0.165192864947128, 40.55932290079061], [-0.165487568946812, 40.55949695817013], [-0.165939019012378, 40.55965897530285], [-0.166156203597797, 40.5599423425304], [-0.165631938578284, 40.560024797284555], [-0.164755580261931, 40.560058883369095], [-0.163382802979056, 40.56000927074671], [-0.162502076444047, 40.55990024297268], [-0.160697671319911, 40.55971288646363], [-0.160153933973062, 40.55951680299644], [-0.160170380377828, 40.55937421825593], [-0.159715927692703, 40.55903733983902], [-0.159412179898322, 40.558585010984345], [-0.159318877568056, 40.55808225236774], [-0.159344388763927, 40.5577254067739], [-0.159289682188579, 40.55754135215241], [-0.158878878352441, 40.557157882088504], [-0.158233540605486, 40.556951344793106], [-0.15755088270927, 40.55683921180819], [-0.15694408118243, 40.556657447468694], [-0.156660824366389, 40.556459819180944], [-0.156406778260931, 40.55606431267157], [-0.15620944669794, 40.55580524863074], [-0.156134949725577, 40.55559687377489], [-0.156147719115955, 40.55529532188456], [-0.156239689060567, 40.55509104787039], [-0.156324949841873, 40.55479922512461], [-0.156310861778762, 40.55464000183533], [-0.156065197709952, 40.55453862318742], [-0.155570175960616, 40.55442315760191], [-0.155139596984802, 40.55426161370955], [-0.154930191159879, 40.55404196901474], [-0.154573786840091, 40.553850476365085], [-0.153844529174451, 40.55361007157624], [-0.152996125870965, 40.553477937602494], [-0.152704844645658, 40.553224494081306], [-0.152514239024854, 40.553052972165666], [-0.152261884720581, 40.55286403891701], [-0.152046126219469, 40.552548906451506], [-0.151748824203565, 40.55219204176315], [-0.151293115975768, 40.551886875249814], [-0.150831017368577, 40.55173248198969], [-0.150729399093459, 40.551722030493195], [-0.150462611960009, 40.551628063032226], [-0.150234104853997, 40.551368219398], [-0.149700270099171, 40.55069570044984], [-0.149050324909247, 40.55006003162809], [-0.148529530260567, 40.549816797255524], [-0.147850711654856, 40.54937106126818], [-0.147672890601975, 40.549144239580315], [-0.147355831277777, 40.54876304523988], [-0.147244812732484, 40.54843460425587], [-0.147287142166902, 40.54817350292605], [-0.147128154775746, 40.547748550555504], [-0.147060771142388, 40.54737352427945], [-0.147126646806771, 40.54680319497935], [-0.147300547592462, 40.54638646868004], [-0.147083483985011, 40.54610307041145], [-0.146832518739758, 40.54588238419487], [-0.146681535474753, 40.54575949454023], [-0.146168487677785, 40.545579992419256], [-0.145778924721083, 40.54543531669699], [-0.145472245381697, 40.545300632552724], [-0.145116926365481, 40.54508530577824], [-0.145036405380885, 40.545019764216555], [-0.144561941102739, 40.544912702930375], [-0.144104911167455, 40.54488550999392], [-0.143987111307817, 40.54496203478784], [-0.143579955060513, 40.54547625510849], [-0.143138268588824, 40.54582279889787], [-0.143003428816234, 40.54585918103229], [-0.142837663514858, 40.545839190797885], [-0.142580638321001, 40.54576133471943], [-0.142181629695285, 40.545838840413396], [-0.141409143593326, 40.54588326528249], [-0.140373752917108, 40.54647724286613], [-0.139631042604576, 40.54680042820101], [-0.139288432112886, 40.5467760509955], [-0.138594684647567, 40.54717193742861], [-0.13833149926827, 40.54748316670375], [-0.138215224634749, 40.548012521877496], [-0.137931070466776, 40.5488157478805], [-0.137615939452653, 40.548879429216804], [-0.137145277041675, 40.54941588333353], [-0.137030086034361, 40.54967517267625], [-0.136846468520429, 40.54982949563489], [-0.136363867595278, 40.54991285102993], [-0.136028600495531, 40.54996014068709], [-0.135563081726587, 40.550131298781864], [-0.134822678059694, 40.550398902880424], [-0.134581424253072, 40.550488241470646], [-0.134248091870621, 40.550734169655755], [-0.134064127788705, 40.55089642290261], [-0.133396584273401, 40.55189665816066], [-0.132830926179481, 40.55319334198554], [-0.132520991654469, 40.553622553886576], [-0.132291233635665, 40.554125251097155], [-0.131975802956465, 40.55565851599477], [-0.131566586124823, 40.556704876938205], [-0.131227003773916, 40.557339887130794], [-0.130910491206689, 40.558166122521925], [-0.130672227885643, 40.558867199980924], [-0.130291794196016, 40.559239046175676], [-0.130096943306034, 40.55965522398474], [-0.129988487923362, 40.559755797410354], [-0.129915775046641, 40.5602385624058], [-0.129730416634133, 40.560432549002954], [-0.129307105444268, 40.56058884251851], [-0.128703635001167, 40.56057383349758], [-0.128030386045671, 40.560485590929126], [-0.127302400187033, 40.56045953229887], [-0.126428410942129, 40.56043777894234], [-0.126019277331578, 40.56055469526572], [-0.12553590827592, 40.560653872958774], [-0.125148218496368, 40.56070776833252], [-0.12361418160812, 40.56101908153821], [-0.120589195536367, 40.561364686487366], [-0.118813774833172, 40.561717576222684], [-0.118181656529795, 40.561884504260235], [-0.116496481941127, 40.56236671173155], [-0.115786405206729, 40.562650836387775], [-0.114839078923239, 40.56321876058333], [-0.114277277647457, 40.5635062529727]]}}, {"type": "Feature", "properties": {"id": "317789", "elemento": "Assagador. VIES DE COMUNICACIÓ: CARRETERES, CAMINS", "texto_normalizado": "Assagador de les Candeales"}, "geometry": {"type": "LineString", "coordinates": [[-0.13142492907169, 40.58305067872614], [-0.130466714096715, 40.58329000001514], [-0.128541095600626, 40.58287522519922], [-0.127466988524699, 40.58234730536245], [-0.126874114091007, 40.58095393368215], [-0.127069521293611, 40.57964373310028], [-0.1270435367326, 40.57875750896808], [-0.127004240007161, 40.57830388966605], [-0.126840055980572, 40.57784716257026], [-0.126924331823905, 40.577206435157684], [-0.127398976574036, 40.57607558742652], [-0.127868896948243, 40.57529811786155], [-0.127777517680578, 40.57449079356578], [-0.127198576084763, 40.57434383047469], [-0.126555157692087, 40.57424292161302], [-0.125947691861811, 40.57390411420305], [-0.125463283500158, 40.5738543450672], [-0.124848819121375, 40.57343591914359], [-0.124672016228423, 40.572502195850994], [-0.125067408634919, 40.571145920983355], [-0.124704969039685, 40.57054947060921], [-0.12455217144252, 40.569863336103936], [-0.12468588100011, 40.56917639425217], [-0.12437302357096, 40.56870075406643], [-0.124285378807155, 40.568082305133196], [-0.124561822088679, 40.566999650174566], [-0.1242283390301, 40.5658290651866], [-0.123662406753858, 40.564777305649834], [-0.123167199906068, 40.56410364282349], [-0.122524631604225, 40.56346602433503], [-0.122030465815529, 40.56276855152919], [-0.121784690365488, 40.5618806621548], [-0.121708236822327, 40.5608698925603], [-0.121601609580025, 40.56068452640367], [-0.1213499992298, 40.560479656992044], [-0.121258740579667, 40.56042177462218], [-0.121138110529958, 40.56007718255345], [-0.12109779776677, 40.559559829458784], [-0.121112767435957, 40.5592106756619], [-0.121187441666355, 40.55892656080417], [-0.120943861086652, 40.558777497355244], [-0.120827175476512, 40.558583935305485], [-0.120887362320598, 40.558394785609785], [-0.12121601839885, 40.55825999366217], [-0.121807838780092, 40.55806026831208], [-0.122397956722699, 40.55790021630942], [-0.12246378273786, 40.557822419483074], [-0.122028506863992, 40.5577718494264], [-0.121736850294612, 40.557772521078356], [-0.121381407640984, 40.55780337682579], [-0.121502656790074, 40.55764752490826], [-0.12232098168738, 40.55750905130508], [-0.122477724300089, 40.557497070872955], [-0.12245331185128, 40.557337585963815], [-0.12222612254395, 40.55729220358924], [-0.121724345084199, 40.55733529999072], [-0.121323546169057, 40.55745240669744], [-0.120933831160259, 40.55755390071408], [-0.120723706859717, 40.55759632301917], [-0.121106491421032, 40.55729208952441], [-0.122099745286127, 40.557020949517444], [-0.120719327823268, 40.55560331088945], [-0.119979504456379, 40.55483764061909], [-0.119551260856674, 40.55435802321571], [-0.120746093040998, 40.55368467976408], [-0.122366102162914, 40.553302004490774], [-0.123258308278778, 40.5531365378926], [-0.123525540317835, 40.55273159209708], [-0.122844221358411, 40.55210367701981], [-0.122471337346111, 40.55181274590503], [-0.122803493696493, 40.55147366725133], [-0.122465084410117, 40.55122908785223]]}}, {"type": "Feature", "properties": {"id": "317429", "elemento": "Tallafoc. VIES DE COMUNICACIÓ: CARRETERES, CAMINS", "texto_normalizado": "Tallafoc de la Cutxola"}, "geometry": {"type": "LineString", "coordinates": [[-0.129118415983022, 40.52452349581879], [-0.128818624215156, 40.52349922837665], [-0.128401295572693, 40.522789790392515], [-0.127831155228256, 40.52175879609995], [-0.126647817513351, 40.51948759804985], [-0.125924355277728, 40.518635487230696], [-0.124896892784731, 40.51734683411273], [-0.124840384282052, 40.51725645557473]]}}, {"type": "Feature", "properties": {"id": "317460", "elemento": "Riu de 5t orde i de 6t orde (torrent, barranc). CURSOS D'AIGUA NATURALS", "texto_normalizado": "Barranc de Puig"}, "geometry": {"type": "LineString", "coordinates": [[-0.141190497639471, 40.52027676700953], [-0.140854707389839, 40.520339947168914], [-0.140464561694739, 40.52045738716523], [-0.140198522403934, 40.520593787693336], [-0.139662792746292, 40.52070761892171], [-0.139160959101291, 40.520758736158186], [-0.138875807026216, 40.52085494087297], [-0.138383286708181, 40.52117637691293], [-0.137948835008217, 40.521356261519905], [-0.1376234349833, 40.5214196897322]]}}, {"type": "Feature", "properties": {"id": "317423", "elemento": "Riu de 5t orde i de 6t orde (torrent, barranc). CURSOS D'AIGUA NATURALS", "texto_normalizado": "Barranc de les Carboneres"}, "geometry": {"type": "LineString", "coordinates": [[-0.122225064842284, 40.514728621155086], [-0.121951802563062, 40.51454704502076], [-0.121688260661324, 40.514381598376474], [-0.121485405719846, 40.5142573840787], [-0.121383128833835, 40.51421511516278], [-0.120803044852129, 40.51390672837761], [-0.12044729110837, 40.513707204766824], [-0.120107372930565, 40.51338097254559], [-0.119910300729277, 40.513121853790594], [-0.119691077302792, 40.51289395775549], [-0.119176800130989, 40.5120216023062], [-0.118943586507339, 40.51163447858334], [-0.118369995309003, 40.51117530978947], [-0.117946244005408, 40.51086286687331], [-0.117567826006542, 40.5104641715988], [-0.117257620979431, 40.51041670823201], [-0.116957474970918, 40.510377438653464], [-0.11672076719183, 40.51036358459982]]}}, {"type": "Feature", "properties": {"id": "317455", "elemento": "Assagador. VIES DE COMUNICACIÓ: CARRETERES, CAMINS", "texto_normalizado": "Assagador dels Llivis"}, "geometry": {"type": "LineString", "coordinates": [[-0.137638311416738, 40.53882464729583], [-0.13767443654443, 40.53873222476965], [-0.137716992693089, 40.53863996077176], [-0.13788299068028, 40.538521289141855], [-0.138413713862627, 40.538303605060754], [-0.139267022017102, 40.5380693541947], [-0.139545638284244, 40.538027143259924], [-0.139952287329304, 40.5378505806264], [-0.140175112322689, 40.53775787063724], [-0.140698724703493, 40.53770699060336], [-0.141001184198444, 40.53770956949507], [-0.141728912964697, 40.5377030314688], [-0.142590022095071, 40.53773908135665], [-0.143132265439845, 40.5378556422779], [-0.143602101934536, 40.53800970136948], [-0.143823638122288, 40.53809867821219], [-0.144082059148377, 40.53838011524773], [-0.144246102846839, 40.538610101831345], [-0.144598730979711, 40.53879563809547], [-0.145021091367254, 40.53885519805853], [-0.145280414671359, 40.5388124961529], [-0.145732905027197, 40.53861740092771], [-0.145855538737122, 40.53845835342337], [-0.146039622676933, 40.53806507195974], [-0.146091960289958, 40.537742207062216], [-0.145955718761568, 40.53746379492526], [-0.145827964266822, 40.53728873401601], [-0.145795630973888, 40.53714058930542], [-0.145799798640842, 40.53704246239961], [-0.14569717308503, 40.536730500489305], [-0.145671299130768, 40.536430259331865], [-0.145719290897835, 40.53605817166888], [-0.145824503542152, 40.53585448960621], [-0.145944631273108, 40.535754317744676], [-0.146125940725262, 40.53572933083719], [-0.146256429424479, 40.53568835255714], [-0.146343361524261, 40.53561191699536], [-0.146328861809627, 40.535498594631974], [-0.146271013088038, 40.5353449077035], [-0.146166484576583, 40.53522935904941], [-0.146057788200257, 40.53521193814249], [-0.145891008665816, 40.5351979919899], [-0.145737297983287, 40.53517945796103], [-0.145623674422973, 40.53506610690932], [-0.145571589708247, 40.53498872353766], [-0.145569951779672, 40.534875718176316], [-0.145555928485477, 40.53444807105576], [-0.145575724511217, 40.53398196788988], [-0.145516241895145, 40.53371527530207], [-0.145093556280378, 40.53336101853156], [-0.144550334982079, 40.533116744009604], [-0.144463322804266, 40.533063613805766], [-0.143749308235538, 40.53272856711221], [-0.143385520615538, 40.532503460131835], [-0.143232060781141, 40.53232776035698], [-0.143164664083369, 40.53224750924147], [-0.143120728747193, 40.532069607770154], [-0.142978044828676, 40.531943288844936], [-0.142690766139847, 40.53188706491719], [-0.142483878409687, 40.531826258351614], [-0.142377804441248, 40.53167794756305], [-0.142178088352375, 40.53151642907028], [-0.141861995389599, 40.53139504684756], [-0.141839404351105, 40.53132081489141], [-0.142206381967166, 40.531167819779405], [-0.142491606942185, 40.53112085245258], [-0.142798797882989, 40.531162835631946], [-0.142974256434675, 40.53127523092028], [-0.143105537950483, 40.53136688625883], [-0.14336045413075, 40.531427220941], [-0.143661633709514, 40.53145922982952], [-0.144102644031223, 40.53138173292259], [-0.144343899280923, 40.531309116077544], [-0.144484770908621, 40.53117507816163], [-0.144636271569006, 40.53079081584388], [-0.144731504851888, 40.53067038379118], [-0.144773003625729, 40.530602648982956], [-0.14489455171671, 40.530620389757026], [-0.145223296170301, 40.530761129484446], [-0.145435701136633, 40.53076146968414], [-0.145757240062551, 40.53061716205592], [-0.145916773508631, 40.53049831860009], [-0.146331012483341, 40.53044470855305], [-0.146613732740136, 40.5304566077967], [-0.146797735024054, 40.5303678358521], [-0.147145015572103, 40.530071904185135], [-0.147319070535234, 40.52991412536547], [-0.147644812882377, 40.52936717271562], [-0.1476734721662, 40.52914686332514], [-0.147674744894065, 40.52896516864564], [-0.147478768027804, 40.528729486165666], [-0.14736719218603, 40.5286284993758], [-0.147364926132947, 40.52853021331646], [-0.147324337024421, 40.52812155523951], [-0.147091292436534, 40.52754606125209], [-0.146941398081607, 40.527134702044506], [-0.14692361675708, 40.52679536853701], [-0.147002698062667, 40.52644860529757], [-0.146987390213187, 40.52620265224637], [-0.146908225733967, 40.52579303980721], [-0.146615942797405, 40.524793692460314], [-0.146561667900918, 40.524404341414424], [-0.146600530951388, 40.52394361933084], [-0.146479279266386, 40.52346420611229], [-0.146267209490704, 40.52284993737209], [-0.146108998912318, 40.522634831687036], [-0.146088903390947, 40.52250172424811], [-0.146102621867195, 40.522330160381536], [-0.146310263545275, 40.52213883235386], [-0.146574101827393, 40.521988185009015], [-0.146693348025295, 40.52187070889119]]}}, {"type": "Feature", "properties": {"id": "316318", "elemento": "Camí, senda, altres carreteres. VIES DE COMUNICACIÓ: CARRETERES, CAMINS", "texto_normalizado": "Entrador del Mas de Racó"}, "geometry": {"type": "LineString", "coordinates": [[-0.123620041276428, 40.56105735754142], [-0.123988492468834, 40.56120952661086], [-0.124534506476104, 40.56135023003131], [-0.124955875249782, 40.561726140532755], [-0.125781429504505, 40.56263640546661], [-0.125734121674406, 40.56325484509337], [-0.125668040654772, 40.56382515311913], [-0.125703886076965, 40.56396109085858], [-0.126032649173278, 40.564310860424186], [-0.1264339140634, 40.564670377361644], [-0.127025874190938, 40.564955201580524]]}}]}