{"type": "FeatureCollection", "crs": {"type": "name", "properties": {"name": "EPSG:4326"}}, "features": [{"type": "Feature", "id": 75, "geometry": {"type": "LineString", "coordinates": [[-0.1388270088350474, 40.503175306084934], [-0.13792455754039887, 40.50276541198324], [-0.1375211578849903, 40.502646965397126], [-0.13716448731032022, 40.50254323185462], [-0.13679849226698848, 40.50238052438903], [-0.13650725548523715, 40.50226937433124], [-0.13631101439389218, 40.50215154251241], [-0.1362200577178579, 40.50206343333994], [-0.13582642672750828, 40.50185485260672], [-0.13538299110374125, 40.50170377481756], [-0.13473336537025293, 40.501529505276714], [-0.1341665299023428, 40.50135728686003], [-0.1338993387123971, 40.5012376891868], [-0.13329664443285358, 40.501073613439964], [-0.13258025542332377, 40.500938340244545], [-0.13173474574977131, 40.50077726254694], [-0.1310347545294624, 40.50067401781698], [-0.13045303442698622, 40.50064916252957], [-0.13008423716789372, 40.500754319623056], [-0.12979520765744143, 40.50086913605242], [-0.1292358470040278, 40.501076636926136], [-0.1288517544554712, 40.50133819865877], [-0.12864717333705775, 40.501554521114585], [-0.12845711503055893, 40.50170794295744], [-0.1280631175817405, 40.501924070890844], [-0.12764186892913298, 40.50208529604932], [-0.12733342203991233, 40.50210021399362], [-0.12674410736615943, 40.50190028911488], [-0.12634054086235733, 40.50178631747895], [-0.12597952646100116, 40.50164629179478], [-0.1254528266636063, 40.501366584446124], [-0.1252259591608983, 40.501135008273565], [-0.12511317720032594, 40.500865604468174], [-0.12502349935199267, 40.5004569872136], [-0.12484367122581647, 40.50010881195186], [-0.12425599116640856, 40.49944821621787], [-0.12401337449366484, 40.499168282886075], [-0.12377889766773005, 40.49892208211097], [-0.12377650690153973, 40.49891965906431], [-0.1231014680366102, 40.498258880254006], [-0.12290297092037972, 40.498153629318566], [-0.1226092310125936, 40.49806479297328], [-0.12225565774656773, 40.498065197279395], [-0.12177459970879954, 40.49810291042925], [-0.12108927093563157, 40.49812011490461], [-0.12062107365989765, 40.498055173263225], [-0.12003716839583771, 40.49784086305921], [-0.11915888750535295, 40.49754895792222], [-0.1187409194800571, 40.497456286468434], [-0.11844605176585361, 40.497428985723374], [-0.11831315020743978, 40.49741668176933], [-0.11813286609641954, 40.497399988572056], [-0.1177680302862833, 40.49739746164623], [-0.11749836889176875, 40.49733650524431], [-0.11722108120835399, 40.49721889335025], [-0.11625341552443727, 40.49684590711741], [-0.11506346536006552, 40.49612398362716], [-0.11484565678250797, 40.495972019538605], [-0.11456963834121499, 40.49570729109306], [-0.11416946840188391, 40.495409445513296], [-0.11360347949034827, 40.495210255075555], [-0.11330266924075104, 40.49514554427505], [-0.11303876266908694, 40.49512209055632], [-0.11284977917837995, 40.49502467054201], [-0.11257079564825588, 40.49481301665414], [-0.11242526707225858, 40.49475703667707], [-0.1122254458502898, 40.49473089979125], [-0.11201138037988113, 40.49465643296722], [-0.11151978955994403, 40.494397412516015], [-0.1104192550592413, 40.493404905521615], [-0.10913424406500011, 40.492254265463814], [-0.10891361091804895, 40.49200951462679], [-0.10875132786231927, 40.49189267036932], [-0.10849819390564332, 40.49174728868339], [-0.1083892060190029, 40.49171506455533], [-0.10827299044783655, 40.49159417962984], [-0.10815108027910436, 40.49147736375544], [-0.10813057317871132, 40.4913125279199], [-0.10827834350827234, 40.49108449252634], [-0.1087830009777646, 40.49094761175621]]}, "properties": {"objectid": 75, "nomb_vp": "Colada del Barranco d'en Xerra", "cod1": "120141", "cod2": "000000", "cod3": "037", "cod4": "000", "aproba_1": "22/02/1993", "aproba_2": "-", "boe_1": "-", "boe_2": "-", "bop_1": "-", "bop_2": "-", "dogv_1": "06/05/1993", "dogv_2": "-", "munic_1": "Ares del Maestrat", "munic_2": "-", "deslinde": "No", "mojon": "No", "legal_1": "20", "legal_2": "0", "obser_vp": " ", "long_c_1": 3300, "long_c_2": 0, "sup_vp_1": 6.6, "sup_vp_2": 0, "tipo_leyen": "Colada", "shape_Length": 3312.948244822644, "long_desli": 0, "hyperlink": "120141"}}, {"type": "Feature", "id": 791, "geometry": {"type": "LineString", "coordinates": [[-0.14046279019850594, 40.48074406660253], [-0.14031535451956223, 40.481056910597935], [-0.14000496468530976, 40.48137185466037], [-0.13973526149497345, 40.481713149314004], [-0.13946082392190884, 40.482165678373306], [-0.13940962848846, 40.48251238711397], [-0.13943046690234817, 40.482742668766], [-0.1394746060664816, 40.48292543056675], [-0.13955749942333767, 40.48311245523305], [-0.13971279040876486, 40.48363157757217], [-0.13973142515834583, 40.48380379777494], [-0.13973358948624165, 40.484058187748495], [-0.1397107543540567, 40.484493624261255], [-0.1397116012872438, 40.484982496531366], [-0.1397421922044137, 40.48528052996895], [-0.1398036272773706, 40.4859723899099], [-0.13983177908776395, 40.48653130149563], [-0.13980995308058872, 40.4868412484766], [-0.13974796740299675, 40.48717992833271], [-0.1396003659715537, 40.48759906157754], [-0.13951177685191846, 40.48785120076655], [-0.1394169274913833, 40.48804703533796], [-0.13935190873361064, 40.48825351586697], [-0.1392912098475153, 40.48846010426407], [-0.13927412126421226, 40.488760258606575], [-0.13930583278838385, 40.489031894273666], [-0.13932943227764374, 40.48939251074616], [-0.13931068839064856, 40.48962986597647], [-0.13921168307086768, 40.49022856857136], [-0.13910181545021502, 40.490777455693866], [-0.13879959686454207, 40.491169635341215], [-0.13829032254227638, 40.49164916699125], [-0.13801085845430464, 40.49191309018382], [-0.13786318420598637, 40.492028339415455], [-0.13763965188986962, 40.49219786029316], [-0.13744335720497958, 40.49236364596494], [-0.13726995374645834, 40.49254872575375], [-0.13716546462496507, 40.49276743907175], [-0.13710345855120226, 40.49310611566347], [-0.13708079809266002, 40.493515173947095], [-0.13702878491800968, 40.49380234613955], [-0.13701811123819668, 40.493829245577835], [-0.13671197438286736, 40.49431198018208], [-0.13644033909107808, 40.49473386351118], [-0.13627848157270708, 40.495130818162245], [-0.13611897074641371, 40.49547252264254], [-0.13612236982802303, 40.49581826998216], [-0.13600023799134978, 40.4961332490206], [-0.13596684463533068, 40.496491909923854], [-0.13594861210392475, 40.49692007743716], [-0.13592909859437008, 40.49737847299108], [-0.13616787100413633, 40.497912883353614], [-0.13689199648990197, 40.49915223494806], [-0.1371937421025979, 40.49965296913111], [-0.13728095485341993, 40.49977257133227], [-0.1376350544809421, 40.50012780311932], [-0.1379428623994089, 40.50030572189011], [-0.1383405762676401, 40.500720751669434], [-0.13849120714204152, 40.50097698372124], [-0.1384928982698143, 40.501117955675866], [-0.13849109235271528, 40.501341047381956], [-0.13855275914384207, 40.501518738305265], [-0.13886952917359555, 40.50238977876664], [-0.13890264073648492, 40.502690629560995], [-0.1388625276653751, 40.50296133732345], [-0.1388270088350474, 40.503175306084934]]}, "properties": {"objectid": 791, "nomb_vp": "Vereda de los Llivis", "cod1": "120141", "cod2": "000000", "cod3": "007", "cod4": "000", "aproba_1": "22/02/1993", "aproba_2": "-", "boe_1": "-", "boe_2": "-", "bop_1": "-", "bop_2": "-", "dogv_1": "06/05/1993", "dogv_2": "-", "munic_1": "Ares del Maestrat", "munic_2": "-", "deslinde": "No", "mojon": "No", "legal_1": "20", "legal_2": "0", "obser_vp": " ", "long_c_1": 2840, "long_c_2": 0, "sup_vp_1": 5.7, "sup_vp_2": 0, "tipo_leyen": "Vereda", "shape_Length": 2665.306229792201, "long_desli": 0, "hyperlink": "120141"}}, {"type": "Feature", "id": 901, "geometry": {"type": "LineString", "coordinates": [[-0.1388270088350474, 40.503175306084934], [-0.1380372067395534, 40.50388110544281], [-0.13720991678205194, 40.504891415119076], [-0.13632698388370898, 40.505950371935896], [-0.13538862335600146, 40.50720159842797], [-0.1347086020843866, 40.50811298519471], [-0.13460864740794898, 40.50824158794219]]}, "properties": {"objectid": 901, "nomb_vp": "Vereda de los Llivis", "cod1": "120141", "cod2": "120803", "cod3": "007", "cod4": "006", "aproba_1": "22/02/1993", "aproba_2": "03/10/1984", "boe_1": "-", "boe_2": "03/10/1984", "bop_1": "-", "bop_2": "06/06/1984", "dogv_1": "06/05/1993", "dogv_2": "-", "munic_1": "Ares del Maestrat", "munic_2": "Morella", "deslinde": "No", "mojon": "No", "legal_1": "20:2", "legal_2": "20:2", "obser_vp": "Consta de dos tramos pero solo se tiene la long total", "long_c_1": 760, "long_c_2": 760, "sup_vp_1": 1.7000000000000002, "sup_vp_2": 1.7000000000000002, "tipo_leyen": "Vereda", "shape_Length": 668.1454049604663, "long_desli": 0, "hyperlink": "120141"}}, {"type": "Feature", "id": 2081, "geometry": {"type": "LineString", "coordinates": [[-0.19461417518053986, 40.574177328698596], [-0.19450413337446998, 40.574074615473194], [-0.1941427475418315, 40.57393475662208], [-0.1938861808505507, 40.5737474844618], [-0.1937436021931923, 40.5732964933846], [-0.19348741492837604, 40.57278980000944], [-0.1932757426885278, 40.572433136460376], [-0.19300923223221594, 40.57217344479279], [-0.19293362420861457, 40.572019679492456], [-0.19280594845415175, 40.571709741631494], [-0.1925643958142321, 40.57150725550975], [-0.1921992900279612, 40.57142932846553], [-0.19184182862182808, 40.57131690031154], [-0.19133797739506764, 40.571221231340914], [-0.19112258820384895, 40.571233863393054], [-0.19096773489467908, 40.57130760953426], [-0.19056958276862374, 40.57128594294061], [-0.1903667881067527, 40.57128464058498], [-0.19012522596124284, 40.57135555897273], [-0.1899964401502802, 40.5713524239663], [-0.18968984057867552, 40.57121090718951], [-0.18918640663056396, 40.57119864949031], [-0.1887882576258891, 40.57128427986966], [-0.188390319054061, 40.57127160916744], [-0.18819618709553781, 40.57124304826954], [-0.18791495125102892, 40.571242155591165], [-0.18762165090756888, 40.571242808463396], [-0.18742451597987791, 40.57124634599706], [-0.18727913426323828, 40.571293988917915]]}, "properties": {"objectid": 2081, "nomb_vp": "Colada del Masset de Jeroni", "cod1": "120458", "cod2": "000000", "cod3": "021", "cod4": "000", "aproba_1": "16/02/1993", "aproba_2": "-", "boe_1": "-", "boe_2": "-", "bop_1": "-", "bop_2": "-", "dogv_1": "06/05/1993", "dogv_2": "-", "munic_1": "Cinctorres", "munic_2": "-", "deslinde": "No", "mojon": "No", "legal_1": "5", "legal_2": "0", "obser_vp": " ", "long_c_1": 1000, "long_c_2": 0, "sup_vp_1": 0.5, "sup_vp_2": 0, "tipo_leyen": "Colada", "shape_Length": 819.5918475938805, "long_desli": 0, "hyperlink": "120458"}}, {"type": "Feature", "id": 2540, "geometry": {"type": "LineString", "coordinates": [[-0.24804017455506835, 40.561030710035745], [-0.24800968851148292, 40.56103460674246], [-0.2478242255981333, 40.56113389280697], [-0.2475726843203113, 40.56136987604063], [-0.24747997068694783, 40.561799603521926], [-0.24749019372738718, 40.56211635220145], [-0.24748697063861483, 40.56234744417978], [-0.24737732905999094, 40.56247398111026], [-0.24717265197037794, 40.56258825993946], [-0.24685890408347147, 40.56277143268953], [-0.24622457328412084, 40.563151911612145], [-0.24577892143049782, 40.56335100053991], [-0.2452614671708944, 40.56347211223158], [-0.24498342210348859, 40.5635465057099], [-0.24464372178296592, 40.56360036117944], [-0.2441974862277416, 40.56366120489599], [-0.2438214941939988, 40.56368559249671], [-0.2434642330548836, 40.56371042703508], [-0.24288239363249, 40.56372513030433], [-0.24246972214654686, 40.563729572605425], [-0.24211382964000644, 40.563721070821146], [-0.24157062620153727, 40.563708092317505], [-0.24122624398285175, 40.56372369522872], [-0.24079678840416072, 40.56375632858789], [-0.24039119170769174, 40.56374067513868], [-0.24005338983416236, 40.56378622166216], [-0.23962193322083103, 40.5638295268743], [-0.23919778941826875, 40.563884921100886], [-0.2385856004867784, 40.56395369068872], [-0.23789634217339925, 40.56399678062668], [-0.23712025297856046, 40.564061619779984], [-0.23653245509977272, 40.56410712980343], [-0.23609416864301982, 40.56412642678719], [-0.2357461165340265, 40.56425165849413], [-0.23494533660248484, 40.5644039424375], [-0.23451621008255547, 40.564449719844184], [-0.23436603670674772, 40.564423339139125], [-0.23400914770919398, 40.564343675012786], [-0.23350961618888502, 40.56428475710552], [-0.2332105089017889, 40.56441843283429], [-0.23293463599774986, 40.56444793522023], [-0.23242240010755255, 40.564352593378615], [-0.2318377160306818, 40.56429162582691], [-0.2312332182390705, 40.564251848910786], [-0.23081158351333692, 40.564256181259154], [-0.23051294980676848, 40.564263463033875], [-0.23011467112562697, 40.56427557519794], [-0.22984945044790356, 40.564276434032905], [-0.2294885718493811, 40.56430027635782], [-0.22908865626124894, 40.56435207138839], [-0.22876517599687207, 40.56438764397236], [-0.22844745511407485, 40.56449598500681], [-0.22813744028360639, 40.56461927581867], [-0.22755791422606633, 40.56480872983685], [-0.2270943924070506, 40.564957386659266], [-0.22679538885025913, 40.56503553173436], [-0.22658434483064546, 40.56513367414057], [-0.2263938184586439, 40.56531326110616], [-0.2261059053341066, 40.56559860124089], [-0.22595298725501717, 40.565746605507094], [-0.22563502479976133, 40.56601549380646], [-0.22538967948991553, 40.566108762618576], [-0.2249107828359357, 40.566202487523704], [-0.22473436451159104, 40.56629741189054], [-0.22447589294545137, 40.56670809643373], [-0.22424877773461982, 40.56700215609765], [-0.2240634839197842, 40.567119126549265], [-0.22387668021710783, 40.56718973419764], [-0.22338990237943143, 40.56743950322482], [-0.22295442600888443, 40.567652038785475], [-0.2223473879490707, 40.56776304907183], [-0.22228576659974755, 40.56780039033207], [-0.22213250081073505, 40.56803025344524], [-0.2219800538314623, 40.568349791662804], [-0.22189128061464689, 40.56865270881727], [-0.22174900016438226, 40.5688671775121], [-0.22166503116431907, 40.56905400196132], [-0.22162214101475844, 40.56916917688063], [-0.2213940847025514, 40.56961400759044], [-0.221165425815367, 40.57007334569958], [-0.22098264806342735, 40.570630029558856], [-0.22094899232568246, 40.571157610479084], [-0.2209100653429307, 40.57125088746203], [-0.22085000629580986, 40.57138051607624], [-0.22082946577851112, 40.57149918039858], [-0.220711645235882, 40.57151421681676], [-0.2206017537178586, 40.571526466227624], [-0.220097483080469, 40.571439848664944], [-0.21983000435336386, 40.571484050198976], [-0.21964189309392146, 40.57159272000704], [-0.21957613570670279, 40.571665825236266], [-0.21940846663013666, 40.57185222517737], [-0.21890266639883274, 40.5721796426765], [-0.2185671550078464, 40.57216858013256], [-0.21831109833089316, 40.57203133552085], [-0.2180573279095046, 40.57196814366142], [-0.2173527525812072, 40.57190323367045], [-0.2170475405815864, 40.571814688911765], [-0.21671212635368275, 40.57166238145742], [-0.21599634051580746, 40.571578637059616], [-0.21552882099327353, 40.571589449066614], [-0.21536028563483375, 40.57161188019899], [-0.21524757004351933, 40.571608497236625], [-0.21507507142197033, 40.571570378356355], [-0.2148636348871041, 40.571553546045536], [-0.21464584076499782, 40.57149083912584], [-0.21439871250306314, 40.5713385457532], [-0.2142734671190822, 40.57112845106997], [-0.2140451127920081, 40.57096004387439], [-0.21371731488622478, 40.570745059888814], [-0.21366592160774286, 40.570674795895236], [-0.213111142183354, 40.570694534733484], [-0.21283975012602935, 40.57069074299894], [-0.21267248911770054, 40.57066329090086], [-0.21254503558202942, 40.57055110122781], [-0.21236434687577224, 40.570455625935736], [-0.21207659076814683, 40.57041002279237], [-0.2119589646037124, 40.57053970825518], [-0.21181780227467217, 40.57071299936293], [-0.2114973270568428, 40.57075771640795], [-0.2110617945801022, 40.5707830875413], [-0.21067127070517516, 40.570770890006756], [-0.210392606130301, 40.57090607786728], [-0.2099797572442833, 40.570933037914855], [-0.20955820479977247, 40.57097517586762], [-0.2092597985771468, 40.57096796193861], [-0.20903819870977844, 40.57086102686478], [-0.2089252191907191, 40.57076287420887], [-0.20866495751171266, 40.57061498891895], [-0.2084655083650206, 40.570557838212004], [-0.20827958456601592, 40.57056099982899], [-0.2080526005308577, 40.570683287782465], [-0.2079709277495807, 40.570705937277346], [-0.20782645041840456, 40.57056870578286], [-0.20694295632595136, 40.57047971097283], [-0.206599104481897, 40.5704914803124], [-0.20612156180365193, 40.57042034386444], [-0.2055206251902611, 40.57049814530501], [-0.20490073033793768, 40.57052043498109], [-0.20458706542750021, 40.570628896912766], [-0.2043076610419232, 40.570721931474], [-0.20407250623287676, 40.57084438652484], [-0.20393702574438718, 40.57100196887298], [-0.20384168781216666, 40.57113371338887], [-0.20378601651298792, 40.57118189655578], [-0.20373515820802002, 40.57118364326377], [-0.20367752320263346, 40.570966675903094], [-0.20369231002871716, 40.570832292089925], [-0.20362259151618156, 40.570729000599044], [-0.2035959372422808, 40.57050579677859], [-0.20369883156398752, 40.570269603780254], [-0.20382697693891552, 40.57008724252942], [-0.2038086020863403, 40.57002067526754], [-0.20353632371551839, 40.56997493308351], [-0.20320837725678978, 40.57001097204887], [-0.20289605634893898, 40.57004533595498], [-0.20266693921701712, 40.57006236238197], [-0.2024631432897028, 40.57003000732731], [-0.20219824797251973, 40.569941336769226], [-0.20193016665615393, 40.569878393221536], [-0.2016840807316187, 40.56989661957548], [-0.20144808776276704, 40.569926377966866], [-0.20096447686407673, 40.56980821204368], [-0.2001912142516602, 40.56951180587306], [-0.1994786277678624, 40.56931126067846], [-0.19925057539254148, 40.56911330520171], [-0.19889381345742452, 40.56864039127959], [-0.19854323013724862, 40.568355467655905], [-0.1983465827884257, 40.56822088638787], [-0.19795290956506886, 40.56796087673306], [-0.1977230830347629, 40.567805636171265], [-0.1975130611139942, 40.56775166785364], [-0.19704803804903917, 40.56776175771938], [-0.19667580522750355, 40.56775577302628], [-0.19634835000073708, 40.56773254856576], [-0.195969900644308, 40.5676836505594], [-0.1957262144203149, 40.567668567848415], [-0.19550908471402095, 40.56759304275036], [-0.1953216195459551, 40.56747853320743], [-0.19527465566885385, 40.567260534845325], [-0.19530279921263252, 40.56677863619377], [-0.19541271880025202, 40.566448385872576], [-0.1953622144511086, 40.56612340001661], [-0.19512244562923386, 40.565439514944565], [-0.19509820964811095, 40.56516320371416], [-0.19505325374314716, 40.56489306246862], [-0.19483532396054978, 40.564357468448776], [-0.19456941235478928, 40.563746621594966], [-0.1945114540658342, 40.563175921325545], [-0.1944070390465764, 40.56261578962215], [-0.1943154853742701, 40.56174792997695], [-0.19412635631876354, 40.56111522939643], [-0.19401112639045615, 40.56072124675872], [-0.19402978772121904, 40.56052346628786], [-0.19407415995937702, 40.560373887005504], [-0.19400647380408637, 40.56036578627875], [-0.1936157323614494, 40.560397103225434], [-0.19330918411238351, 40.560288680197736], [-0.1931267961777145, 40.56015526463666], [-0.19296572161812112, 40.560095632849574], [-0.19268077425877655, 40.55996468658819], [-0.19248615732844981, 40.55981193943385], [-0.19237443710387583, 40.559664199437535], [-0.19209381890600416, 40.55927606700703], [-0.19186882671154026, 40.55886545478637], [-0.19163233887822656, 40.5583141359748], [-0.19130912106542092, 40.5578804326037], [-0.19092024057494245, 40.557638874513806], [-0.1901689840193098, 40.5576870800685], [-0.18996571088243377, 40.557675222750696], [-0.1898329172243256, 40.55756061300655], [-0.18948189156932355, 40.557103399725385], [-0.18911262124139935, 40.556975286342144], [-0.18889555069115713, 40.55692825930325], [-0.1887673759647228, 40.556817896048564], [-0.18865854581654679, 40.55661863392184], [-0.1885869125564652, 40.55635050299394], [-0.18836302301928737, 40.556027559455295], [-0.1880938043793292, 40.55567788577894], [-0.1879737795127256, 40.555520443866776], [-0.18777848491647603, 40.555285839794905], [-0.18753440602475505, 40.55488587012249], [-0.18730281700964946, 40.55449006745415], [-0.18698311564821074, 40.55408420624212], [-0.1866497831211417, 40.553757572922244], [-0.18665296096265496, 40.55366490550961]]}, "properties": {"objectid": 2540, "nomb_vp": "Cordel de la Costa dels Cavalls o del Tossal d'Aguilar a les Alberedes", "cod1": "120458", "cod2": "000000", "cod3": "001", "cod4": "000", "aproba_1": "16/02/1993", "aproba_2": "-", "boe_1": "-", "boe_2": "-", "bop_1": "-", "bop_2": "-", "dogv_1": "06/05/1993", "dogv_2": "-", "munic_1": "Cinctorres", "munic_2": "-", "deslinde": "No", "mojon": "No", "legal_1": "5 - 37.5", "legal_2": "0", "obser_vp": " ", "long_c_1": 7500, "long_c_2": 0, "sup_vp_1": 15.9375, "sup_vp_2": 0, "tipo_leyen": "Cordel", "shape_Length": 7393.371219231496, "long_desli": 0, "hyperlink": "120458"}}, {"type": "Feature", "id": 3411, "geometry": {"type": "LineString", "coordinates": [[-0.21957613570670279, 40.571665825236266], [-0.2193926361869093, 40.571349326190514], [-0.2192963466119849, 40.571094771924294], [-0.21917348716370216, 40.57045435593482], [-0.21895883743121064, 40.56945099484486], [-0.21878984485967884, 40.56871997978512], [-0.21874733680184508, 40.56837175992073], [-0.21878196051041715, 40.56776380768886], [-0.21882189674553804, 40.56736558780193], [-0.2188283498092608, 40.567115509794334], [-0.21877224152814062, 40.566866903200406], [-0.2186234678986893, 40.56630923055758], [-0.21855257121218338, 40.56613474138745], [-0.21847859404975398, 40.56597805286318], [-0.2183817509425901, 40.56590184085551], [-0.21815230797988056, 40.56550401040461], [-0.2179765795378806, 40.5652724510779], [-0.21773357960557926, 40.564892435512334], [-0.21738474245838155, 40.56450260844482], [-0.21698354836744846, 40.56411712063254], [-0.21661265505546515, 40.56381449208383], [-0.21601628251492477, 40.56342595299289], [-0.21551303707860847, 40.56312783381382], [-0.21507134377624354, 40.562852646404195], [-0.21464788950147443, 40.562589813111096], [-0.21425435151618238, 40.56220854132457], [-0.2139799568334864, 40.56196836825209], [-0.2138624186267081, 40.56193931678026], [-0.21362254516251142, 40.56194496459368], [-0.21319874040614115, 40.56196857736847], [-0.21265566327851612, 40.561953082440645], [-0.2122793374831584, 40.562060770784704], [-0.2118002613173182, 40.5622960464556], [-0.2112273365798504, 40.56271218314047], [-0.2106491056445818, 40.563091437260795], [-0.21035705821099068, 40.563201155620284], [-0.20986274799925342, 40.56328994730682], [-0.20919037900768733, 40.56337790908853], [-0.20848427576423958, 40.56352527548631], [-0.20764135940363787, 40.563731290001144], [-0.20688512041422946, 40.563923585131995], [-0.20686855609224725, 40.56397950939721], [-0.2068942744139934, 40.56403732773032], [-0.20703754201981184, 40.56434906373682], [-0.20714948149825646, 40.56451298832255], [-0.20732382651000833, 40.565129681375964], [-0.2074115916890746, 40.56534867308166], [-0.2074636777115386, 40.56552390547339], [-0.20747673596641483, 40.566336883492745], [-0.207450285307768, 40.566672270810464], [-0.20737814635910298, 40.56705421648773], [-0.2073210169702794, 40.567300684184254], [-0.2072439197009385, 40.56765152844543], [-0.20716072134417374, 40.56806081897397], [-0.20696494020494532, 40.56819767511765], [-0.2068004232219935, 40.56847595361057], [-0.20664462720324275, 40.56883576390838], [-0.20651781870119754, 40.56910437722578], [-0.20646352674184099, 40.56933606460673], [-0.2062272295562638, 40.56962879199583], [-0.20594452577740077, 40.56976021528171], [-0.20569217890991304, 40.56997246152823], [-0.20504256121743586, 40.570437116816315], [-0.2047227475308199, 40.570549468192254], [-0.20458896177725208, 40.57066632289093], [-0.2045553420869971, 40.57078560498996], [-0.20467913448213587, 40.57090869905795], [-0.20470411825105866, 40.57099664638375], [-0.20464051847381434, 40.57114795464204], [-0.20431888243325202, 40.57130393232796], [-0.20398657078460813, 40.57137230730436], [-0.2038125782465431, 40.57142268021169], [-0.20354636150546151, 40.57162366884375], [-0.20311545854058305, 40.571995351270616], [-0.2027897242481059, 40.572249484363624], [-0.20262685558540966, 40.57237655051661], [-0.2023560818081399, 40.572686604395464], [-0.20194153559657274, 40.573197612600424], [-0.2017105516237816, 40.57345297095877], [-0.2013873072246243, 40.57378473599667], [-0.20127765532226266, 40.573828548477756], [-0.20094588328737925, 40.573802630872656], [-0.20031770621090675, 40.57377656911382], [-0.20006877168025836, 40.573770530259544], [-0.19984640989196617, 40.573861758765275], [-0.19957045569835843, 40.57395873212018], [-0.19921622507911166, 40.57402163262564], [-0.1988933733852685, 40.57400664865782], [-0.1983251367321738, 40.573917788281044], [-0.19808276874101763, 40.57392280596252], [-0.19725342798398984, 40.57389211819017], [-0.19665050696326764, 40.57394147632531], [-0.1962287089096841, 40.573938381725426], [-0.1958607246353575, 40.57399378787735], [-0.19551914108594012, 40.57397834031104], [-0.1947859126214538, 40.57413568625997], [-0.19423652588502985, 40.57426889834411], [-0.19380965089975125, 40.574387212256134], [-0.19366222808262076, 40.57443725002606], [-0.19324117562779736, 40.574416287752115], [-0.19275017141581294, 40.57438647461378], [-0.19161147285162186, 40.574262257319226], [-0.19117428054760116, 40.57429094165369], [-0.190530030847612, 40.574524899924555], [-0.19015363451139516, 40.574706391277694], [-0.19000413142707817, 40.57484335911882], [-0.1898918940553547, 40.57498599970759], [-0.18983529179768227, 40.575218171716415], [-0.18979699060999647, 40.57538644436992], [-0.18983275966465207, 40.5756518463897], [-0.18988380895388574, 40.57585089131209], [-0.18986736363255016, 40.57601969605035], [-0.1897680125799147, 40.5761531178554], [-0.18954964638909588, 40.57636705230195], [-0.18943786742792573, 40.57664792650065], [-0.1893712960225877, 40.576894155322776], [-0.1892034129229746, 40.577171280728244], [-0.18899311151788772, 40.577416391649486], [-0.18869548262594593, 40.57765699198831], [-0.18834826272417152, 40.57781297317314], [-0.18806305884700314, 40.577906118348366], [-0.18787714329442978, 40.5779421026597], [-0.18772009681374663, 40.57788584730517], [-0.18757673820048804, 40.57780132644374], [-0.18746520178345302, 40.57770328274426], [-0.18738014048159424, 40.577570136228644], [-0.18723897827323177, 40.57743323928517], [-0.1870761166291037, 40.57744118618894], [-0.18683277285626326, 40.577576867170244], [-0.186454049499595, 40.57769424812968], [-0.18617781798431152, 40.57776961631565], [-0.18593525228952204, 40.57785041538302], [-0.18564393034808402, 40.57786441394393], [-0.1854940075179002, 40.577808003199635], [-0.18526243114940835, 40.57771794890929], [-0.18502908579543847, 40.57767005250042], [-0.18457356996086643, 40.5776378407195], [-0.18433579942825518, 40.57769534543098], [-0.18414564395039318, 40.577737018223324], [-0.18421540668098857, 40.57792174655316], [-0.18425017872747393, 40.57804651957633], [-0.18429454212836485, 40.57818105888648], [-0.18417332324174113, 40.5782213553612], [-0.18399303619504145, 40.57821564751079], [-0.18374508449358337, 40.57816574743841], [-0.1835703913006011, 40.578157672306396], [-0.1833170229153776, 40.578296386089406], [-0.1826514766735059, 40.57860425328899]]}, "properties": {"objectid": 3411, "nomb_vp": "Colada de Querolets a l'Hostal Nou", "cod1": "120458", "cod2": "000000", "cod3": "005", "cod4": "000", "aproba_1": "16/02/1993", "aproba_2": "-", "boe_1": "-", "boe_2": "-", "bop_1": "-", "bop_2": "-", "dogv_1": "06/05/1993", "dogv_2": "-", "munic_1": "Cinctorres", "munic_2": "-", "deslinde": "No", "mojon": "No", "legal_1": "5 - 12", "legal_2": "0", "obser_vp": " ", "long_c_1": 5200, "long_c_2": 0, "sup_vp_1": 4.42, "sup_vp_2": 0, "tipo_leyen": "Colada", "shape_Length": 5204.014560953177, "long_desli": 0, "hyperlink": "120458"}}, {"type": "Feature", "id": 3515, "geometry": {"type": "LineString", "coordinates": [[-0.13460864740794898, 40.50824158794219], [-0.13458408736312158, 40.508242148507115], [-0.13392175705528817, 40.50864456996662], [-0.13368268410277784, 40.508686299103196], [-0.13332047176756326, 40.50868683944421], [-0.13228293039529307, 40.50870873947544], [-0.13110774620746196, 40.50873674271201], [-0.130589322764136, 40.50888591608675], [-0.12939596659378438, 40.50921016620645], [-0.1291109303950414, 40.509287670023895], [-0.12877366816528943, 40.5092888172847], [-0.12807228733322698, 40.50904259004013], [-0.1275522307546098, 40.50879893113437], [-0.1269202797043162, 40.50852776545023], [-0.12644022692896736, 40.50836329675455], [-0.12599489157868696, 40.5079709068064], [-0.12554658153576617, 40.5070636775359], [-0.12525002213079833, 40.50657533240302], [-0.1250731331831834, 40.50635784991291], [-0.12484746811642972, 40.506192422249995], [-0.12433521875042536, 40.50619742024413], [-0.12316514776705839, 40.50634583457228], [-0.12243985312169423, 40.50643429744141], [-0.12173172900625752, 40.50666523565785], [-0.12047061077080735, 40.5073085340579], [-0.11953446850313659, 40.50776226070072], [-0.1188915133196985, 40.50819425449741], [-0.11767310374871653, 40.50849943522717], [-0.11688736483095635, 40.50873357590386], [-0.1158273946413523, 40.50902671596696], [-0.1146427843861471, 40.509512053766954], [-0.11354734937803114, 40.510088389779085], [-0.11178866866483989, 40.510932229115696], [-0.11070927647129171, 40.51114510484493], [-0.1092716423026189, 40.51117585043807], [-0.10883988446891597, 40.511050648849505], [-0.10837029162794298, 40.51093403045348], [-0.10754298558873811, 40.51071312299331], [-0.10690531070496677, 40.510542825864604], [-0.10555768444813295, 40.510120012902895], [-0.10465923195037552, 40.50981150788039], [-0.10363274964530797, 40.50957604651248], [-0.10295395715998158, 40.509387429479126], [-0.10238868247983669, 40.50917306036147], [-0.10200480425325273, 40.509096697350046], [-0.10164177589915233, 40.50911618312108], [-0.10102307482883982, 40.50927223885153], [-0.10049580713454319, 40.50933526064544], [-0.09946047271134051, 40.509595235177905], [-0.09861678797654064, 40.509755158225126], [-0.09810994692845848, 40.50992354125127], [-0.09705842120994244, 40.51026888048924], [-0.09654402955779391, 40.51032267550705], [-0.09584373282181524, 40.51034319375596], [-0.09495793974266906, 40.510320910741356], [-0.09419402904039885, 40.510368417115714], [-0.09364673326107684, 40.51031651132321], [-0.09273298191511516, 40.51007425747406], [-0.09231086069807871, 40.51001596568867], [-0.09201720307975537, 40.50987511357739], [-0.09178345695104236, 40.50979296531857], [-0.09156753808235733, 40.50958734131758], [-0.0913700131793138, 40.509527019269626]]}, "properties": {"objectid": 3515, "nomb_vp": "Colada del Campello", "cod1": "120141", "cod2": "120803", "cod3": "000", "cod4": "011", "aproba_1": "22/02/1993", "aproba_2": "03/10/1984", "boe_1": "-", "boe_2": "18/02/1985", "bop_1": "-", "bop_2": "06/06/1998", "dogv_1": "06/05/1993", "dogv_2": "-", "munic_1": "Ares del Maestrat", "munic_2": "Morella", "deslinde": "No", "mojon": "No", "legal_1": "0", "legal_2": "15:2", "obser_vp": "Este tramo no figura en PC de Ares del Maestre. Consta de 2 tramos pero solo se tiene la long total", "long_c_1": 0, "long_c_2": 0, "sup_vp_1": 0, "sup_vp_2": 0, "tipo_leyen": "Colada", "shape_Length": 4094.6609946299404, "long_desli": 0, "hyperlink": "120141"}}, {"type": "Feature", "id": 3516, "geometry": {"type": "LineString", "coordinates": [[-0.13460864740794898, 40.50824158794219], [-0.1346091842459658, 40.508488185920356], [-0.13404609047484048, 40.50935257624486], [-0.13361794266352664, 40.510198496316974], [-0.13358818222381275, 40.51057959190656], [-0.133657800807117, 40.510849636434315], [-0.1337592649614326, 40.51100695245434], [-0.13406673600374064, 40.511406739340806], [-0.134401224993843, 40.51180719504976], [-0.1348242510508024, 40.512716302441106], [-0.1352529273845545, 40.51348101041561], [-0.13629315620462024, 40.51437217659949], [-0.1364968867414358, 40.51498609975429], [-0.1366296703655492, 40.5153609074479], [-0.13685227864856572, 40.515531545449775], [-0.1372792590116441, 40.515665971076146], [-0.1381685774680484, 40.51573961567988], [-0.1386944144232345, 40.51609320286903], [-0.1388594905133124, 40.516344969755565], [-0.13922894064810568, 40.51656052106682], [-0.1395638380498291, 40.51727056765661], [-0.13977242918566946, 40.51777108838832], [-0.14002461736251734, 40.51820044888841], [-0.14065197547434466, 40.518711339220374], [-0.14119354796050082, 40.51901370608648], [-0.1416339926691677, 40.51946836424989], [-0.14198908425554432, 40.519704190558635], [-0.14231935228480458, 40.519887802602135], [-0.14232928242965137, 40.520290522788805], [-0.14246561257452933, 40.520582852335494], [-0.14348264565519095, 40.52083505554639], [-0.14418985855571861, 40.521058947048466], [-0.14502778879883166, 40.521389265079286], [-0.1453720199832151, 40.52156289416838], [-0.1461930076610491, 40.52165542821571], [-0.14718508709812475, 40.52204250589824], [-0.14731066179574506, 40.522097361413856], [-0.1482689595001684, 40.522645112867906], [-0.14841771866377002, 40.52276950008367], [-0.14849615825958504, 40.52292690304441], [-0.14857590360326695, 40.52327064105731], [-0.14857525992480788, 40.52343029273327], [-0.14845580138195957, 40.52392740676534], [-0.1484214595620571, 40.52401683716308], [-0.14778228957242678, 40.52520755034912], [-0.1477394246949327, 40.52540632847072], [-0.14778510895971592, 40.525962530998406], [-0.1476221122160521, 40.52689850105002], [-0.14749401646958257, 40.52745346722768], [-0.1473664752934223, 40.52825105917013], [-0.147417885182689, 40.52880479820386], [-0.1476863908755369, 40.52910260390377], [-0.14744046489330942, 40.53004026152871], [-0.14700732536782926, 40.53097329326066], [-0.14656810921641192, 40.53204916164053], [-0.14625446822012658, 40.533256823585276], [-0.1458871212513601, 40.53479510047373], [-0.14569775893273001, 40.53609910490396], [-0.1457012674689666, 40.53662517767989], [-0.14571816714925348, 40.536835990436074], [-0.14585694339955954, 40.53722076051603], [-0.14604043888583837, 40.53756718792665], [-0.14610703966032293, 40.53782525247172], [-0.1460436717735733, 40.538099828164896], [-0.1459936144562777, 40.53846678113564], [-0.14578002829536574, 40.53862587166815], [-0.1454389815604879, 40.538742361440384], [-0.14511072874478992, 40.538760543942885], [-0.14474389608240212, 40.5386725743883], [-0.14450787096677956, 40.53854838934038], [-0.1443762700527802, 40.53840048843664], [-0.1442913804784636, 40.538264226315654], [-0.1439876118205236, 40.53781229009236], [-0.14350160968304634, 40.53667597126151], [-0.1430707628860841, 40.536067002023934], [-0.14280231902278262, 40.53569216845956], [-0.14260962987117454, 40.535562477717754], [-0.14236859377990346, 40.53555651186745], [-0.14218641969213403, 40.53558487707687], [-0.14187897892315735, 40.53572191228538], [-0.14154012493349233, 40.53598966601694], [-0.1405517159910478, 40.536333378961146], [-0.1390384547317916, 40.53665750471946], [-0.1384274654335814, 40.53683960642935], [-0.13750832940521196, 40.53757949922358], [-0.1367666649954941, 40.53819886518058], [-0.13628829026913167, 40.53870641094741], [-0.1352957456899859, 40.53938937111415], [-0.13503783165242084, 40.540141569543756], [-0.1348422080716239, 40.540982211901266], [-0.13451628799977516, 40.54163004903136], [-0.13419414609547584, 40.541983480705895], [-0.13386323637624845, 40.54233669465839], [-0.13354308305400026, 40.542643322891735], [-0.1331652870909701, 40.5428615075426], [-0.13269927502636342, 40.54309088643659], [-0.13232595764015886, 40.5434095772176], [-0.13191472452156947, 40.543794255381016], [-0.13166275668939287, 40.54394193710193], [-0.13102258677130676, 40.54414020976464], [-0.13020952362423274, 40.54464104770466], [-0.12964898133825475, 40.54507656681975], [-0.12905614630132345, 40.54560396753074], [-0.1286748901960111, 40.545902368958046], [-0.12817454486915683, 40.54631828304007], [-0.12779899798218602, 40.5464829606189], [-0.1272130966288026, 40.54664240340083], [-0.12695596100479015, 40.54691042146746], [-0.1268000986259991, 40.54706717727057], [-0.12677370387232445, 40.54727400694017], [-0.1267732176599448, 40.54769566035106], [-0.1267007107864818, 40.54795488724863], [-0.12657275310835736, 40.54827966440443], [-0.1264114521698754, 40.54856345383122], [-0.12576815453954066, 40.5492435223141], [-0.12545126084326877, 40.5496773769504], [-0.1254779184272229, 40.55007962725699], [-0.12556668624734027, 40.55067083086868], [-0.12559552911886232, 40.55122707705578], [-0.12572661794633602, 40.55144452071504], [-0.12563628510624186, 40.5517099952285], [-0.1254495330804753, 40.55197306967301], [-0.1251739805046004, 40.552260704403544], [-0.12500675842516037, 40.552477412758584], [-0.12436019038966999, 40.55282273526209], [-0.12381638393939255, 40.55297404476186], [-0.12277055118642417, 40.55326502965765], [-0.1215875466242769, 40.55363712414054], [-0.12027779789115978, 40.55409974792557], [-0.11979413300471296, 40.55432863279276], [-0.11906416651398465, 40.5545714486513], [-0.11821335597794587, 40.554971876757456], [-0.11738068550247768, 40.555262593046756], [-0.11690881714949025, 40.55551442127112], [-0.1166647414987394, 40.55568283330247], [-0.11657551480685924, 40.55592155585214], [-0.11669651696747778, 40.556258383318905], [-0.11721278162019431, 40.55747113883892], [-0.11724105334766025, 40.557590308731484], [-0.11729011115912386, 40.55843866543287], [-0.11676171974474793, 40.559211884991896], [-0.11646775945566562, 40.559452818053515], [-0.11628784035489988, 40.55955541225556], [-0.11600301161658964, 40.559648692856754], [-0.11536724368254751, 40.55973989672634], [-0.11494445009104369, 40.55977618216074], [-0.11449300147658112, 40.55996222493161], [-0.1143427114186708, 40.56005467605154], [-0.11403046037904829, 40.56021515846453], [-0.11374145962406401, 40.56060951810014], [-0.11367190443684828, 40.561002671041344], [-0.1132843118526294, 40.56124062309851], [-0.11312099353170735, 40.56137157204726], [-0.1131692734609177, 40.56150198423058], [-0.11331947668970589, 40.56171798032157], [-0.11335602214087191, 40.56181802232751], [-0.11327656134258886, 40.56199510530058], [-0.11324973956868233, 40.56212551727721], [-0.11325510398852442, 40.56223555116834], [-0.11333557060688698, 40.56234966093488], [-0.11345895142640237, 40.56264716003197], [-0.11338384973421627, 40.56285092582689], [-0.11337312171804408, 40.56293650821319], [-0.11344102279244804, 40.5630103534036], [-0.11359306188830398, 40.56311989641148], [-0.11384519062801463, 40.56323808018182], [-0.11386664819215671, 40.563368488850124], [-0.11384518975538219, 40.563490746675804], [-0.11388810541290421, 40.563527424920785], [-0.11410804685424258, 40.56368228476763], [-0.11415632582718258, 40.56378416638863], [-0.11412820478472857, 40.563932678341104], [-0.11413984734943865, 40.56420703147735], [-0.11423413473041807, 40.5643762081299], [-0.11430590799164071, 40.56470568488885], [-0.11431362136448034, 40.56495704991677], [-0.1142630536288497, 40.5651574114677], [-0.11410863880239269, 40.565296539370145], [-0.11387064719137638, 40.56537908511621], [-0.11334922091935072, 40.56551586506337], [-0.11262511068704706, 40.565640742758774], [-0.1114271976988942, 40.56579016615614], [-0.11111342719892621, 40.56591272810998], [-0.11068048374846352, 40.56616999560207], [-0.11042984783982429, 40.56636628850264], [-0.10965713646998256, 40.56677039031383], [-0.10923027906402848, 40.567009491319894], [-0.10873524539186896, 40.567071592589116], [-0.10838879527045217, 40.5670334293659], [-0.10801180940234305, 40.56700280102963], [-0.10743071304499978, 40.567071650268865], [-0.1070545886085902, 40.56702948064038], [-0.10674651554484223, 40.566994924204465], [-0.10618025780828029, 40.56708201369996], [-0.10556958929638197, 40.56729310027339], [-0.10510312159539796, 40.56743750043299], [-0.10459767945228637, 40.567498525682346], [-0.10404454648362406, 40.56751103689019], [-0.10331249698623428, 40.56745692091905], [-0.10313016558026575, 40.56748714507854], [-0.10262054583277629, 40.56732414422989], [-0.10206264671862958, 40.56716725545388], [-0.10157716704368418, 40.56702870333761], [-0.10081810162895541, 40.56677401168208], [-0.10013682040356786, 40.566602858425334], [-0.09960574389566092, 40.5665458072842], [-0.09928924259151356, 40.56654988219681], [-0.09900492874577928, 40.56662730852452], [-0.09840411371147463, 40.56672918612463], [-0.09795350243197257, 40.56667620996873], [-0.0973419591823596, 40.56657433251201], [-0.09623265843283076, 40.56640396001418], [-0.09580358556033895, 40.56636915053622], [-0.09520072862798001, 40.56624619559849], [-0.09436905500157208, 40.5661478111221], [-0.09382071847454077, 40.5661816697605], [-0.09324123984139923, 40.566393475987724], [-0.09250541918038695, 40.56660729951334], [-0.09188742863747994, 40.56680621416749], [-0.0908974868722506, 40.56711490781581], [-0.0897813180220341, 40.56727146531412], [-0.0886102595847527, 40.56743258479695], [-0.08784784588522634, 40.56753846626698], [-0.08700242578885607, 40.567576712215306], [-0.08577016264601765, 40.56752773468714], [-0.08547650406105256, 40.56763351876874], [-0.08430150331825315, 40.56770512720119], [-0.08376410692047104, 40.567846455358676], [-0.0833708479607455, 40.568086747985554], [-0.08289122327292762, 40.568336772088266], [-0.08235692216696104, 40.568406677094025], [-0.08177006249339817, 40.56842758888321], [-0.08116866846391214, 40.56860303325496], [-0.08079411006511286, 40.56877229601447], [-0.08003917950346183, 40.568705538020495], [-0.07958994245849756, 40.5687954556581], [-0.07887688282105693, 40.568664213830004], [-0.07806392823888413, 40.56849469154059], [-0.07733115103073387, 40.56863700067841], [-0.07679661338367663, 40.568891566879856], [-0.07645769417841526, 40.56913916993449], [-0.0760688098742641, 40.56927826428484], [-0.07495125879511329, 40.569285696684624], [-0.074044679641389, 40.56929250823633], [-0.07268962947146931, 40.56937134901366], [-0.07159067818471358, 40.56946215320069], [-0.07060283033701592, 40.56974736975491], [-0.0700690392704467, 40.56998404967849], [-0.0696933987877531, 40.569998345675415], [-0.06916946872881077, 40.56983013966083], [-0.06829565485785992, 40.56962325682423], [-0.06755269556081944, 40.56946139558898], [-0.0672030709183932, 40.56941676622854], [-0.06696010234609699, 40.56943442337905], [-0.0662205334456739, 40.569731392583975], [-0.06597600303919118, 40.56996348979872], [-0.0649869463771686, 40.570426885216236], [-0.06435817923057402, 40.57069091240333], [-0.06391359089421496, 40.57085238040929], [-0.0634955392543804, 40.57094302818597], [-0.0629242643312246, 40.5709642401747], [-0.06227078967435249, 40.57089994727678], [-0.06184389987822905, 40.57083546143879], [-0.061082457832933416, 40.57091735877637], [-0.0602198040459631, 40.571169449523296], [-0.05951531603522079, 40.57137790145023], [-0.058628455382388735, 40.571647237078565], [-0.05767421911993814, 40.57184931292237], [-0.05714532684876333, 40.571972858249], [-0.0556476482775058, 40.57209552477036], [-0.05445694695165013, 40.57216642715969], [-0.05335258109791696, 40.572406340102795], [-0.05258667107539813, 40.572589349450915], [-0.05236847261729633, 40.57262889906927], [-0.05214316687603593, 40.572914128685724], [-0.05183203026234336, 40.57331344746775], [-0.05142433518599072, 40.57390019885656], [-0.051241944296990784, 40.57419357181123], [-0.050973724003985414, 40.57451954035089], [-0.05080742767060608, 40.57468659909743], [-0.0506411293577668, 40.57485365664129], [-0.050201247048333814, 40.575163324836154], [-0.04990083974572341, 40.57548113910834], [-0.04958970398174387, 40.5758722947061], [-0.04917127971375917, 40.57638568196787], [-0.04887087203178175, 40.57688276691205], [-0.04846317621092923, 40.57729836065173], [-0.04813058264855381, 40.57769765332377], [-0.04771215771744016, 40.57850438166553], [-0.04735850981926973, 40.579307789082485], [-0.047197172974152705, 40.57965334099871], [-0.04674656269339971, 40.58044374807667], [-0.04632599188794146, 40.5810173984379], [-0.04602129317620662, 40.58129444335992], [-0.045789549782837356, 40.58143133641419], [-0.04551703779284827, 40.58156008063143], [-0.04510505043993453, 40.58166274933098], [-0.04486472446951694, 40.58170838035872], [-0.04467160561506195, 40.58169371334213], [-0.044491360611692406, 40.58170145371071], [-0.0443111167239736, 40.58170919472603], [-0.044101903960846664, 40.58169737965392], [-0.0438926924345297, 40.58168556513474], [-0.043692062441056743, 40.58165500844255], [-0.043491433790979715, 40.58162445233756], [-0.04300112616422146, 40.581515264061764], [-0.04272378528543847, 40.58147778193139], [-0.04248292300382915, 40.581435410855626], [-0.04226619984505741, 40.58141361386672], [-0.04220021845781592, 40.581421558680404], [-0.04199586542852604, 40.58140104645251], [-0.04178264331074263, 40.58141645535634], [-0.041357481305007965, 40.581488966862956], [-0.04093100497375537, 40.58159123114046], [-0.04071231692783505, 40.58194309147948], [-0.04047834801074861, 40.58210986771952], [-0.040152741649747054, 40.58240536550686], [-0.039908790821368646, 40.582798280680684], [-0.039690952851233016, 40.582953553577696], [-0.039103314682654766, 40.583174191606695], [-0.0380711214473551, 40.58335882766359], [-0.0374001244716776, 40.58359480923867], [-0.03699064358470981, 40.58393937403806], [-0.03672073747435034, 40.584369467809196], [-0.03668863539740684, 40.58475916546288], [-0.03635250598737698, 40.58484558661885]]}, "properties": {"objectid": 3516, "nomb_vp": "Vereda de los Llivis", "cod1": "120803", "cod2": "000000", "cod3": "006", "cod4": "000", "aproba_1": "03/10/1984", "aproba_2": "-", "boe_1": "18/02/1985", "boe_2": "-", "bop_1": "06/06/1998", "bop_2": "-", "dogv_1": "-", "dogv_2": "-", "munic_1": "Morella", "munic_2": "-", "deslinde": "No", "mojon": "No", "legal_1": "20", "legal_2": "0", "obser_vp": "Consta de 2 tramos pero solo se tiene la long total", "long_c_1": 16000, "long_c_2": 0, "sup_vp_1": 33.424, "sup_vp_2": 0, "tipo_leyen": "Vereda", "shape_Length": 16922.781214190345, "long_desli": 0, "hyperlink": "120803"}}, {"type": "Feature", "id": 3518, "geometry": {"type": "MultiLineString", "coordinates": [[[-0.12715467461757743, 40.58722255076853], [-0.1271540876957831, 40.58722323421212]], [[-0.1271540876957831, 40.58722323421212], [-0.1260728379245415, 40.586722940068434], [-0.1263456241127482, 40.586229271728996], [-0.12656318126065066, 40.585492340333445], [-0.1266246522436868, 40.58456801955341], [-0.1267361249370739, 40.58375337753482], [-0.12686731074287935, 40.58298927144917], [-0.1271009057245755, 40.58187739156001], [-0.1268285416088038, 40.58159535930049], [-0.12653124681846864, 40.58112920337798], [-0.12623881579102447, 40.58080496533206], [-0.12624916482786047, 40.58056333366487], [-0.126005311930908, 40.580382101150455], [-0.125861832926013, 40.58026455396228], [-0.12555287802465143, 40.58026130706462], [-0.12541047047176931, 40.58018216901204], [-0.12554967232406736, 40.579927735329285], [-0.12544766484618003, 40.57985849617602], [-0.12506057769891377, 40.57977326378953], [-0.12468761805147428, 40.57963057695249], [-0.12465970684985136, 40.57946535911726], [-0.12468795730092833, 40.57935045178483], [-0.12474724085532274, 40.579191852874025], [-0.12471160037048125, 40.57907090712826], [-0.12476904007455367, 40.57891758908608], [-0.12494606590668378, 40.5786486825768], [-0.12503726043778846, 40.5785142293526], [-0.12512845634060557, 40.57833495656992], [-0.12539131187478852, 40.57810271773376], [-0.12482804844544829, 40.57789492411954], [-0.1245914174433749, 40.57752051054642], [-0.12452577401512033, 40.577283207084015], [-0.12450555171185791, 40.57680247422582], [-0.12443271491744376, 40.57626959787825], [-0.12420877559324255, 40.57580645512142], [-0.12392803087756947, 40.575356195345954], [-0.1236738572118298, 40.57494234456545], [-0.12338663081028488, 40.57420594437747], [-0.12332945733246914, 40.57378985238628], [-0.12341288494434166, 40.573042338373305], [-0.12357539311103806, 40.57253195968887], [-0.12394095304118552, 40.571876602876586], [-0.12423236896607433, 40.57131719895823], [-0.12441104819966091, 40.57108571909076], [-0.12451247339104779, 40.57068787728973], [-0.12463801599178488, 40.57038357908217], [-0.12463149538631778, 40.57020048061409], [-0.1245363501605281, 40.56996013265874], [-0.1245148923600462, 40.56975231395429], [-0.124530985753279, 40.56969526457836], [-0.12464363825558189, 40.56955671807566], [-0.12464363800019929, 40.56940187170125], [-0.1246811890206354, 40.56932444852069], [-0.12469728175644836, 40.569242950098975], [-0.12463827357795584, 40.56903105432842], [-0.1245122100337683, 40.56887824402363], [-0.12435862255258372, 40.568693267012534], [-0.12429495105683697, 40.56853798460846], [-0.12430031578640227, 40.568456485579624], [-0.12430031534089916, 40.56832608638657], [-0.12428958598281875, 40.56816308694162], [-0.12430031489675773, 40.56805306260258], [-0.12435395923974726, 40.567828937495364], [-0.1243539596753608, 40.56775558689051], [-0.12438027029912642, 40.56764607321186], [-0.12451131362031032, 40.56721322146219], [-0.12452416219345123, 40.566913265679645], [-0.12442391308022485, 40.56661528968694], [-0.12441157327417117, 40.566545604706384], [-0.12415102926963441, 40.565624332276336], [-0.12392023389216979, 40.5651041502979], [-0.12339238272246783, 40.564297921148345], [-0.12293288840441707, 40.56382914486455], [-0.12235865336904128, 40.563228576270376], [-0.12213570520169138, 40.56288937793098], [-0.12194621747025183, 40.56249858369921], [-0.12174841367242899, 40.561864501279366], [-0.12170831720221, 40.56119622009462], [-0.12169824500349052, 40.56084802982129], [-0.12168588384315421, 40.56068958120266], [-0.12174978444149602, 40.56052044032333], [-0.1221508580483467, 40.559947759998664], [-0.12273994000765909, 40.559326144002966], [-0.1232587531409639, 40.55903164845932], [-0.12367596879561168, 40.55892050427804], [-0.12402603048817677, 40.55869786482231], [-0.12428124994612305, 40.55846729609081], [-0.12440842288886499, 40.55827028001378], [-0.12454097324276134, 40.55780171835696], [-0.12459922339548699, 40.55731700691542], [-0.12463894907471655, 40.55682706739949], [-0.12464590841692097, 40.556226686405665], [-0.1246231320277239, 40.55588294617969], [-0.12470838720861008, 40.55535124398561], [-0.12475868318732111, 40.555052219508546], [-0.1247295871877711, 40.55485607626979], [-0.124668405963179, 40.5545930032437], [-0.12449215527813089, 40.55412568532861], [-0.12429717216087562, 40.55386344760198], [-0.12402415674995705, 40.553346357838564], [-0.12381638393939255, 40.55297404476186]], [[-0.1271540876957831, 40.58722323421212], [-0.12699374204897673, 40.587409946412585], [-0.12642511424220992, 40.58776844072538], [-0.1258672154078828, 40.588159524109145], [-0.12518056894034382, 40.5884609826663], [-0.12480506023906998, 40.588680964671134], [-0.12442955057547679, 40.58894983066379], [-0.12411841443639136, 40.589243137894734], [-0.12371071847266395, 40.589520149844155], [-0.1233459378647198, 40.589772717275025]], [[-0.12059509199464144, 40.59756705666067], [-0.12062687334235166, 40.59713468236378], [-0.1206697891882023, 40.596825116743524], [-0.12068051786621255, 40.596629600452104], [-0.12068051791256433, 40.596613307491246], [-0.12072810201759367, 40.59629842159529], [-0.12074955969683523, 40.59601329188384], [-0.12072810195488463, 40.59577704046137], [-0.12066372926593283, 40.5955733743597], [-0.12061008467774403, 40.595394148258094], [-0.12056716928292029, 40.59523121526654], [-0.12057789919802517, 40.59501125457377], [-0.12087830645201639, 40.59460391741941], [-0.12104996698114986, 40.594400248743256], [-0.12117871367578527, 40.594229166263204], [-0.12137183205245851, 40.59399290865], [-0.12143620553094682, 40.59393588061274], [-0.12155422301396596, 40.593789237501625], [-0.12152203632485507, 40.59340633402137], [-0.12144693454173812, 40.593186367138586], [-0.12143620511632579, 40.592974546711304], [-0.1214362056145684, 40.592770872418896], [-0.1215864097193239, 40.592371669923395], [-0.12172588433218472, 40.59202949388986], [-0.1219619188969009, 40.59159769803559], [-0.12228378372894318, 40.59092963050072], [-0.12234815655990358, 40.59070150804781], [-0.1225198178712666, 40.59040820711615], [-0.12265929230594638, 40.590212672906105], [-0.12277731064337062, 40.59009046292512], [-0.12315281881888764, 40.58987863283034], [-0.12333521002391586, 40.589780865245885]], [[-0.12453846063912728, 40.60125806354656], [-0.12436679915313074, 40.60107885303746], [-0.12419513743041818, 40.60089964137001], [-0.1239269174153567, 40.60075301312304], [-0.12352994975459648, 40.60051677833339], [-0.12328318655478168, 40.60030498103551], [-0.1230364237641667, 40.600019868960906], [-0.12281111857222785, 40.59993026189719], [-0.12261799884105774, 40.59980807019226], [-0.1225321688894693, 40.59969402414146], [-0.12237123571103223, 40.5995636859541], [-0.12227467599331016, 40.599408908642346], [-0.12216738791656839, 40.59917266914682], [-0.12203864155857923, 40.59901789157419], [-0.12170662844078264, 40.598725242933014], [-0.12128297775948604, 40.59839771993115], [-0.12102437448356862, 40.59811948964385], [-0.12081566131818137, 40.59775531729895], [-0.12058755722278625, 40.597572518834525]]]}, "properties": {"objectid": 3518, "nomb_vp": "Colada de Candeales", "cod1": "120803", "cod2": "000000", "cod3": "018", "cod4": "000", "aproba_1": "03/10/1984", "aproba_2": "-", "boe_1": "18/02/1985", "boe_2": "-", "bop_1": "06/06/1998", "bop_2": "-", "dogv_1": "-", "dogv_2": "-", "munic_1": "Morella", "munic_2": "-", "deslinde": "No", "mojon": "No", "legal_1": "10", "legal_2": "0", "obser_vp": " ", "long_c_1": 6000, "long_c_2": 0, "sup_vp_1": 6, "sup_vp_2": 0, "tipo_leyen": "Colada", "shape_Length": 6164.754796120747, "long_desli": 0, "hyperlink": "120803"}}, {"type": "Feature", "id": 3521, "geometry": {"type": "LineString", "coordinates": [[-0.1255324521284972, 40.55043220265959], [-0.1251247566030141, 40.55041182179254], [-0.12482434842668023, 40.55034660512981], [-0.12463122970069379, 40.550350680706934], [-0.12437373833607192, 40.550424050584866], [-0.12427181384336225, 40.55059932121712], [-0.12385338988507055, 40.55070529856476], [-0.12359589782993913, 40.550807199568844], [-0.12332767690245007, 40.55100284944508], [-0.12305945565379416, 40.551063990147604], [-0.12275904815294296, 40.55109659764846], [-0.12226552215715115, 40.55111290174924], [-0.12185167541964666, 40.55111805877798], [-0.12158831718827705, 40.551182484201526], [-0.1211914922690409, 40.551406323978895], [-0.12092487883283419, 40.551580863930404], [-0.1205302454901988, 40.5517192663512], [-0.12003586800090835, 40.55166575482196], [-0.1195112514696259, 40.55156207065512], [-0.11896647620280545, 40.55142493822008], [-0.11809495883073805, 40.55135376932306], [-0.11731910152154201, 40.55131792543373], [-0.11681429754154168, 40.55125590361696], [-0.1161479278067013, 40.55104811051848], [-0.11549883280482562, 40.55086061323234], [-0.11519306164514367, 40.55084838515167], [-0.11426490554965309, 40.550636070985924], [-0.1139054895286907, 40.55064014710612], [-0.1138250234479564, 40.55050563648976], [-0.11352998004815713, 40.55028552946407], [-0.11334759004425309, 40.55027737676959], [-0.11317592785810153, 40.55035889888489], [-0.1129077073149447, 40.55025699631489], [-0.11278968981274409, 40.55004096423129], [-0.1127360457732646, 40.54980455021466], [-0.11254292690031348, 40.549433624142466], [-0.11233590224414441, 40.54916963774029], [-0.11184578127087354, 40.54894289378049], [-0.11129119973323597, 40.5487621970213], [-0.11068366495777592, 40.54872316175801], [-0.1098691823462633, 40.548774267814075], [-0.10933506010199563, 40.548844304309746], [-0.10862826645142074, 40.54893384566472], [-0.10736456425483693, 40.54925965964156], [-0.10686266932682573, 40.54930666102591], [-0.10621145463938414, 40.54921437858307], [-0.10545295409524068, 40.54903300768121], [-0.10475898065546117, 40.54882495332513], [-0.10409673344826714, 40.5486057751488], [-0.10345960784318949, 40.548547095862205], [-0.10256857691672756, 40.54854359810657], [-0.10187738355029576, 40.54863348954103], [-0.10120076612289258, 40.54874757392277], [-0.10077791943622348, 40.548772702643085], [-0.10017347705154016, 40.548662194586356], [-0.09903979968511419, 40.5483518301454], [-0.09854219472333299, 40.54821559789972], [-0.09787318517373922, 40.54803243461546], [-0.09740284274414542, 40.54771080077092], [-0.09685140063015835, 40.54745861969499], [-0.09599098130468015, 40.54712716967707], [-0.09471716010748371, 40.54696404582282], [-0.0936300709160886, 40.54681752484883], [-0.09227294726896845, 40.54641396244175], [-0.09148336565439993, 40.54625108259557], [-0.0906682525442342, 40.5459564821386], [-0.09032859289828718, 40.545864511926425], [-0.0899223968385897, 40.54586618864459], [-0.08952084196444715, 40.545760739336274], [-0.08913695417483174, 40.54560807198342], [-0.08832340764371328, 40.54527774708049], [-0.08758736764678271, 40.54496128742313], [-0.08694546613268189, 40.54463528311349], [-0.08628642100671086, 40.54434459006643], [-0.08553841341293333, 40.54394440579296], [-0.08496731548113334, 40.543786997309056], [-0.08449874531566297, 40.54371850962893], [-0.0836020432062045, 40.54357377902921], [-0.08262012064136975, 40.543525137598614], [-0.0821935913092315, 40.54327604370254], [-0.08158397276850232, 40.54292699473754], [-0.08029424010383449, 40.54313269674585], [-0.07967118292814916, 40.54309310504945], [-0.07929147388610354, 40.5428451849198], [-0.07885135191557303, 40.542190601747556], [-0.07789644710587572, 40.54188045795959], [-0.07767875893894162, 40.541686437556585], [-0.07774585416043966, 40.54135782052156], [-0.07786044140014112, 40.54115125232924], [-0.0778753415452732, 40.54093007679679], [-0.07774940764745635, 40.54066908180057], [-0.07761642691458322, 40.54032734317112], [-0.07739291037456629, 40.54000345411987], [-0.07717326960462625, 40.53971188845333], [-0.07713192686119581, 40.539569854129546], [-0.07721749337177028, 40.539302128368], [-0.07723766759900022, 40.53908108550805], [-0.0771815417267879, 40.53884877141273], [-0.0770963743775311, 40.53849625330561], [-0.07677732775550684, 40.53796640494358], [-0.07658499586813616, 40.53769898691393], [-0.07627995092121036, 40.53755027424935], [-0.07569857550250025, 40.537563745899874], [-0.07505955599600131, 40.5376885458402], [-0.07457609105308656, 40.53763601310381], [-0.07410580369543833, 40.53752338895052], [-0.07379198728858609, 40.537455011641775], [-0.07314504025952018, 40.53719047257567], [-0.07243421454761119, 40.53701591695565], [-0.07197851487496287, 40.5367846547459], [-0.07177386695835115, 40.536634447687604], [-0.07166378634244935, 40.53637384830155], [-0.07157075717217859, 40.5360854836524], [-0.07147017439788814, 40.5358492947093], [-0.07050134683268948, 40.53568128131645], [-0.06961085256313243, 40.5355630498707], [-0.06926753073109701, 40.535575280803926], [-0.06892420761639119, 40.53558751158091], [-0.06833412204599788, 40.535628281441625], [-0.06768469748647067, 40.53527413007436], [-0.06720568954014905, 40.53516318219961], [-0.06704475695225433, 40.53510202737104], [-0.06671216370186907, 40.534898176866236], [-0.06639029798039142, 40.53461686300562], [-0.06628837441875256, 40.53446193563898], [-0.06590213590682642, 40.534229544225006], [-0.06574669275159511, 40.53409051559874], [-0.0657106516320714, 40.533914439085684], [-0.0657497303549078, 40.53381685576369], [-0.06566658199100169, 40.5334662255728], [-0.06563707732884987, 40.53327664056221]]}, "properties": {"objectid": 3521, "nomb_vp": "Colada de Moixacre", "cod1": "120803", "cod2": "000000", "cod3": "023", "cod4": "000", "aproba_1": "03/10/1984", "aproba_2": "-", "boe_1": "18/02/1985", "boe_2": "-", "bop_1": "06/06/1998", "bop_2": "-", "dogv_1": "-", "dogv_2": "-", "munic_1": "Morella", "munic_2": "-", "deslinde": "No", "mojon": "No", "legal_1": "9", "legal_2": "0", "obser_vp": " ", "long_c_1": 6000, "long_c_2": 0, "sup_vp_1": 5.4, "sup_vp_2": 0, "tipo_leyen": "Colada", "shape_Length": 6142.085756474872, "long_desli": 0, "hyperlink": "120803"}}, {"type": "Feature", "id": 3539, "geometry": {"type": "MultiLineString", "coordinates": [[[-0.14260023537907077, 40.510308527366774], [-0.1423919136374452, 40.5103041843912], [-0.14185887058305058, 40.51035977229782], [-0.14138916863951356, 40.51060656785272], [-0.14074676781022316, 40.51085923895181], [-0.14034093783349938, 40.51097178537395], [-0.13957653498859712, 40.51105220126338], [-0.13903590548441058, 40.51115652799181], [-0.13853329544640658, 40.51133204537709], [-0.13801570016691572, 40.51149498971741], [-0.13738417622612825, 40.51174681526514], [-0.13696562506179968, 40.51193513818621], [-0.136508035923802, 40.512099564439865], [-0.136123388795664, 40.512197016157195], [-0.13559975550429365, 40.5120311818581], [-0.1354823269677396, 40.511967130331215], [-0.1354815805859424, 40.51127930365711], [-0.13530901467839107, 40.51109924998034], [-0.13470610338360547, 40.51067924780508], [-0.13456005080143066, 40.510347004590145], [-0.13452760130300656, 40.50993351510994], [-0.13459941520476734, 40.50937662835766], [-0.13479764823417587, 40.50900021289975], [-0.13493989130201806, 40.5087148922564], [-0.13496513690727474, 40.5085044801434], [-0.13487425706445652, 40.508313260644336], [-0.13475179530095796, 40.50823832347878], [-0.13460864740794898, 40.50824158794219]], [[-0.0913700131793138, 40.509527019269626], [-0.09040812303728564, 40.50957364565591], [-0.08933963229262512, 40.50964234203016], [-0.0886892240173562, 40.50970563443665], [-0.08809935125940968, 40.50981826530678], [-0.08769454298995927, 40.509999315686315], [-0.0870963807127402, 40.51030299503411], [-0.0863945522662871, 40.51058811624505], [-0.08584848234212233, 40.510654026242214], [-0.08528430366616495, 40.51065572198035], [-0.08480429579607449, 40.5106436010481], [-0.08424011752382687, 40.510645290783195], [-0.08391616835704872, 40.51063359418373], [-0.08356074110044331, 40.51105358418194], [-0.08332667632695388, 40.51126692142038], [-0.08305631708607593, 40.511444188096775], [-0.08277947253525267, 40.511564701866426], [-0.08215616769114752, 40.511761640776086], [-0.0817785142656594, 40.51200162001534], [-0.08133262831105245, 40.51216567131581], [-0.08087912626653536, 40.512504851767744], [-0.08064332333553695, 40.51264233699775], [-0.0802051886449087, 40.51296957607054], [-0.07941938139573324, 40.51352270460681], [-0.07878991047034939, 40.514212191910836], [-0.07835177891483923, 40.515097170113734], [-0.07792191024242263, 40.51579170298914], [-0.07750775609835657, 40.51612439401678], [-0.07679752495110648, 40.51665930389269], [-0.07626024686966229, 40.51695074207944], [-0.0755832323858512, 40.5172958347071], [-0.07481887218742153, 40.51763870945468], [-0.07363198490110659, 40.51821871824797], [-0.07287759449928262, 40.51861902882921], [-0.07189780662027062, 40.51893338265188], [-0.0716390025825844, 40.519118080020235], [-0.07126785288682527, 40.51964900048591]], [[-0.07126785288682527, 40.51964900048591], [-0.07117834343383346, 40.51977703977167], [-0.07132803734287643, 40.51949486037022], [-0.07126785288682527, 40.51964900048591]], [[-0.07126785288682527, 40.51964900048591], [-0.07094842422261492, 40.520467085031406], [-0.07079751529935441, 40.521063809092354], [-0.0704823483053348, 40.52199000385882], [-0.06993512678928697, 40.523367872728684], [-0.06935833308752935, 40.52456386890726], [-0.06937406230963421, 40.52482300160127], [-0.06931003494593695, 40.52528817444083], [-0.06932536763790273, 40.526438887524066], [-0.06930503089209827, 40.52740531077702], [-0.06937782773244532, 40.527740584516664], [-0.06929705212147479, 40.52808863387547], [-0.06927140185753704, 40.52815788615032], [-0.06905682548648412, 40.52834544719798], [-0.06894417240598859, 40.52850854350601], [-0.06876178257671885, 40.52869202665388], [-0.06870813807543315, 40.52880211608936], [-0.06852574842648339, 40.52888774094333], [-0.06835945158756206, 40.52890812752764], [-0.06819315460872653, 40.52891628219279], [-0.06802685682752053, 40.52900190686942], [-0.0678659247531486, 40.52913646006518], [-0.06776936503708997, 40.52919762046075], [-0.06778009452555284, 40.52926693617364], [-0.06764598356660691, 40.52927509055697], [-0.06745286410295162, 40.52928732222938], [-0.06721146534834345, 40.52930770985993], [-0.06702907565535372, 40.529389256584075], [-0.06687350759022263, 40.52953196367111], [-0.06676621877445435, 40.52968690208531], [-0.0667554900408858, 40.52991930956249], [-0.0667608550741563, 40.53007017013621], [-0.06672330426671197, 40.53030665368204], [-0.0667554906619205, 40.530506440550035], [-0.06682522718671806, 40.53086524018458], [-0.06682522723749998, 40.53097124858506], [-0.06683059183503967, 40.53111395227864], [-0.06686814295130751, 40.53126888754028], [-0.06688423613567611, 40.531415667508256], [-0.06689496551041826, 40.53155021553718], [-0.06685204954271937, 40.53173369007787], [-0.06679840594714749, 40.53191308743148], [-0.06671257478359402, 40.53212102384151], [-0.06653018447528941, 40.53246758338648], [-0.06649263337984346, 40.5325695121279], [-0.06614931092765472, 40.53268367284528], [-0.06602592935191, 40.532724444295425], [-0.06587036158291798, 40.532842681148644], [-0.06579525963700313, 40.532940532506814], [-0.06568797085269767, 40.53303430605227], [-0.06565042044617617, 40.533115848708526], [-0.0656504196138616, 40.533258547525286], [-0.06547339412422276, 40.53349909727434], [-0.0653446484773452, 40.53355617681498], [-0.06521909849878077, 40.53353371725209], [-0.06459302342394399, 40.533565462121274], [-0.06413085103683512, 40.53356324291056], [-0.06311249286464614, 40.533422949844464], [-0.06248184660552571, 40.533273450147306], [-0.06184371933728354, 40.533009364512395], [-0.06135950606097093, 40.53293984499145], [-0.06077254081055247, 40.53293443574795], [-0.06011776336147908, 40.53305121829246], [-0.05941181410572044, 40.533195293056735], [-0.058972937720831085, 40.53323177544425], [-0.05857191811266373, 40.533259689381296], [-0.057951655869843376, 40.53344406718423], [-0.057472836585303985, 40.53353672193675], [-0.0569091596916352, 40.53357001631489], [-0.05647695388652392, 40.53345413921474], [-0.056096753727404566, 40.533291923778535], [-0.0555564043234673, 40.533077960645876], [-0.05516122606826302, 40.532972555245195], [-0.054494794491956655, 40.53306994492397], [-0.05362492965680256, 40.53324793070127], [-0.05304585127757797, 40.53334754040814], [-0.052692022984444704, 40.533364931944824], [-0.052638148437939396, 40.53352778297153], [-0.052650163192147464, 40.53382359821765], [-0.05277533179044259, 40.53410323779802], [-0.0528942841180354, 40.53423972996183], [-0.05298173069003871, 40.53446060148537], [-0.05305856404139099, 40.534663776889], [-0.05303391451632473, 40.534924725506635], [-0.05299848165760581, 40.53528097405364], [-0.05299922602804051, 40.53585151070408], [-0.052999668551438534, 40.535859214061354], [-0.0530383366121538, 40.53608318534308], [-0.052997450108319494, 40.53635605553473], [-0.05292018861066589, 40.53697535216292], [-0.05270789122449533, 40.53728791797661], [-0.05270519184404629, 40.537379609740924], [-0.052640819071844265, 40.53778729458735], [-0.05260863251056027, 40.53812974760064], [-0.05267300589959711, 40.538415124466766], [-0.052694463091622616, 40.53862711740193], [-0.05267300509973731, 40.53879834204256], [-0.05280175223252508, 40.539108176373155], [-0.05280175158641211, 40.53935278197641], [-0.05297341294062757, 40.53971153394178], [-0.052930498171626844, 40.53993167600491], [-0.05284466746409573, 40.540257812253905], [-0.05268373396658422, 40.54051056604617], [-0.052565717705956444, 40.54061655945765], [-0.05226530993071959, 40.54119544343894], [-0.05206146245059872, 40.54140742786796], [-0.05206146249779219, 40.54152157291064], [-0.052050732783440364, 40.54165202420215], [-0.05209364841699971, 40.54183139471673], [-0.05221166586798507, 40.5419781515904], [-0.05228676797151308, 40.54211675548015], [-0.052243852436620504, 40.54221459351116], [-0.05224385166847996, 40.54235319637238], [-0.052329683030476616, 40.542499951801204], [-0.05242624215168764, 40.54262224851824], [-0.05267300547464756, 40.542752698140035], [-0.052930497172642046, 40.54286684087564], [-0.053177261308150606, 40.54293206551725], [-0.05339183738048545, 40.543184808975354], [-0.05342402394525731, 40.54336417535461], [-0.05352058374308324, 40.543641376902045], [-0.05359568541802556, 40.543820741520186], [-0.05381026199533228, 40.54387781152894], [-0.05373515985543901, 40.54399195292682], [-0.05370297357683915, 40.54416316414623], [-0.053681515748233564, 40.544415903011796], [-0.05364932949128533, 40.54460341883449], [-0.053584957237966545, 40.544856156713706], [-0.05355276995265194, 40.54501921282243], [-0.053499126055184205, 40.54521487994309], [-0.0533703798817519, 40.54534532372686], [-0.053177261141903014, 40.54559805893063], [-0.05312361637240312, 40.54576111296922], [-0.05315580304038478, 40.546070914579374], [-0.05314507469492618, 40.546364410398795], [-0.05314507399109727, 40.54662529338905], [-0.05309143011351514, 40.54691878710127], [-0.05297341362988993, 40.54711444806084], [-0.05283393789471119, 40.547350871114986], [-0.052769565208871536, 40.547554683710786], [-0.05270519228677513, 40.547774799976274], [-0.05274810773599471, 40.54785632441367], [-0.05293049724907476, 40.54803567867259], [-0.05315580278416525, 40.54821503114133], [-0.0532094479654293, 40.54847590813543], [-0.05316653187132522, 40.54864710727625], [-0.05291976855100914, 40.54883461129762], [-0.05268373423864888, 40.549103637983706], [-0.05255498865709511, 40.54929114057928], [-0.05238332694747414, 40.54960092616932], [-0.05246915817312876, 40.550016688701646], [-0.05261936179842916, 40.55021234137131], [-0.05261936152491576, 40.55035092789805], [-0.052630090176632345, 40.55050581825972], [-0.05247988638226997, 40.55070146915967], [-0.05241551381895603, 40.55085635858329], [-0.05234041199276443, 40.55099494409397], [-0.0524477006741674, 40.5512313534215], [-0.052522802452890024, 40.55156558632595], [-0.05256571716085151, 40.551769385482444], [-0.052426242877133204, 40.551965032794406], [-0.052297496865255186, 40.552168831469345], [-0.05225458054816957, 40.552201439144916], [-0.05225458063828263, 40.55232371742494], [-0.05225458071502665, 40.55244599570269], [-0.052115106501946874, 40.55260088197692], [-0.05215802175680473, 40.55282098137301], [-0.052318954075413426, 40.55313075153241], [-0.05226638753425283, 40.55339359484463], [-0.05199063658770367, 40.55483549397882], [-0.05175411144468656, 40.55566831432237], [-0.051759057413345994, 40.556065856097575], [-0.05177178289696211, 40.55626097165998], [-0.05186834276731782, 40.55637509130458], [-0.05200781754714141, 40.556440302311984], [-0.05229749648615133, 40.55647290809614], [-0.05254043318003783, 40.556546319617624], [-0.05269436781119697, 40.556740901017626], [-0.05265388184207687, 40.5573785443588], [-0.05244530302312938, 40.55785937602764], [-0.05243150985743449, 40.558173596661476], [-0.0527215209682352, 40.558400249251626], [-0.052951955839102345, 40.55851887779638], [-0.0532738201438357, 40.558616691771164], [-0.05354204108426445, 40.558738958850014], [-0.05358785863157715, 40.55887992622321], [-0.05380820086446666, 40.55939263583929], [-0.05382505263024309, 40.56030120382598], [-0.05384759822348284, 40.56093604359217], [-0.05385214412686999, 40.56111727736652], [-0.053412772175820154, 40.56202401576724], [-0.0532415683243498, 40.56236229749989], [-0.05315956293640208, 40.56244959099233], [-0.052960421567350466, 40.5625338947414], [-0.05277361543072083, 40.56278239035346], [-0.05265770742807191, 40.56319657412724], [-0.052566548932845764, 40.56349220374744], [-0.052552171891168606, 40.5638195928946], [-0.05259243860049225, 40.564237762554974], [-0.05257152658911227, 40.564713963431515], [-0.05244515772182725, 40.565366247130044], [-0.05246525046316199, 40.56579880016566], [-0.05259856035126696, 40.56632363211247], [-0.0526050128855792, 40.56662175586711], [-0.05256991656718785, 40.566887712769194], [-0.052308473024023784, 40.5671679401097], [-0.052378364423707954, 40.56731986183371], [-0.05260920857439098, 40.567542620573775], [-0.05270182436672422, 40.56781131524574], [-0.05297472097529896, 40.5681858639731], [-0.05333882348566853, 40.56861220635864], [-0.053575846883660794, 40.56894355333358], [-0.05369220117236317, 40.569113943061026], [-0.05373661544760658, 40.569324152234735], [-0.053712527090160854, 40.56973714331789], [-0.053687865746903596, 40.570027401276654], [-0.053625712882675945, 40.57022125439539], [-0.05359492247391564, 40.57037954747194], [-0.053525222192672965, 40.57060956935094], [-0.053442815995978825, 40.570857446660945], [-0.05334670701132359, 40.57114588052737], [-0.05322954717062836, 40.571506498935], [-0.053157278302110346, 40.57165918702913], [-0.05298915138892238, 40.571823064309406], [-0.05284503740428118, 40.57198300861283], [-0.05260862441650781, 40.57220877293943], [-0.05236847261729633, 40.57262889906927]]]}, "properties": {"objectid": 3539, "nomb_vp": "Colada del Campello", "cod1": "120803", "cod2": "000000", "cod3": "011", "cod4": "000", "aproba_1": "03/10/1984", "aproba_2": "-", "boe_1": "18/02/1985", "boe_2": "-", "bop_1": "06/06/1998", "bop_2": "-", "dogv_1": "-", "dogv_2": "-", "munic_1": "Morella", "munic_2": "-", "deslinde": "No", "mojon": "No", "legal_1": "15", "legal_2": "0", "obser_vp": "Consta de 2 tramos pero solo se tiene la long total", "long_c_1": 15000, "long_c_2": 0, "sup_vp_1": 22.5, "sup_vp_2": 0, "tipo_leyen": "Colada", "shape_Length": 10972.867725429347, "long_desli": 0, "hyperlink": "120803"}}, {"type": "Feature", "id": 3540, "geometry": {"type": "MultiLineString", "coordinates": [[[-0.1016037664616006, 40.57538480143354], [-0.101808216539751, 40.57413549747238], [-0.10206174651812172, 40.5726600080633], [-0.1022725260974166, 40.571160986142495], [-0.10250796586870896, 40.57002930825668], [-0.10261195260972286, 40.56934936529809], [-0.10248324449013839, 40.56800946694946], [-0.10241807506269088, 40.56726659533776]], [[-0.1016037664616006, 40.57538480143354], [-0.10161612426238263, 40.57528905810617], [-0.10164294600893675, 40.57508736703006], [-0.10170195490132468, 40.57476955022683]], [[-0.10155890733055106, 40.57566568132933], [-0.10158930186979262, 40.57549685867695], [-0.1016037664616006, 40.57538480143354]], [[-0.10155890733055106, 40.57566568132933], [-0.10157781588542233, 40.5755433685008], [-0.1016037664616006, 40.57538480143354]], [[-0.1826514766735059, 40.57860425328899], [-0.1824078679557159, 40.57871875228462], [-0.18195247730962288, 40.57920509236533], [-0.18170439491198928, 40.57986309150663], [-0.18140659745987095, 40.580999737440635], [-0.18121146681459685, 40.58192440474699], [-0.18103072502727738, 40.58213447468025], [-0.18062389945985283, 40.58251776015606], [-0.1801868443788108, 40.582876473485705], [-0.1799698668298083, 40.58320481445387], [-0.17964259638722974, 40.583554292193405], [-0.1796349195544848, 40.58355555747233]], [[-0.10133955241379632, 40.57708456985953], [-0.10155890733055106, 40.57566568132933]], [[-0.10139350129650991, 40.57838157207606], [-0.10134253894482266, 40.57831841971136], [-0.10132108081119116, 40.57817785361299], [-0.10130767001935019, 40.57786820010454], [-0.10130498767059772, 40.57777245202693], [-0.1012996231050401, 40.57762577344379], [-0.10130767036797196, 40.57750150450185], [-0.10130230586099899, 40.577354824113904], [-0.1013264450358128, 40.57717554935853], [-0.10133180963438615, 40.57708387371528], [-0.10136131454012592, 40.57689848726627], [-0.10140154752999363, 40.57666420490703], [-0.10143105143248073, 40.576468630458926], [-0.10147396737229727, 40.576161005678664], [-0.10154638649945674, 40.575735219764404], [-0.10155890733055106, 40.57566568132933]], [[-0.1013969743051186, 40.578382174500845], [-0.10153108498205947, 40.57845551228135], [-0.10164910244025313, 40.57854311116607], [-0.10176175472780855, 40.57863478423406], [-0.1018824540202817, 40.57874071663979], [-0.1019977886769777, 40.57884461282545], [-0.10211044220153033, 40.578952582149945], [-0.10220431944343561, 40.579054441516334], [-0.10228210331794646, 40.579154261084746], [-0.10241621371459741, 40.57927241721433], [-0.10252026073130216, 40.579370035284754]], [[-0.11681410374870616, 40.57951727292603], [-0.11681151103511662, 40.57951605614994]], [[-0.11681410374870616, 40.57951727292603], [-0.11670207643837133, 40.5794757204282], [-0.11661892948597706, 40.579441088895734], [-0.1164901834651426, 40.57944312645361], [-0.11632120315127417, 40.57943701421905], [-0.11617636407702725, 40.57943701366622], [-0.11594032958525109, 40.579357565720514], [-0.11594301236172097, 40.57935756610243], [-0.11585449954607974, 40.57935145431134], [-0.11574184570935644, 40.579386086405755], [-0.11546021380076672, 40.57955516922582], [-0.11525904881467612, 40.57965702562117]], [[-0.11681741188989588, 40.579518500367314], [-0.11681410374870616, 40.57951727292603]], [[-0.1152617312541042, 40.57966110083338], [-0.1151517599672502, 40.579718140655565], [-0.11506056544058037, 40.579764995166315], [-0.11492913695126344, 40.57979758904463], [-0.11476283967210166, 40.57983425786207], [-0.11461531831163876, 40.579858702973965], [-0.11449461957942111, 40.57987703789399], [-0.11436050843218754, 40.57987703843375], [-0.11430418236864809, 40.57987703803488], [-0.11403596145174429, 40.57979147809665], [-0.11387771133302617, 40.579742586430584], [-0.11357462083656686, 40.57964684104466], [-0.11311328065997758, 40.579569428621284], [-0.11273240838180605, 40.57950627786907], [-0.11184996143291354, 40.57940034567721], [-0.1115522361616696, 40.57934941717976], [-0.1113296119038377, 40.57932293393483], [-0.1111418574595209, 40.57926793098124], [-0.1109138701445774, 40.57918644404038], [-0.11076098377482105, 40.57910292120674], [-0.1105705469888345, 40.57913144074944], [-0.11022454154985693, 40.57925978212958], [-0.10994022837410256, 40.579388123373086], [-0.1096022704988562, 40.57950627825385], [-0.10928576912486902, 40.579638691848615], [-0.10886466215643249, 40.57974869846199], [-0.10866617935900509, 40.57979555173351], [-0.10832822139598064, 40.580019637306364], [-0.10811184402132726, 40.58014544981367], [-0.10792640082818515, 40.580254013783374], [-0.10784325249878526, 40.580239753611814], [-0.10773328257503191, 40.58022753241885], [-0.10763685767470221, 40.58017064740724], [-0.10752432085037854, 40.58012392479421], [-0.10725878279759832, 40.5800424389564], [-0.10698251511316588, 40.579979287767245], [-0.10672502251353304, 40.579940583492494], [-0.10646216759695337, 40.57991613667991], [-0.10637097113947976, 40.57990391375856], [-0.10613225554558663, 40.57992428638255], [-0.1059874160191229, 40.57995484313395], [-0.10578625009804822, 40.57999151095709], [-0.10564945673937545, 40.58000984463046], [-0.10557703802770892, 40.57995891732894], [-0.10550998238980813, 40.579893729310584], [-0.10539858055678755, 40.57991976282081]], [[-0.10250490172178377, 40.57935464747894], [-0.10252026073130216, 40.579370035284754]], [[-0.11796003327228526, 40.57975073474598], [-0.11785810894538744, 40.57980777543965], [-0.11743163827932095, 40.57999315386761], [-0.11738872356220857, 40.57989944651156], [-0.11727499711192192, 40.57976051301967], [-0.1171333761351739, 40.57967495338421], [-0.1170024847172518, 40.57960568975937], [-0.11681410374870616, 40.57951727292603]], [[-0.10252026073130216, 40.579370035284754], [-0.10255300587710134, 40.579400757295375], [-0.10258385726112225, 40.57943375288962]], [[-0.10252026073130216, 40.579370035284754], [-0.10258385726112225, 40.57943375288962]], [[-0.10258385726112225, 40.57943375288962], [-0.10263096592813259, 40.57948095096292], [-0.10267833457870028, 40.57953479648435]], [[-0.10258385726112225, 40.57943375288962], [-0.10267833457870028, 40.57953479648435]], [[-0.10267833457870028, 40.57953479648435], [-0.10268443555373999, 40.579541321260336], [-0.10271448477126098, 40.57957579816906]], [[-0.10267833457870028, 40.57953479648435], [-0.102711968747877, 40.579573030177514], [-0.10271448477126098, 40.57957579816906]], [[-0.10271448477126098, 40.57957579816906], [-0.10284822542014763, 40.57972296452481], [-0.10288612329175315, 40.579772112819114]], [[-0.10271448477126098, 40.57957579816906], [-0.10281049794523525, 40.579685958474506], [-0.10288612329175315, 40.579772112819114]], [[-0.10288612329175315, 40.579772112819114], [-0.10292851634661844, 40.57982040926925], [-0.10301066239232565, 40.57993341796702]], [[-0.10288612329175315, 40.579772112819114], [-0.1029619515543953, 40.57987045342132], [-0.10301066239232565, 40.57993341796702]], [[-0.10539858055678755, 40.57991976282081], [-0.10537050664554412, 40.5799263229978], [-0.10531954521245353, 40.57996706490664]], [[-0.10539858055678755, 40.57991976282081], [-0.10537409038112949, 40.57991636544123], [-0.10504902722737923, 40.58020610495043], [-0.10496781907747312, 40.58047153332119], [-0.10485294567750544, 40.580557242290126]], [[-0.10301066239232565, 40.57993341796702], [-0.1030735306961533, 40.58001468178984], [-0.10309344679329413, 40.5800757274399]], [[-0.10301066239232565, 40.57993341796702], [-0.1030706727872481, 40.58001597373589], [-0.10309344679329413, 40.5800757274399]], [[-0.10309344679329413, 40.5800757274399], [-0.10312968141585949, 40.58017079628221], [-0.10320210097797534, 40.580307283647485], [-0.10325099157326983, 40.58043105688853]], [[-0.10309344679329413, 40.5800757274399], [-0.10313361194212486, 40.58019883768336], [-0.10325099157326983, 40.58043105688853]], [[-0.1228486776115723, 40.580599707325234], [-0.12386764862281033, 40.58071694330755], [-0.12395535743280187, 40.58072010070991], [-0.1242251884379625, 40.58071663778737], [-0.12453739690780591, 40.58067711788074], [-0.12513499325425465, 40.58072682289896], [-0.12530343610100692, 40.58077734374996], [-0.12563911378143575, 40.58087298638327], [-0.12588896219798246, 40.5808969224402], [-0.12604533526784747, 40.58088612462806], [-0.12620358473623397, 40.58084497604085], [-0.12629477990810076, 40.58089549602278], [-0.1264986284068384, 40.58101364852338], [-0.12658445927447545, 40.581205135115276], [-0.12665419562913957, 40.581343658040815], [-0.1267829422959527, 40.58149032778716], [-0.12691705288220317, 40.58163699850629], [-0.1270350698553285, 40.58177959447486], [-0.12715845234556064, 40.581865151079505]], [[-0.12285528939071727, 40.58060412080267], [-0.12269703874013328, 40.580585787055114], [-0.1224314995009887, 40.58053282194098], [-0.12225179177992528, 40.5804920797213], [-0.1220881770189588, 40.58041874446166], [-0.1219299269563111, 40.58033522237137], [-0.12173948997983673, 40.58022521720013], [-0.12166438791378122, 40.58019058633362], [-0.12160001554874664, 40.580198733952], [-0.1214605399772766, 40.58026392238015], [-0.12127815010912496, 40.58039429767538], [-0.12111721721505296, 40.58048393088718], [-0.12093460356695225, 40.58058188338259], [-0.12084072548653192, 40.580632810725476], [-0.12070125074069886, 40.58080800320338], [-0.12063419600611022, 40.58082022483851], [-0.12054300031480399, 40.58074688984735], [-0.12048667356307356, 40.58069799905087], [-0.12040352551607238, 40.58064096046069]], [[-0.11937571277406435, 40.580518990383325], [-0.11936819271748313, 40.58051873334721]], [[-0.11937571277406435, 40.580518990383325], [-0.11937094966428542, 40.58051909848806], [-0.11895721608327277, 40.58059408932754], [-0.1186647359439173, 40.58048722717404], [-0.11829080617121406, 40.580096589657586], [-0.11796400954468013, 40.57974856423578]], [[-0.12041157171559254, 40.58064299685374], [-0.1203579278578881, 40.58062466296078], [-0.12025064030138771, 40.58057577243095], [-0.12014335150390122, 40.58056354889097], [-0.11994218581884752, 40.580535029886235], [-0.11972492653547728, 40.58053095509013], [-0.11937571277406435, 40.580518990383325]], [[-0.10325099157326983, 40.58043105688853], [-0.10326665014839038, 40.5804620353123], [-0.10350697626284454, 40.58059485512977], [-0.10350912842112277, 40.58059639350982]], [[-0.10325099157326983, 40.58043105688853], [-0.10326647373274872, 40.58047025347363], [-0.10339521995838787, 40.5805354408639], [-0.10350912842112277, 40.58059639350982]], [[-0.10485294567750544, 40.580557242290126], [-0.1048566628893244, 40.58050359190752]], [[-0.10350912842112277, 40.58059639350982], [-0.10351323675999738, 40.58059859166227]], [[-0.10350912842112277, 40.58059639350982], [-0.10368936565499634, 40.580725229846536], [-0.10383957027719586, 40.580806714048464], [-0.10394685761575753, 40.58082301131776], [-0.1040863332944091, 40.58083930816391], [-0.1042365369080428, 40.580855604680906], [-0.10444682181693832, 40.58089308791011], [-0.10468070990506435, 40.5809256820191], [-0.10482018537964317, 40.580847457369124], [-0.10484271549844593, 40.58070485900447], [-0.10485294567750544, 40.580557242290126]], [[-0.14573243074920142, 40.581760018276405], [-0.14576464570037095, 40.581762293885006]], [[-0.14576464570037095, 40.581762293885006], [-0.14572588478898854, 40.58175537984471], [-0.14447083015643042, 40.58186732643698], [-0.14400895682958048, 40.5820703817679], [-0.14361512256693573, 40.58208284867828]], [[-0.14576464570037095, 40.581762293885006], [-0.14619377086357346, 40.58179261148758], [-0.14639761937986298, 40.58180483373375], [-0.14654782330726043, 40.58183335285183], [-0.14669802628872233, 40.58189853899662], [-0.14690187361226484, 40.581975947839844], [-0.1471540022332403, 40.58203298564058], [-0.14753487593199824, 40.58208187636504], [-0.14773335956616634, 40.58208187606416], [-0.1481946993775914, 40.58214298786028], [-0.14847364843963445, 40.58219187824788], [-0.14872577559346256, 40.58225706407073], [-0.14892962439429683, 40.58231002665505], [-0.14913883694412305, 40.58236299075848], [-0.1493104979307411, 40.58237928843073], [-0.14945533746884168, 40.58239965851768], [-0.1496484556028553, 40.582436324779856], [-0.1499005841822681, 40.58247299230721], [-0.15014734708912636, 40.58249336344987], [-0.15026536356341508, 40.58248928862946], [-0.15043166110550538, 40.582501510680096], [-0.15069988175667898, 40.582558548932084], [-0.15099447708024283, 40.5826111710497], [-0.151192960168194, 40.582647838356515], [-0.15133282381785906, 40.58268072663566], [-0.1514401126344794, 40.58271331972776]], [[-0.14361512256693573, 40.58208284867828], [-0.1432915607067703, 40.58203528694216], [-0.14299115458705552, 40.58194158096025], [-0.14274975488391728, 40.581864172389146], [-0.14241716093224674, 40.58179083763182], [-0.14212748196037175, 40.58174602191521], [-0.14190217753810128, 40.5817012061717], [-0.141564218031688, 40.581717503195065], [-0.1411297014063847, 40.58174194783586], [-0.1408346578832618, 40.58170527988205], [-0.14062008075485957, 40.58172972485591], [-0.14031967343173296, 40.581815282161564], [-0.1399334351896797, 40.58172157725411], [-0.1395471968130651, 40.5816400937606], [-0.13910195112929877, 40.58164416810309], [-0.13871571177368958, 40.58162787105744], [-0.13843676265596372, 40.58164416798169], [-0.1377286595965429, 40.58151379409234], [-0.13722440380540837, 40.581416014054454], [-0.13662358853447884, 40.58138342066455], [-0.13625344514752719, 40.58138749524028], [-0.13599595271473594, 40.581420088330894], [-0.13567408691843852, 40.58151379382313], [-0.13524493405495952, 40.58150972015213], [-0.13489624664224273, 40.58156675798724], [-0.13440808545293992, 40.58172972479158], [-0.13361951465688862, 40.58203121190989]], [[-0.14362415556989044, 40.58208417649704], [-0.14361512256693573, 40.58208284867828]], [[-0.12715845194001804, 40.58186107714198], [-0.1273193836836322, 40.58200774664701], [-0.12749104590061644, 40.58217071208103], [-0.12774853848691758, 40.58227663990187], [-0.12797920850205685, 40.582402937698326], [-0.12811868177250454, 40.582459975363356], [-0.12830107330780707, 40.58251293941063], [-0.12849833024938942, 40.582512939044236]], [[-0.1796349195544848, 40.58355555747233], [-0.1796405433428139, 40.58355189745431]], [[-0.12849833024938942, 40.582512939044236], [-0.1284995565313298, 40.582512938928]], [[-0.12849833024938942, 40.582512939044236], [-0.12883177047631597, 40.58248761491038], [-0.1292716515960784, 40.58245909610225], [-0.12959351700779145, 40.58242242921241], [-0.12995293321314608, 40.5823327991439], [-0.13030698501920573, 40.5822757611092], [-0.13068785778930533, 40.58223909365666], [-0.13095071520601842, 40.58221872351975], [-0.13117602126380962, 40.58220650134033], [-0.13136913965536634, 40.582210575199994], [-0.13172319051957268, 40.58222279678282], [-0.1318787593340015, 40.5822227967691], [-0.13201823378477962, 40.58220650083272], [-0.13222208219693704, 40.58225539010239], [-0.13245811639698, 40.582283909160026], [-0.13262441305335776, 40.58228798288297], [-0.13287117733142512, 40.582235019739045], [-0.13308575247635432, 40.582202426020025], [-0.1332842375421323, 40.582141313774535], [-0.13347199058711356, 40.58208020216335], [-0.133632924052672, 40.5820272395032]], [[-0.12845626145497852, 40.582516133889335], [-0.12849833024938942, 40.582512939044236]], [[-0.1569592418317334, 40.58330559342758], [-0.1566548320173198, 40.58318929462147], [-0.15606517599314854, 40.58302343524548], [-0.15568243323623662, 40.58301600908662], [-0.15507287475761453, 40.583114189336676], [-0.1546144749150081, 40.58321643326574], [-0.1542755749695252, 40.58324739991788], [-0.15389329932649726, 40.58322506795724], [-0.1533322171987842, 40.583144751233114], [-0.15287362842552857, 40.583028470618814], [-0.15241600180344636, 40.58287266236752], [-0.15202700411725067, 40.58275565702701], [-0.1515466690708178, 40.582719310902284]], [[-0.17442926295483704, 40.58462115008768], [-0.1746036072749884, 40.584635408707236], [-0.17469480248226157, 40.58464355602803], [-0.17481013739368703, 40.58463948231648], [-0.17489060333654824, 40.58462929844013], [-0.1750247130343108, 40.58460281749263], [-0.17529561648094544, 40.58452541134546], [-0.17548605349142424, 40.584472449079065], [-0.17568453676961274, 40.584433746308825], [-0.17596055253274787, 40.58433614705609], [-0.17611612046612804, 40.58425670423451], [-0.17628241846559561, 40.584218001120945], [-0.1764138462445766, 40.584158927059406], [-0.1765667317838607, 40.58408559513265], [-0.1767196175206188, 40.58399596719055], [-0.17688591541266585, 40.58392874551834], [-0.17699052091823342, 40.58387170879615], [-0.17707098716708633, 40.58387170872649], [-0.17714072371980316, 40.58383096786162], [-0.1771809576615067, 40.58379837572088], [-0.1772882458645137, 40.583782079918926], [-0.17741162777798922, 40.58374134023821], [-0.17755378501058652, 40.583680229499116], [-0.17774422090229888, 40.58362522870365], [-0.1778649206416137, 40.58361096985433], [-0.17794806881984263, 40.583621155227114], [-0.17806608724564532, 40.58361300684341], [-0.17817337477779183, 40.58361300691401], [-0.17851133309411668, 40.58358856263895], [-0.17862398651522535, 40.58360078471597], [-0.17873663881067692, 40.583608932700955], [-0.17880369454660913, 40.5835885635186], [-0.178892207067599, 40.58358448942999], [-0.17904241052593814, 40.583584489165965], [-0.17915774646020538, 40.58359874795767], [-0.17924894093088467, 40.583623191971974], [-0.17940450867679697, 40.5836293040093], [-0.17952788943940712, 40.5836252294165], [-0.1796349195544848, 40.58355555747233]], [[-0.1744367542307201, 40.58462589471583], [-0.17434824121532252, 40.58461367314936], [-0.17426777457728906, 40.584615709626526], [-0.17395395707030561, 40.584646264676685], [-0.1737688836440934, 40.58467885716615], [-0.17361868011607984, 40.58469515264062], [-0.17344165481806587, 40.584707374663836], [-0.17332631977065738, 40.584717560178596], [-0.17325926352073875, 40.58473181925847], [-0.1731895266887302, 40.58471755984329], [-0.17307151007938407, 40.58467682034263], [-0.17303395869877872, 40.58462589542553], [-0.17290789460541156, 40.58460348824421], [-0.1727523268183194, 40.58458108062154], [-0.17265844979994516, 40.584595339906755], [-0.17250556395139494, 40.584603487876684], [-0.1722856225277266, 40.58461774717173], [-0.17174247327321074, 40.584594667512214], [-0.17164054915277782, 40.58459466676445], [-0.17140987905160376, 40.58450911316622], [-0.17124894678568572, 40.5845050394886], [-0.1710075474163073, 40.584492817151755], [-0.17079833616523996, 40.584509112818814], [-0.1703423601335127, 40.584590593000414], [-0.17024043582833093, 40.58461911135832], [-0.17023507192809487, 40.58468429545204], [-0.1701653345096175, 40.58476577426154], [-0.17005268190365677, 40.584843179823146], [-0.16995612220101333, 40.58488799284552], [-0.16964498602845696, 40.58490428945578], [-0.16931239197369263, 40.584916511050835], [-0.1690280777981957, 40.5848920667762], [-0.1687813150312003, 40.58486355023264], [-0.168427262973189, 40.58480651362018], [-0.16818049964155257, 40.584741330245336], [-0.16800347416913164, 40.58467614698605], [-0.1676977014971806, 40.58459874123054], [-0.1673651081584411, 40.5845661492079], [-0.1669574114680476, 40.58452948266341], [-0.16652825909675065, 40.58451318733265], [-0.16612056323256946, 40.58448874329825], [-0.1655948500813645, 40.58446022522047], [-0.16533735776603026, 40.58442355926167], [-0.16489211051022273, 40.584285043183336], [-0.16455951827399745, 40.58419541506427], [-0.16420010161738263, 40.58412208296175], [-0.16392115249043512, 40.584073195366265], [-0.1634598125201501, 40.58403245390095], [-0.1630574813697726, 40.58401615809485], [-0.1626283266026982, 40.58400393566879], [-0.1622635470074387, 40.58398356571839], [-0.16188803656900752, 40.58395504767574], [-0.16156080788207947, 40.58390615978326], [-0.16121212074582728, 40.58386541891228], [-0.160938535059478, 40.58381653083399], [-0.1605415679913056, 40.58377579113127], [-0.1603430852502917, 40.58380023462896], [-0.16006413489570975, 40.58379616099495], [-0.15927020135022818, 40.58376764270304], [-0.15874985282598456, 40.58371875399137], [-0.15830997156519516, 40.58369838369121], [-0.15773597791576666, 40.5835965333516], [-0.15718344242268764, 40.58343764475182], [-0.15695813685271123, 40.583307274870336]]]}, "properties": {"objectid": 3540, "nomb_vp": "Colada del Hostal Nou al Valent", "cod1": "120803", "cod2": "000000", "cod3": "012", "cod4": "000", "aproba_1": "03/10/1984", "aproba_2": "-", "boe_1": "18/02/1985", "boe_2": "-", "bop_1": "06/06/1998", "bop_2": "-", "dogv_1": "-", "dogv_2": "-", "munic_1": "Morella", "munic_2": "-", "deslinde": "No", "mojon": "No", "legal_1": "14", "legal_2": "0", "obser_vp": " ", "long_c_1": 8500, "long_c_2": 0, "sup_vp_1": 11.9, "sup_vp_2": 0, "tipo_leyen": "Colada", "shape_Length": 9624.129768037004, "long_desli": 0, "hyperlink": "120803"}}, {"type": "Feature", "id": 3547, "geometry": {"type": "MultiLineString", "coordinates": [[[-0.15643104833935964, 40.55471012906589], [-0.15628608469306024, 40.5546275226643], [-0.1561144234179893, 40.554550082443114], [-0.15593739833198353, 40.5544604140499], [-0.15559407528093852, 40.55430960897458], [-0.15537413365372493, 40.55419140940148], [-0.15527221026532576, 40.554122120211424], [-0.15502008196722394, 40.55385311455628], [-0.1549235226254291, 40.5537715966731], [-0.15483232786514559, 40.55371453487678], [-0.1546874885492393, 40.55365339641969], [-0.1544836401980095, 40.55362079005066], [-0.15444072525448696, 40.55361263815228], [-0.15420055782525888, 40.55353185092269], [-0.15407717603140603, 40.553454408908244], [-0.1539108794677661, 40.5533728913332], [-0.1537603149617885, 40.55334816179621], [-0.15355646636499476, 40.553335934386105], [-0.15327215263532964, 40.55331555517147], [-0.15302002492232386, 40.55328294731741], [-0.15277862676345505, 40.553238113262225], [-0.15258014261948055, 40.5531851264504], [-0.1524245745114959, 40.55305469746439], [-0.15226900602310495, 40.552875357363504], [-0.15184789094448217, 40.552360539079416], [-0.15136194946552084, 40.551907851887265], [-0.15098441102628898, 40.551822273856736], [-0.15061533681256514, 40.55168447350704], [-0.15030688705675943, 40.551443310312216], [-0.15018608625339416, 40.551345002371086], [-0.1498120289464054, 40.55088296680507], [-0.14936489153340382, 40.55037622959951], [-0.14918571557547372, 40.550181152347996], [-0.14883679470529554, 40.55001048049754], [-0.14861956341383992, 40.54982876142364], [-0.14812515517237734, 40.549589552873144], [-0.14775416071567155, 40.549313473372315], [-0.14758120185330353, 40.54900892155337], [-0.14735044537707281, 40.54877801088837], [-0.14729486025900917, 40.548284515497734], [-0.14708448483897152, 40.54724795542632], [-0.14725184402236, 40.546465101379574], [-0.14719656790454885, 40.54622184433369], [-0.1468629645315271, 40.54583825282524], [-0.14645674912063242, 40.54561968616646], [-0.14566824469851722, 40.54539166679185], [-0.14499676250767285, 40.5449830324286], [-0.1447394855721971, 40.54480712705801], [-0.14439691758159168, 40.54476835554548], [-0.14378659395813767, 40.544955247301296], [-0.1432845057366937, 40.54527722176572], [-0.14262644674051211, 40.54561835425172], [-0.14075111535531593, 40.54597590345102], [-0.14013415806857768, 40.54616261133721], [-0.13911879190948825, 40.5468444180754], [-0.1383126995094485, 40.54743040851268], [-0.1375565379319811, 40.54793178548964], [-0.13620633297987073, 40.54823663218346], [-0.13566203103110472, 40.54858166027906], [-0.1351735825128635, 40.54901391748364], [-0.1346562934984113, 40.550122122175786], [-0.1342155074741734, 40.55083329450096], [-0.13371439266786864, 40.551406622719504], [-0.13316506903127326, 40.55248877656303], [-0.13278355515687543, 40.55320646428206], [-0.1326644520974804, 40.55336004802232], [-0.13236987137418002, 40.5535282175081], [-0.13169767605194085, 40.55372059474398], [-0.13106825549359433, 40.553863433285464], [-0.13066396084762608, 40.5541119564949], [-0.13004344876354187, 40.5548138607386], [-0.13000206025568062, 40.55496679402541], [-0.1297338383652345, 40.555443659847455], [-0.12935832978284384, 40.55607540056434], [-0.12915984609246298, 40.55635254838542], [-0.12896136232530275, 40.556560409103064], [-0.12865048793379982, 40.55679089486715], [-0.12851637715017836, 40.556852030447565], [-0.12831789346464226, 40.557059889112615], [-0.12824547402990366, 40.55714140291927], [-0.12819183050159697, 40.55724533154328], [-0.12823742775871727, 40.55733499642448], [-0.12847078033155396, 40.557536740579245], [-0.12852174240126873, 40.557610101624945], [-0.12818626487134105, 40.557764090476596], [-0.12749532143244607, 40.557959311525096], [-0.12713973283379423, 40.55822951346376], [-0.1267330896982925, 40.55854425843304], [-0.12653244116689616, 40.55868428110176], [-0.1263580981222967, 40.55886971934983], [-0.12611401659148264, 40.55904089216696], [-0.12597454170570402, 40.55913870523048], [-0.12560976121385287, 40.55932210382132], [-0.12503308646027028, 40.55957274884046], [-0.12440813133380392, 40.55982542990054], [-0.12444335870576173, 40.56001050292308], [-0.12445140512005363, 40.56014906862045], [-0.12408930762871702, 40.56041601195423], [-0.12359041620082666, 40.56052401176884], [-0.12324219476376992, 40.56048980612469], [-0.12290943155614162, 40.56048151279383], [-0.12248742570138807, 40.56051680881436], [-0.12214977617428982, 40.56059524206955], [-0.1216981467471034, 40.56067449735111], [-0.12172188701662658, 40.56092757783255], [-0.12171933215700734, 40.561217688578665], [-0.12115786056322211, 40.56129036213132], [-0.11979459765165455, 40.561508843596854], [-0.1179829783890216, 40.5619271512821], [-0.11720294784033801, 40.562141319900114], [-0.11660254703503838, 40.56231474902866], [-0.1158577914527491, 40.562627770192165], [-0.11501131824755274, 40.563122899721364], [-0.11468206291528382, 40.56331063137395], [-0.11426792312608079, 40.563518851557646], [-0.11419436882527939, 40.56373558450489], [-0.11412820478472857, 40.563932678341104]], [[-0.15643104833935964, 40.55471012906589], [-0.15678697658229324, 40.55459479824311], [-0.15739315529755019, 40.55451328177756], [-0.157870588393152, 40.55454181304519], [-0.15860551427275388, 40.55471707304977], [-0.15891128562902235, 40.554729300526894], [-0.1593565330128512, 40.554708921536765], [-0.15980177966030135, 40.55464370833168], [-0.16015583113631607, 40.554533661243376], [-0.16040259423925837, 40.55445214527911], [-0.16064935777102443, 40.55441138640967], [-0.16092306300687279, 40.55447658747549], [-0.16135221601608402, 40.554794500320575], [-0.161566792296022, 40.55509610917067], [-0.16188865779928535, 40.555348807142295], [-0.16218906569785377, 40.55561780761777], [-0.1624143709962665, 40.555846049231185], [-0.16260748936977787, 40.555984624259885], [-0.1627791505157811, 40.55609059333106], [-0.16285425257215863, 40.556237319188874], [-0.1629937279177361, 40.55643295271266], [-0.1631868472963493, 40.556579678334536], [-0.16350871173487108, 40.55675900810449], [-0.1637554754842142, 40.556930186803186], [-0.16387349177578875, 40.55716657569034], [-0.16394322942635517, 40.557354055480715], [-0.16414707776211004, 40.55750077829023], [-0.16418999334722673, 40.55763935010582], [-0.16462458858418427, 40.557892048147764], [-0.1654334020291092, 40.558195682436995], [-0.16630117850054937, 40.558571701090855], [-0.16689867741103984, 40.55874007548089]], [[-0.15643628908853238, 40.55471311524298], [-0.15643104833935964, 40.55471012906589]], [[-0.15642219653140804, 40.554712996891844], [-0.15643104833935964, 40.55471012906589]]]}, "properties": {"objectid": 3547, "nomb_vp": "Colada de la Sierra dels Llivis", "cod1": "120803", "cod2": "000000", "cod3": "030", "cod4": "000", "aproba_1": "03/10/1984", "aproba_2": "-", "boe_1": "18/02/1985", "boe_2": "-", "bop_1": "06/06/1998", "bop_2": "-", "dogv_1": "-", "dogv_2": "-", "munic_1": "Morella", "munic_2": "-", "deslinde": "No", "mojon": "No", "legal_1": "8", "legal_2": "0", "obser_vp": " ", "long_c_1": 5500, "long_c_2": 0, "sup_vp_1": 4.4, "sup_vp_2": 0, "tipo_leyen": "Colada", "shape_Length": 6387.416148648369, "long_desli": 0, "hyperlink": "120803"}}, {"type": "Feature", "id": 3687, "geometry": {"type": "LineString", "coordinates": [[-0.17251931162133963, 40.485527519140106], [-0.17200908217342212, 40.485422554019955], [-0.17127769648260902, 40.48522980968746], [-0.17070059419038322, 40.485147751983206], [-0.17023211536287997, 40.4850433290181], [-0.16969560843374032, 40.484998008304125], [-0.16918098619627703, 40.48498896972799], [-0.1687740853436907, 40.484978994817794], [-0.16815068993350726, 40.484995883074006], [-0.16766307816135798, 40.48501252323454], [-0.1673252164296039, 40.48506564188328], [-0.16673779938675773, 40.48508277086912], [-0.1662649692439834, 40.48508189367277], [-0.16555000403275733, 40.485160867205224], [-0.1651102302331487, 40.4852644651704], [-0.16468389837536104, 40.48549350909929], [-0.1641116873533989, 40.48585123501184], [-0.16356661728373803, 40.48612025607726], [-0.16317979823984258, 40.48630021758682], [-0.1628649281868127, 40.4863282305727], [-0.16236176048525972, 40.4862693956608], [-0.16187172023521013, 40.48623233024386], [-0.16115809438954304, 40.48627913613723], [-0.16057511622614246, 40.48622548057179], [-0.1595983814645878, 40.48651604149593], [-0.15895506411871332, 40.48667180553946], [-0.1586931512649162, 40.48677618023424], [-0.15876059987400598, 40.48695300349704], [-0.15891359941970734, 40.4872105767843], [-0.1590284339551507, 40.487595902573226], [-0.1591423574668558, 40.488223666630475], [-0.15917286842282238, 40.488500298622235], [-0.15916836941327225, 40.48905070325522], [-0.15916320376612852, 40.48950457300261], [-0.15919662118726238, 40.489823548527525], [-0.15937374897826057, 40.490256903681775], [-0.15957057094880955, 40.490761066431055], [-0.15969369114040027, 40.49102617511085], [-0.15962551360105942, 40.49142129781176], [-0.15967486166668957, 40.491583376229016], [-0.1598479519567623, 40.49173662916583], [-0.16007605015633738, 40.49193858321853], [-0.16012936052260276, 40.49213077024785], [-0.1601550282747171, 40.4924102335723], [-0.16026307678242124, 40.49262380153005], [-0.16099036766240496, 40.49280969864422], [-0.16179112469720341, 40.49311557420455], [-0.16205613229756088, 40.49329704104946], [-0.16234012995163966, 40.493557829095174], [-0.1625884044419325, 40.49389751350489], [-0.16270744503039322, 40.49406374762195], [-0.16279183587054913, 40.49450551785724], [-0.16300462291967682, 40.49478957780981], [-0.16316443922111012, 40.49499726671322], [-0.1632091200372569, 40.49515922898714], [-0.1631554418689523, 40.495543985832], [-0.16314580819326954, 40.49577253410717], [-0.16296819131030488, 40.49613944886887], [-0.16279377722178706, 40.49651343706587], [-0.16272475700963593, 40.49676312541202], [-0.1626296093527868, 40.4971146394331], [-0.162390423928529, 40.49736262148316], [-0.16234201909614537, 40.49773320830821], [-0.16213334026115656, 40.4979068187373], [-0.16191063640589526, 40.498190901502085], [-0.1616986414063047, 40.49844307483678], [-0.16158472340000027, 40.498590415236535], [-0.16158669039354115, 40.4986548088608], [-0.1618185667464585, 40.49877066179159], [-0.1618459792933324, 40.4991687995899], [-0.16204829345697802, 40.499612081237984], [-0.1617784317822299, 40.49988209272002], [-0.16167552368281507, 40.49999038161486], [-0.16167296300342962, 40.50005108985175], [-0.1617875981772953, 40.50015038440798], [-0.16190521745499153, 40.50020693881905], [-0.16190492543256385, 40.50032489900988], [-0.1618282771286277, 40.5004767296749], [-0.16186510821259167, 40.50060275225611], [-0.16209253600885448, 40.50076205631203], [-0.16227756051780887, 40.50092746876492], [-0.16234804265912484, 40.50103286912987], [-0.1621811551966021, 40.50121465552366], [-0.16208822250168536, 40.50153052561907], [-0.1619328077235808, 40.501773365646336], [-0.1617496147196222, 40.501897554439495], [-0.16137006372946883, 40.501908728872], [-0.16114417263920114, 40.50192914362584], [-0.16073070113027307, 40.50216706422536], [-0.16042332108449006, 40.50240159789904], [-0.16033066163551457, 40.502563323649554], [-0.16041804653965488, 40.50271203794717], [-0.16058662632582463, 40.50293424395085], [-0.16066450565562046, 40.503086299311], [-0.16059448876404236, 40.503191820001085], [-0.16024738784745554, 40.503093915226216], [-0.1601281708083444, 40.503144605392436], [-0.1600435156292491, 40.50326406566957], [-0.1599087619637051, 40.50346093795308], [-0.15976902205139806, 40.50355401917662], [-0.15949496849545589, 40.503611624154644], [-0.15907785594247575, 40.5038408723375], [-0.15877422241490388, 40.503933494967484], [-0.15873966506078582, 40.50397554176927], [-0.15883036561500827, 40.50404569457246], [-0.15894898597661528, 40.50412010832756], [-0.15894098992246053, 40.50419855583298], [-0.15880381075989405, 40.504230928636005], [-0.15838095279968484, 40.504263420473535], [-0.15807776763131237, 40.50423451094376], [-0.15791674371553452, 40.504277018977874], [-0.15782272500709724, 40.50428542981993], [-0.15775541459293305, 40.504313702381175], [-0.15770527914194743, 40.504367255007125], [-0.15773239726206012, 40.50441931525526]]}, "properties": {"objectid": 3687, "nomb_vp": "Colada de la Font de Benicabo", "cod1": "120385", "cod2": "000000", "cod3": "014", "cod4": "000", "aproba_1": "29/09/1995", "aproba_2": "-", "boe_1": "-", "boe_2": "-", "bop_1": "-", "bop_2": "-", "dogv_1": "03/11/1995", "dogv_2": "-", "munic_1": "Castellfort", "munic_2": "-", "deslinde": "No", "mojon": "No", "legal_1": "10 - 15", "legal_2": "0", "obser_vp": " ", "long_c_1": 3650, "long_c_2": 0, "sup_vp_1": 4.5625, "sup_vp_2": 0, "tipo_leyen": "Colada", "shape_Length": 3741.6932654934285, "long_desli": 0, "hyperlink": "120385"}}, {"type": "Feature", "id": 3688, "geometry": {"type": "LineString", "coordinates": [[-0.17266358953227753, 40.49885851630985], [-0.1723378084540955, 40.49899391106606], [-0.17203889174394937, 40.49908668457297], [-0.17173021837333136, 40.49916890769074], [-0.17161147366910004, 40.49942014710401], [-0.17153261537461142, 40.49976779106597], [-0.1714657961281149, 40.49990914593676], [-0.1712960832470855, 40.50015879783998], [-0.1711594168601011, 40.50040210905093], [-0.17112173946909903, 40.500629971085175], [-0.1709732882308385, 40.5008193720761], [-0.17089018041392362, 40.50101394877971], [-0.17075846570524175, 40.50113941327845], [-0.17051599868880649, 40.501337235094454], [-0.1704257845206407, 40.50147801514582], [-0.17040589360775962, 40.50161694336449], [-0.17030301906579923, 40.50183605836248], [-0.17008949208730176, 40.502144017871856], [-0.16993097598320425, 40.50233098379717], [-0.16965575484071982, 40.5025280000538], [-0.16939484563107976, 40.50260739991349], [-0.16924739569628802, 40.5025501632268], [-0.16906590328230092, 40.50257911651421], [-0.1688746591089574, 40.502616095505104], [-0.16871484719099958, 40.50263005123768], [-0.1685781067220131, 40.50277430070803], [-0.16847236882040031, 40.50282786743198], [-0.16827238731972366, 40.50268354792703], [-0.1681687140560255, 40.502698878663246], [-0.16814956946322054, 40.502819951583696], [-0.16808862082816778, 40.50293284930728], [-0.168016234754724, 40.50289754446214], [-0.16785936732764573, 40.50281640931843], [-0.1678066856754589, 40.50273289787645], [-0.16751768667794179, 40.50270078525487], [-0.1673219385428486, 40.50264263610593], [-0.167166499849227, 40.50258850196681], [-0.1670100130651519, 40.50263471000076], [-0.1668684638716803, 40.5026598352852], [-0.1664952570675428, 40.50262565493858], [-0.16612763167812752, 40.50257016133495], [-0.165931897924585, 40.50254748354774], [-0.16572319824643336, 40.50261028148691], [-0.16561666636366182, 40.50269346182395], [-0.16558725755072495, 40.50283573045676], [-0.16554109249432838, 40.502931115634944], [-0.16543434954756994, 40.50294503547466], [-0.16525752365242868, 40.50288125750359], [-0.16517346641270797, 40.502875618964566], [-0.16515349364490617, 40.50298165857824], [-0.16511237537938164, 40.5031029048612], [-0.16503601864664041, 40.5031367783276], [-0.16484314280104254, 40.50304624769157], [-0.16472513289559518, 40.50306837418891], [-0.16448050948061071, 40.5030945406159], [-0.1640250017932112, 40.50311655068225], [-0.16364446768789745, 40.50315265224006], [-0.16335879299029343, 40.50315278482426], [-0.16299313613444724, 40.50316167482969], [-0.16275878168501093, 40.50327745913519], [-0.16250827244293914, 40.503332074827874], [-0.1623222059905658, 40.50341329674023], [-0.16218699725096372, 40.50351006816579], [-0.1619263776452131, 40.50358230723603], [-0.16165166903656472, 40.503777658441884], [-0.16151747565578725, 40.5038736487698], [-0.16138764498001454, 40.50391939284737], [-0.16119539029398325, 40.504036207930696], [-0.16096178327140165, 40.50413413286393], [-0.1607394907302915, 40.50418586342272], [-0.16021114169723927, 40.50416572190722], [-0.15994696744025932, 40.504130209672894], [-0.15963390007917289, 40.504194421500536], [-0.15935637136334257, 40.504223342566824], [-0.1591995744119781, 40.50427668133766], [-0.1591052542877834, 40.504292233978475], [-0.15894634187343892, 40.504284750135035], [-0.15881549999283368, 40.504277955852736], [-0.1586440646362488, 40.50434523271596], [-0.15848304072545324, 40.50438774244245], [-0.1583420873555013, 40.504398572814104], [-0.15820611421194064, 40.50440237651226], [-0.15803331795172615, 40.504390973837054], [-0.15790730548559923, 40.50438072240017], [-0.15773239726206012, 40.50441931525526], [-0.15774990562761784, 40.50455916154627], [-0.15773994879716946, 40.504794850930885], [-0.15755616995342375, 40.50490643529525], [-0.15708137414238288, 40.505042816199975], [-0.15679836764515945, 40.50523327745074], [-0.15653308275171587, 40.50538715543938], [-0.1562886450578686, 40.505430489385645], [-0.15594946733484902, 40.50550817776829], [-0.15551500276429545, 40.50558013297215], [-0.15504429383716128, 40.505636457671216], [-0.15462081521029677, 40.50590485464651], [-0.15357113680981974, 40.506202594072896], [-0.15294848703810252, 40.50624613300971], [-0.1526164626692293, 40.50634518915324], [-0.15235881681486335, 40.506567554973856], [-0.15213124316616153, 40.506633502405506], [-0.15191996473609645, 40.50653534822023], [-0.15160002382376445, 40.5064595353754], [-0.1513187131057554, 40.506466894690355], [-0.1508668603850809, 40.506520092439345], [-0.1505808606726665, 40.50663815138318], [-0.15025440580547367, 40.506826707158005], [-0.1500375213648244, 40.506971494395344], [-0.1498714937116818, 40.50713183553515], [-0.1496286426072752, 40.507336751160274], [-0.14946202094373703, 40.507400558930286], [-0.14889960434130256, 40.50756152572793], [-0.1482017499687491, 40.50780165124064], [-0.14759401380058093, 40.50793711418943], [-0.1471964752001499, 40.50803453613463], [-0.14668043953369161, 40.50827559360148], [-0.1462191794434175, 40.50855017548015], [-0.14610963129773605, 40.50855756778024], [-0.14601383110810834, 40.508638475537545], [-0.14575363648221168, 40.508758537328234], [-0.14544638296454931, 40.50899221626434], [-0.14498903410992145, 40.50928476376628], [-0.14469861592620592, 40.50950636656759], [-0.14432125226905654, 40.50979016428204], [-0.14402660674044535, 40.51000093766581], [-0.14358752661957622, 40.5101938374538], [-0.14311691790869932, 40.51044154093624], [-0.1426481164618558, 40.51068828917764]]}, "properties": {"objectid": 3688, "nomb_vp": "Colada de la Venta de la Roya", "cod1": "120385", "cod2": "000000", "cod3": "015", "cod4": "000", "aproba_1": "29/09/1995", "aproba_2": "-", "boe_1": "-", "boe_2": "-", "bop_1": "-", "bop_2": "-", "dogv_1": "03/11/1995", "dogv_2": "-", "munic_1": "Castellfort", "munic_2": "-", "deslinde": "No", "mojon": "No", "legal_1": "4 - 10", "legal_2": "0", "obser_vp": " ", "long_c_1": 3000, "long_c_2": 0, "sup_vp_1": 2.1, "sup_vp_2": 0, "tipo_leyen": "Colada", "shape_Length": 3203.6307111107767, "long_desli": 0, "hyperlink": "120385"}}, {"type": "Feature", "id": 3689, "geometry": {"type": "LineString", "coordinates": [[-0.17303797421758793, 40.512499675565856], [-0.1729508290231607, 40.51255400586924], [-0.1724657619624249, 40.51285597268084], [-0.17195009012481882, 40.51315849477654], [-0.17159936254540464, 40.5133828429427], [-0.17141416127454082, 40.513515330216975], [-0.17101190627462076, 40.513683604136475], [-0.1704851928168759, 40.5138214213143], [-0.16999205890189034, 40.51401486830603], [-0.16960543494204064, 40.51423833047253], [-0.16936371312841225, 40.51433962564482], [-0.16913415849441776, 40.514451965173556], [-0.16867155011611815, 40.51453714077601], [-0.16831913449748429, 40.514675063995284], [-0.16810269375899478, 40.514698353864254], [-0.16721291679606987, 40.514694401879765], [-0.16658471780702433, 40.51470758624464], [-0.1662743942753924, 40.514735718804616], [-0.1660068719645645, 40.51480775760303], [-0.1657562298475378, 40.51478790100231], [-0.16560287797105358, 40.51477643277611], [-0.16528093860087512, 40.514857898638034], [-0.16503461518429835, 40.514923346172345], [-0.16478089198604642, 40.51494213941719], [-0.16457291494700277, 40.514874026625144], [-0.16441410490839609, 40.51486521233187], [-0.16416265082474799, 40.51494125603886], [-0.16395646928827934, 40.51494334197897], [-0.16371073723262616, 40.514883684060784], [-0.16346923313491166, 40.51483485442964], [-0.16318984390558297, 40.5147958175621], [-0.16304328704460752, 40.514827964791465], [-0.16266881957370488, 40.51493315577023], [-0.1624492126578652, 40.515031427277066], [-0.1622297558036932, 40.51512612706605], [-0.1623743634669641, 40.515251223106574], [-0.1623047885817057, 40.515346032299696], [-0.1622039657484149, 40.51540432546666], [-0.16201047168245872, 40.51554970902469], [-0.16187237379650735, 40.5157143288014], [-0.16184883486536716, 40.51582814235813], [-0.161901367571054, 40.51591522772516], [-0.16181443109996793, 40.515977436839464], [-0.16166002546944233, 40.516084459414635], [-0.1613693220513899, 40.51620242916165], [-0.1610817832725329, 40.51624540681475], [-0.16073899893837723, 40.51626557629989], [-0.16041734237260177, 40.51622906829649], [-0.16021538541024172, 40.51624197543469], [-0.15991003739135376, 40.51637388030404], [-0.15961692054699878, 40.51665980029626], [-0.1594887756371522, 40.51681036294673], [-0.15922296702493274, 40.51678237454504], [-0.1589743683618487, 40.516901374977564], [-0.15871580757473858, 40.51703442782939], [-0.15861422595830446, 40.51711057310641], [-0.1583088709594221, 40.517242474382], [-0.15812653324744697, 40.517345228803855], [-0.1580782326665063, 40.517490605039924], [-0.1578161965595345, 40.51770579025321], [-0.1576054804886287, 40.51792581320183], [-0.15742812139674822, 40.51813235795907], [-0.15740110199747911, 40.51832830476399], [-0.15736925186038317, 40.51863852466169], [-0.15718328416528268, 40.51893780013143], [-0.15694317667076618, 40.51908624622749]]}, "properties": {"objectid": 3689, "nomb_vp": "Colada de la Rambla de la Cana", "cod1": "120385", "cod2": "000000", "cod3": "016", "cod4": "000", "aproba_1": "29/09/1995", "aproba_2": "-", "boe_1": "-", "boe_2": "-", "bop_1": "-", "bop_2": "-", "dogv_1": "03/11/1995", "dogv_2": "-", "munic_1": "Castellfort", "munic_2": "-", "deslinde": "No", "mojon": "No", "legal_1": "8", "legal_2": "0", "obser_vp": " ", "long_c_1": 1550, "long_c_2": 0, "sup_vp_1": 1.24, "sup_vp_2": 0, "tipo_leyen": "Colada", "shape_Length": 1722.7590101656604, "long_desli": 0, "hyperlink": "120385"}}, {"type": "Feature", "id": 3690, "geometry": {"type": "MultiLineString", "coordinates": [[[-0.17274272002927396, 40.516409956217885], [-0.17266179484461108, 40.51654326113131], [-0.17249567361979304, 40.516819886752806], [-0.17241127160205563, 40.51689424384173], [-0.17207216882683796, 40.517023349482706], [-0.17198433882592867, 40.517106992552314], [-0.17176604807808157, 40.51743934356979], [-0.17148849860796195, 40.517870571722135], [-0.17120454734421617, 40.51849634873248], [-0.1710386271813735, 40.519099993806606], [-0.17097741682862788, 40.51957628432257], [-0.17090820780982544, 40.51994352872689], [-0.17078043705504725, 40.52016996245885], [-0.17066767417086062, 40.52038780967602], [-0.1704145644400288, 40.52057982628143], [-0.1702470888264814, 40.52067766517163], [-0.17012078755559898, 40.52085579937424], [-0.16991050760421259, 40.52108851179993], [-0.16957649459727903, 40.52134128531018], [-0.16925048647136762, 40.52162999757693], [-0.16914351716319745, 40.52184560281405], [-0.16898536551197146, 40.52225265605597], [-0.16901496610628672, 40.52232845191648], [-0.16905150975399236, 40.522412931662885], [-0.16908742071603025, 40.52243568266635], [-0.16916124358751702, 40.52255796741909], [-0.16914344839751605, 40.5227124217042], [-0.1690474966462376, 40.52277966909738], [-0.1688953424167898, 40.52283313444037], [-0.16881157783196396, 40.5229311745264], [-0.16865698761343462, 40.5230113899122], [-0.16857447175694446, 40.523222065541326], [-0.1684375935848952, 40.52346894205605], [-0.16843567259012326, 40.5237115864109], [-0.16842335059676766, 40.524003856953], [-0.16842909080680496, 40.52411576513904], [-0.16828634426209885, 40.52450191267354], [-0.16829152658251215, 40.5248237689445], [-0.1682251239413955, 40.524954406463756], [-0.16822000991872693, 40.525075822200165], [-0.16831918871121684, 40.525403943376624], [-0.16826798003622317, 40.525815733903094], [-0.16828992615187874, 40.526196437609876], [-0.16831366007583828, 40.526411504868484], [-0.168282154976307, 40.52671458728518], [-0.16827689030973245, 40.52683957427879], [-0.16842350638904674, 40.52702905812176], [-0.16846958683869, 40.5271888995779], [-0.16850779048616923, 40.52735333879986], [-0.1685859936367996, 40.52763922640221], [-0.1686206945319116, 40.52796694146727], [-0.1686190341086575, 40.52817062671626], [-0.1685737772011225, 40.52839355056873], [-0.16850890564105328, 40.52867196620663], [-0.16839691862262404, 40.52888370576132], [-0.1681868006577129, 40.52908946339693], [-0.1680584986699112, 40.529243605514516], [-0.16798351510937626, 40.529577793341055], [-0.1679014255816157, 40.52978147013297], [-0.16756883993244556, 40.53024144774508], [-0.16724511583138196, 40.53049145949491], [-0.16702951956995157, 40.53064826482465], [-0.1666670653686607, 40.53083076463278], [-0.1659130081911295, 40.53118484905032], [-0.16551156821507468, 40.531426053033314], [-0.16527273711623125, 40.531534581311], [-0.16486345105179007, 40.53171319718706], [-0.1645023464495931, 40.53191603632303], [-0.16431015441109686, 40.531918465990124], [-0.16406376665867942, 40.531983909144664], [-0.16369222638494882, 40.532128496259304], [-0.16302343666260624, 40.53226987494018], [-0.16270573658641727, 40.53237671110534], [-0.1624796112822402, 40.53255269470253], [-0.16210339050615225, 40.532807979416006], [-0.1619111960960774, 40.5328104040983], [-0.16163069852624992, 40.53291395708903], [-0.16126656139921142, 40.53293366272663], [-0.1610759219688957, 40.53289711211109]], [[-0.16938074405747058, 40.543308138385505], [-0.16939501909053817, 40.54285806911076], [-0.16929006366657845, 40.542791150756635], [-0.1691986999174782, 40.542735288688434], [-0.16906187964229163, 40.54264613987307], [-0.1688081846078625, 40.54255054981547], [-0.16868495770688827, 40.54247245792469], [-0.16860205339072934, 40.542438251775046], [-0.16846839486873372, 40.54227410992883], [-0.16841824273317768, 40.542129890053666], [-0.16842877722678076, 40.541879915795796], [-0.16837732064094937, 40.54166294130704], [-0.1683340580450332, 40.54157016404406], [-0.1681421236033755, 40.54145463843912], [-0.1678062762053365, 40.541356003338485], [-0.16717405832655888, 40.541298622837395], [-0.16693305969916433, 40.54123551317233], [-0.16686544725429242, 40.54114460671935], [-0.16680832803413548, 40.54100863424741], [-0.1668074404617023, 40.540870414505065], [-0.1667942080264011, 40.540547610140806], [-0.1667792963191778, 40.54031385959491], [-0.1666001730306997, 40.53977017268526], [-0.16644584573946747, 40.539596899545], [-0.16615735124275133, 40.539250835796004], [-0.16585323621615033, 40.53879652985867], [-0.16563898982723613, 40.53860637243345], [-0.165008664056794, 40.53822109320068], [-0.16412373527154084, 40.53764465734788], [-0.16310079319674967, 40.536987783823605], [-0.16240419141234133, 40.53658397971148]]]}, "properties": {"objectid": 3690, "nomb_vp": "Colada del Camino de Morella", "cod1": "120385", "cod2": "000000", "cod3": "017", "cod4": "000", "aproba_1": "29/09/1995", "aproba_2": "-", "boe_1": "-", "boe_2": "-", "bop_1": "-", "bop_2": "-", "dogv_1": "03/11/1995", "dogv_2": "-", "munic_1": "Castellfort", "munic_2": "-", "deslinde": "No", "mojon": "No", "legal_1": "8 - 10", "legal_2": "0", "obser_vp": " ", "long_c_1": 3500, "long_c_2": 0, "sup_vp_1": 3.15, "sup_vp_2": 0, "tipo_leyen": "Colada", "shape_Length": 3370.2332836940773, "long_desli": 0, "hyperlink": "120385"}}, {"type": "Feature", "id": 3705, "geometry": {"type": "LineString", "coordinates": [[-0.19274510014896454, 40.50374164754664], [-0.19248577627486088, 40.503690082997295], [-0.1921734569410002, 40.50354307317889], [-0.19199466898050171, 40.50337333352968], [-0.19189286721099919, 40.50327668385913], [-0.19163601255516252, 40.503179674350086], [-0.1913217595793976, 40.5030790875235], [-0.1910424909110499, 40.50292572766031], [-0.190773980362704, 40.5028512752435], [-0.1905059166292352, 40.50276610807745], [-0.19028189624476455, 40.5026355405668], [-0.19017394128450352, 40.50252924508078], [-0.1900881299883218, 40.502341267840784], [-0.19003059275054748, 40.50226122315124], [-0.18988551389835148, 40.502139905067246], [-0.1897319670186041, 40.502010870429054], [-0.1895446321648488, 40.50189906840074], [-0.18933017996783733, 40.501790652119524], [-0.18909250198863856, 40.50167553970998], [-0.18882259254045194, 40.501583141323174], [-0.1886235903299636, 40.50155479739954], [-0.18834046325280704, 40.50147221651741], [-0.18807008929662172, 40.50143612774872], [-0.18770274713038754, 40.50137355975731], [-0.18739861114129172, 40.50125533463435], [-0.18706431642886864, 40.50118642044696], [-0.1868335407132472, 40.501105728137155], [-0.18646874009115938, 40.50098244767914], [-0.18614664217387364, 40.50084590664987], [-0.18580264794943882, 40.5006730838253], [-0.1856405553170654, 40.50062981115328], [-0.1853999398408392, 40.50062436008231], [-0.1850011394374021, 40.50057847832482], [-0.18485210185762235, 40.50054624959366], [-0.18461302914936148, 40.50046473360416], [-0.18442413842073999, 40.500378521994], [-0.18427772537291973, 40.50029630654728], [-0.1841607717923156, 40.50020981833455], [-0.18392310646034124, 40.50009469297711], [-0.18363320199184496, 40.499911014841544], [-0.1834271648560929, 40.49983030032413], [-0.18334224420201303, 40.499752538843524], [-0.18323218607223205, 40.49976676459098], [-0.1831324509193666, 40.49980007901505], [-0.1830079805551505, 40.499864964025214], [-0.18262980574865187, 40.49992017349234], [-0.18216925299935088, 40.499876672799864], [-0.1818558195759981, 40.49986902400121], [-0.18162763954650665, 40.499838431951304], [-0.18130348103459207, 40.499744832558896], [-0.1811720538892555, 40.49972480599921], [-0.18096531671096946, 40.49966088754848], [-0.18072484088299423, 40.4996129670556], [-0.18058205178366274, 40.499601070743246], [-0.18052629181219745, 40.499616528641496], [-0.18051246176816865, 40.499683469172474], [-0.18050189210671125, 40.49993550640094], [-0.18048418622300466, 40.500094861735484], [-0.18041856203661408, 40.50034555558528], [-0.1803408694073118, 40.50062118323609], [-0.18029308843153402, 40.50084253816254], [-0.18023291004996062, 40.50093758727126], [-0.18007026007817928, 40.50101941082285], [-0.179970671295012, 40.50104915105286], [-0.17986933247128134, 40.50108902850133], [-0.1798217626189632, 40.50117196425027], [-0.17983849887648798, 40.501298521955576], [-0.17990068790690594, 40.50139255016015], [-0.17988368547486414, 40.50153510141235], [-0.17987346485482214, 40.50177873781198], [-0.17996228922827381, 40.50203404985159], [-0.17997019292540264, 40.502080217900534], [-0.18000578945148857, 40.50222253595099], [-0.17998546771278703, 40.50237218045137], [-0.17992966661255178, 40.50247448625412], [-0.17991544711292787, 40.5025756872156], [-0.17989533578265526, 40.50272123220539], [-0.17985731700168028, 40.50284852972694], [-0.1798178403424564, 40.50290787753992], [-0.17974250379274379, 40.50301130762474], [-0.17975507590656428, 40.50314270861539], [-0.17979706669556292, 40.503219632309424], [-0.1798378996657321, 40.503324125154606], [-0.17990438981760665, 40.503463745219975], [-0.17999624753002955, 40.50364538047082], [-0.17997853580823867, 40.50385194000259], [-0.17992537560799074, 40.504029408561365], [-0.17986051488978558, 40.50412434395401], [-0.17976503756593554, 40.504198611026425], [-0.17961686472681213, 40.50435075333905], [-0.1793915906935827, 40.504473942546916], [-0.1789749486021456, 40.504581732217595], [-0.17879207203468644, 40.50460586340048], [-0.17833089006157063, 40.50465894033225], [-0.17802421621383516, 40.50469434330603], [-0.17779677469565836, 40.50473883194894], [-0.17761155747352522, 40.504762903142755], [-0.1774789824509502, 40.5047982183521], [-0.17706722847930645, 40.504912346393105], [-0.17679153925706081, 40.504959726619795], [-0.17660994101743432, 40.504971968936225], [-0.17636550501698992, 40.5050400814538], [-0.17621205562125458, 40.505079015493166], [-0.17609829835723134, 40.50515773871372], [-0.17598554138863315, 40.50525847666886], [-0.175727656989769, 40.505369463260536], [-0.17543566052019421, 40.505431316893336], [-0.17517376287125064, 40.50549212626275], [-0.1749857319932419, 40.50559280158093], [-0.17469141598286173, 40.505709794096546], [-0.17461504379083168, 40.5057858870703], [-0.17455278336111937, 40.505855858960935], [-0.17448624522707923, 40.50593161690651], [-0.17445498725907738, 40.50594088435168]]}, "properties": {"objectid": 3705, "nomb_vp": "Colada al Descansadero San Pere", "cod1": "120385", "cod2": "000000", "cod3": "032", "cod4": "000", "aproba_1": "29/09/1995", "aproba_2": "-", "boe_1": "-", "boe_2": "-", "bop_1": "-", "bop_2": "-", "dogv_1": "03/11/1995", "dogv_2": "-", "munic_1": "Castellfort", "munic_2": "-", "deslinde": "No", "mojon": "No", "legal_1": "3", "legal_2": "0", "obser_vp": " ", "long_c_1": 1700, "long_c_2": 0, "sup_vp_1": 0.51, "sup_vp_2": 0, "tipo_leyen": "Colada", "shape_Length": 2239.9032783293346, "long_desli": 0, "hyperlink": "120385"}}, {"type": "Feature", "id": 3706, "geometry": {"type": "LineString", "coordinates": [[-0.1913217595793976, 40.5030790875235], [-0.1910518338973279, 40.503040036971136], [-0.19056545430769598, 40.50300207983806], [-0.1903914085657026, 40.50298495851046], [-0.19023363663225484, 40.5029501381262], [-0.19010947654473526, 40.502932817854045], [-0.18998601367003556, 40.50289883288567], [-0.18986108650588984, 40.502854310534616], [-0.18976473359421536, 40.5028148024504], [-0.18971429805555023, 40.502751611966396], [-0.18961989596138948, 40.502685150941765], [-0.18947460503068037, 40.50265998376776], [-0.1893911726874986, 40.50262733095133], [-0.18924536272959064, 40.502542393695194], [-0.18903264627945193, 40.50247763697752], [-0.18888514430570147, 40.50244519318619], [-0.18854447444760963, 40.50243000432777], [-0.18824947560976604, 40.502391840108345], [-0.18815942549308806, 40.50238011496861], [-0.1879934294158212, 40.50239275522532], [-0.1878345657697454, 40.50238411984819], [-0.18778911022245123, 40.50242591013729], [-0.1877680089222343, 40.50248259261958], [-0.18775364323841895, 40.50252752337431], [-0.1876923943500148, 40.50257369565854], [-0.18761654633346714, 40.50259567992577], [-0.18747500229216416, 40.502620830717305], [-0.18736989227269418, 40.50264996998325], [-0.18716553657801283, 40.50262997530345], [-0.18708627066722752, 40.50265902595941], [-0.18708166819367542, 40.50278664549286], [-0.18706775784025403, 40.50287782803229], [-0.18698560511743706, 40.50297592041695], [-0.18686240861915285, 40.50308492951365], [-0.1867124683773838, 40.503236183290255], [-0.18652596294183307, 40.503515238678084], [-0.1864696892350172, 40.50366639179483], [-0.18647682148484895, 40.50386913614583], [-0.1864258555688751, 40.50396798796471], [-0.18645093986341024, 40.5040400945949], [-0.18679966336723278, 40.50428690956899], [-0.18704012335333658, 40.50445340727201], [-0.18717556486790468, 40.50455583462086], [-0.18727340077896015, 40.50460118529693], [-0.18739505579777418, 40.504651357597844], [-0.1875087972981021, 40.50469826643985], [-0.1877082800360567, 40.50473324982999], [-0.18795086456533788, 40.50475583912062], [-0.18829982734675418, 40.50484774878407], [-0.18850412327938876, 40.504964732475095], [-0.1886632261800585, 40.50504248492831], [-0.18894959197999292, 40.505168850089596], [-0.1891222490008632, 40.50524503853931], [-0.18918935868510356, 40.505321780407975], [-0.18926102346919996, 40.50538115084318], [-0.18931328661534155, 40.50547536751676], [-0.1893513834280037, 40.50560975329448], [-0.18941704227555753, 40.50583075308042], [-0.1896937611977079, 40.50600892850753], [-0.19002557025007008, 40.50623125379023], [-0.1903437199950348, 40.50641941705309], [-0.19072255791530454, 40.506579980353415], [-0.19094786296877678, 40.50672419465631], [-0.1909427775437774, 40.50684598837756], [-0.19080430135308, 40.50712849515567], [-0.1907089662014443, 40.50743307166295], [-0.1906162597311341, 40.507674651016075], [-0.190533791184705, 40.50780296937934], [-0.19037604338369488, 40.507887416254576], [-0.1899993209511204, 40.50807163602847], [-0.18970688493247823, 40.508215864343775], [-0.18946484656389273, 40.508340299148756], [-0.18918358869041568, 40.50848059447707], [-0.18894295239850187, 40.50857142994666], [-0.18892223244404768, 40.508671822572786], [-0.18899841343638937, 40.50878554866602], [-0.1892016866218587, 40.508838378829005], [-0.18960412407081847, 40.508961684259184], [-0.1898038521222748, 40.50905903392478], [-0.1898852300757647, 40.509208235961694], [-0.1898722915896644, 40.50929371559667], [-0.1897700087708172, 40.50938774585902], [-0.18957793367029874, 40.50950103879124], [-0.18919875793353602, 40.509720594770485], [-0.18872391377168066, 40.50998786846944], [-0.18862377017143553, 40.51014272018209], [-0.18860236824557777, 40.510206545415144], [-0.1886258393043211, 40.51028618110651], [-0.18874815693999394, 40.51037461315079], [-0.18904308406627865, 40.51053185467208], [-0.18925806741981968, 40.510655055603635], [-0.1893484406319881, 40.51075240758402], [-0.18936841167230817, 40.51083485828288], [-0.1893081493211277, 40.510913659035374], [-0.18914369411988638, 40.5110383475645], [-0.1889615673342346, 40.511137582483244], [-0.18884175864531497, 40.51120258704395], [-0.1887435536243081, 40.51131101378643], [-0.18871478560997557, 40.5114390050936], [-0.1887373374027644, 40.51157182085295], [-0.1887673062813599, 40.51175128941365], [-0.18871542445158387, 40.511826544130685], [-0.1885526298951744, 40.51203621817849], [-0.18844177669688136, 40.512143738592016], [-0.18821479732695467, 40.51219540792714], [-0.18798537661820458, 40.51219339604903], [-0.1877618308666018, 40.51216292864853], [-0.18751837492431292, 40.51216057311194], [-0.18726421643511665, 40.51219013039804], [-0.18718322992380154, 40.51233472332621], [-0.18716038091669757, 40.512545078732856], [-0.18714748890016508, 40.5127413776117], [-0.18716665141781644, 40.51306714899863], [-0.18710064598127069, 40.51330147620849], [-0.18696032315763295, 40.51340887531235], [-0.1867744035890996, 40.51348656519897], [-0.18658061982121293, 40.513528315940704], [-0.18634940329463037, 40.513569154219375], [-0.18603331731859035, 40.51351140528423], [-0.18583600286368296, 40.5134136521257], [-0.18533231873200387, 40.51302602361612], [-0.18499379619025458, 40.512721064875], [-0.184903205402494, 40.51264736097349], [-0.1848275941137614, 40.51266339161612], [-0.18473978425795518, 40.512747045142646], [-0.18456824522879386, 40.51292875145332], [-0.1843538924673833, 40.51323810420489], [-0.18411240313941812, 40.513636165041014], [-0.18387738573507856, 40.51399148507407], [-0.18369300035712716, 40.51414427856476], [-0.18352186114775698, 40.51420444958991], [-0.18333698250177757, 40.51425713702281], [-0.18314498949162797, 40.5142560275385], [-0.18284439513363804, 40.514052082167005], [-0.18269746435588932, 40.513869758540544], [-0.1824876119612574, 40.513735945666106], [-0.18225481480669806, 40.51359084932603], [-0.1819864216977905, 40.51351280411626], [-0.1817894115872142, 40.51340790242946], [-0.1816074875865615, 40.513278344608096], [-0.18151113280044898, 40.5131187030129], [-0.18129469121014055, 40.512695170934926], [-0.18119953520467375, 40.512506960220826], [-0.18109596008913084, 40.51240791235675], [-0.18101611804098913, 40.51241311313699], [-0.1808898244781969, 40.51252084729371], [-0.18074193265744595, 40.5125851576843], [-0.18061923088943188, 40.51260718486836], [-0.1804888183337954, 40.51258970144681], [-0.18031913922622894, 40.512503337798435], [-0.18003140020857777, 40.51232829723274], [-0.17978715864136527, 40.51223296273538], [-0.17968074104926185, 40.51220176540256], [-0.17957056144015446, 40.51233368892243], [-0.17947332480738604, 40.512570994819576], [-0.1793035499170854, 40.51287310776031], [-0.17910491863476297, 40.51308854187429], [-0.17893695991873373, 40.51318453187741], [-0.17873501264884561, 40.513197471830814], [-0.1785769755390423, 40.513168586307245], [-0.17834785250806498, 40.5131594134114], [-0.17811600039803513, 40.513103700310694], [-0.17795961079597214, 40.51303553203225], [-0.17768831025585752, 40.512803691202166], [-0.17745006496457708, 40.51256550688917], [-0.17730966327159578, 40.51245125730491], [-0.17715870464087896, 40.512365346675416], [-0.177042629951207, 40.51234106080604], [-0.17683630560867808, 40.51234674046498], [-0.17661534625701178, 40.512366361858064], [-0.17644690311296712, 40.51236224300873], [-0.17634891415327408, 40.51224187941147], [-0.17629378457435108, 40.51210468980249], [-0.176265498193246, 40.511885936378796], [-0.17621534804937272, 40.51174171942394], [-0.17614756243730118, 40.51168286548379], [-0.17600794585746563, 40.51166157693621], [-0.17576767210026853, 40.5116950234048], [-0.17547758014222878, 40.51168792768223], [-0.17532965522522734, 40.51164141106289], [-0.1752179316958042, 40.51151356145797], [-0.17516115527850767, 40.5114156532017], [-0.17509835003245292, 40.51134977141802], [-0.1750243880577454, 40.51132651290387], [-0.17492085249889022, 40.511338278871264], [-0.17455517942289028, 40.51145802398911], [-0.17426406718589507, 40.511586740785546], [-0.17403032884479205, 40.51179908213263], [-0.1737805454453481, 40.5118358657904], [-0.17350841863141475, 40.51184707886088], [-0.173377821645412, 40.511805646073796], [-0.17330210349517705, 40.51174846980875]]}, "properties": {"objectid": 3706, "nomb_vp": "Colada del Camino de la Masia Pitarch", "cod1": "120385", "cod2": "000000", "cod3": "033", "cod4": "000", "aproba_1": "29/09/1995", "aproba_2": "-", "boe_1": "-", "boe_2": "-", "bop_1": "-", "bop_2": "-", "dogv_1": "03/11/1995", "dogv_2": "-", "munic_1": "Castellfort", "munic_2": "-", "deslinde": "No", "mojon": "No", "legal_1": "3", "legal_2": "0", "obser_vp": " ", "long_c_1": 3100, "long_c_2": 0, "sup_vp_1": 0.93, "sup_vp_2": 0, "tipo_leyen": "Colada", "shape_Length": 3776.5722288381353, "long_desli": 0, "hyperlink": "120385"}}, {"type": "Feature", "id": 3716, "geometry": {"type": "LineString", "coordinates": [[-0.2538550663115048, 40.47339301018254], [-0.25377724670020047, 40.47340966379804], [-0.25343568128522814, 40.473520702672815], [-0.2530699699290435, 40.47376462643347], [-0.2528036349900277, 40.474020446253945], [-0.2525573652798409, 40.47424337658045], [-0.2522434729127108, 40.47444086576261], [-0.25204121807458046, 40.47450278429904], [-0.25167644961334074, 40.47457036709892], [-0.251221494970123, 40.474601544472634], [-0.2511183809002901, 40.47463334913396], [-0.2508135341128665, 40.474848030421846], [-0.2505618246705095, 40.47508929748889], [-0.250115689243713, 40.47519098504959], [-0.24980861872450857, 40.47552685671328], [-0.2495270579843937, 40.47569650969402], [-0.2493849290741015, 40.47582390344514], [-0.24915372469750888, 40.47597360355686], [-0.2489128807619878, 40.47606319593157], [-0.24864008042056127, 40.47617109160497], [-0.2485283275322565, 40.47633596622123], [-0.24839380919322485, 40.47669906480068], [-0.2482613230497046, 40.477039091400265], [-0.24801834353301516, 40.477333586381754], [-0.24772858858717087, 40.477550704056156], [-0.24733652210443047, 40.477674820303065], [-0.24663987031708565, 40.47805202792207], [-0.24651038462252642, 40.47812213778286], [-0.24642611243505094, 40.47818290571056], [-0.2460773158420541, 40.47877515868991], [-0.24559463631294098, 40.47943571383819], [-0.24529444302607978, 40.47983131727283], [-0.24480697378957728, 40.48045600698849], [-0.2442959056004799, 40.48117601246283], [-0.24414674147221238, 40.481268077538324], [-0.2439573295394316, 40.481245053752765], [-0.24365012860221613, 40.481092474567184], [-0.24322563711210668, 40.480843897197374], [-0.24258912023489593, 40.48046584975373], [-0.24232535894039034, 40.480272943149544], [-0.24210485481871755, 40.480018864745645], [-0.24185593783653392, 40.47979520992147], [-0.24160024519970597, 40.479405517948315], [-0.2413051218041681, 40.47898378192966], [-0.24094002700927242, 40.478612209372955], [-0.24060589903314947, 40.47814807153785], [-0.24034257680189589, 40.47794480344692], [-0.23973154525459464, 40.477608819472536], [-0.23939953235843545, 40.47742464437239], [-0.23890574752195495, 40.47731955458487], [-0.23859445506657348, 40.477262065248986], [-0.23839976055665785, 40.477135964224594], [-0.2381653738188328, 40.477108812020354], [-0.23777369827133477, 40.477070846637126], [-0.237409498254589, 40.47704783637677], [-0.2370650310416418, 40.47700027359489], [-0.23670668103143558, 40.47694880259595], [-0.23643645631525273, 40.476917312572795], [-0.2361592099052794, 40.47694285172531], [-0.23568801868878214, 40.477017370256576], [-0.23509120900214356, 40.477037914005564], [-0.23453387724172906, 40.47707911082869], [-0.23400920300655348, 40.477087995734045], [-0.23357630285365039, 40.47714197424582], [-0.2332459794450308, 40.47731995148702], [-0.23297238052493308, 40.47737059375038], [-0.23274408179166273, 40.47745806929525], [-0.23245628489586936, 40.477626338979896], [-0.23225751234227954, 40.477678772556786], [-0.2317917450700002, 40.47762113699376], [-0.23128795386140746, 40.47769128193414], [-0.230923585195793, 40.477786215948086], [-0.23067290420482794, 40.477962520171715], [-0.23042075198348005, 40.478174537958424], [-0.23022927426982645, 40.47827718976267], [-0.2299797882510425, 40.47831052979019], [-0.2298351006439262, 40.47829990939181], [-0.22966352818502184, 40.478260046385174], [-0.22944021782881863, 40.47822609025052], [-0.22901045962154395, 40.478319693606615], [-0.22853007489184848, 40.478500962609026], [-0.22821961519461928, 40.47865080437042], [-0.22780758670756038, 40.47876603297681], [-0.2275005059132536, 40.478833732715685], [-0.22719107184100876, 40.47895857198706], [-0.22692593314518342, 40.479030852175676], [-0.22665773579142173, 40.47906373478975], [-0.22627014637987453, 40.47904012761807], [-0.22593297232548593, 40.47904275350786], [-0.2255338233554382, 40.47907248892223], [-0.2250314890142958, 40.4791068928726], [-0.22439782766332145, 40.47892007447682], [-0.2235444724289165, 40.47883879086423], [-0.2229648423632886, 40.478817705780656], [-0.22242380677470913, 40.47876894667832], [-0.22168531388233334, 40.47874045938324], [-0.2197558712781068, 40.4786206537659], [-0.21915723442156804, 40.47862956754235], [-0.21824077637930706, 40.478489528536315], [-0.2175232113244961, 40.478407896927614], [-0.21713095358178475, 40.4783841466143], [-0.21694177184047098, 40.47829325054814], [-0.21659292434040603, 40.47814954311599], [-0.216335224415875, 40.47805145789466], [-0.2159189800144421, 40.47791880995009], [-0.2156451204244319, 40.47786216115566], [-0.2153469915639673, 40.4778263748942], [-0.2146300763511133, 40.477955653887456], [-0.214207104119462, 40.47799549880429], [-0.213500477360689, 40.47798917705333], [-0.21298032673822956, 40.478001649413834], [-0.2126724977508323, 40.47808716570787], [-0.21255789172804673, 40.478141596444296], [-0.21242590907762596, 40.478163434256736], [-0.21216780202740948, 40.47817865336506], [-0.21189640435039808, 40.47817567593468], [-0.211352534212617, 40.47823957591231], [-0.21084072032998163, 40.47857201287408], [-0.21042727795552604, 40.47883371178591], [-0.21008294792168533, 40.47912210299067], [-0.20991645715222637, 40.479358533253745], [-0.209835586202894, 40.47955582764797], [-0.2094296205450899, 40.48010724585382], [-0.20923351298581672, 40.48032825852058], [-0.20901438852488324, 40.48061915031332], [-0.20886209184951687, 40.48090502915597], [-0.20879451112931577, 40.48129304858404], [-0.2089367116388651, 40.481589618794295], [-0.20906955883364836, 40.48188596279493], [-0.20914897711870023, 40.48234188233602], [-0.20920418327180695, 40.48270427074632], [-0.20911653856367224, 40.48304792340205], [-0.2091857402165148, 40.483036281938894], [-0.20937291050019888, 40.483716441796844], [-0.20939144054947595, 40.48406007054277], [-0.20940017297439079, 40.48441418667741], [-0.20965617426563518, 40.485513068425526], [-0.20988396895980774, 40.48584507140692], [-0.2101257373905247, 40.4861118722396], [-0.21083924040886837, 40.48685836594756], [-0.21114309680189275, 40.4872088841704], [-0.21125287231715348, 40.48749751932918], [-0.21131611528404098, 40.48789227404422], [-0.21142929599694907, 40.48809877127195], [-0.2119199067388041, 40.48857534016807], [-0.21209650353303006, 40.48883341438002], [-0.2122503987717949, 40.48918745946597], [-0.21227362125480279, 40.48953120091934], [-0.21241488425079766, 40.48991292036404], [-0.21261662135275247, 40.490293762777654], [-0.21279823868796088, 40.49077001957696], [-0.21295474030614936, 40.491194110994506], [-0.2131342055476417, 40.49158960678404], [-0.21328904034791424, 40.49214743642342], [-0.21339931727155154, 40.4926505699303], [-0.21355706019628873, 40.49325136682852], [-0.21377591189415596, 40.493846488744666], [-0.21401373196433854, 40.4942097062796], [-0.21432669589327347, 40.49456758596572], [-0.2145822507625859, 40.49484186017389], [-0.21470623419396392, 40.49512725967801], [-0.2148507036982682, 40.49537025565215], [-0.21493820307510536, 40.49551893252207], [-0.21491840496112904, 40.495657871620445], [-0.21474438318728328, 40.49578951700752], [-0.21472837721472673, 40.49594999671302], [-0.21485797899430775, 40.49609968909719], [-0.21503258715129267, 40.496293365111804], [-0.21514170499149685, 40.49648546065396], [-0.21519493244182678, 40.496783452437704], [-0.2152776553324202, 40.49716080036799], [-0.21519891286004486, 40.49736623973027], [-0.2152842961972587, 40.49767930604091], [-0.21528872607846342, 40.49791177436426], [-0.21509813697532962, 40.498421599238384], [-0.21505027370112098, 40.49892126660219], [-0.21509724870887473, 40.499144036785445], [-0.21522665867800025, 40.49941169236006], [-0.21517341855457528, 40.49979291143952], [-0.21511461473128757, 40.50019544547067], [-0.21495293478184282, 40.50107160012088], [-0.21491092073762305, 40.501197444370774], [-0.21479942368903557, 40.501531403544554], [-0.2147809410388404, 40.50192117269547], [-0.21491749084959222, 40.502490649242645], [-0.2149545145628609, 40.50281905791688], [-0.21488882850029697, 40.503182569808], [-0.21471791468790016, 40.503556907767276], [-0.2146037515853588, 40.503825838703726], [-0.2144610244892798, 40.50403333502476], [-0.2142331974958938, 40.50429234751724], [-0.2141145543211791, 40.50444320080101], [-0.2139159222721581, 40.50469907083447], [-0.21379486693076655, 40.50492523441713], [-0.21363795937323712, 40.50498221996918], [-0.21343790866873896, 40.50506318747622], [-0.21333528045866046, 40.5051480477529], [-0.2127222078562984, 40.5057322666399], [-0.2122705070983318, 40.506111022492284], [-0.21165085768908487, 40.506717240096556], [-0.21116109112502887, 40.50728570869782], [-0.21089782678791888, 40.507364799985865], [-0.21068565476633616, 40.50739899742893], [-0.21075850042447994, 40.50790122831377], [-0.21087138368598643, 40.50845447179929], [-0.21099786931500555, 40.50885417698716], [-0.21098700672876408, 40.509115984498166], [-0.21102827228462617, 40.50930417137458], [-0.21114228489650466, 40.50937616073485], [-0.2112681129069173, 40.5095043176689], [-0.21151277576830743, 40.510045919632255], [-0.2115176104868724, 40.51026462338811], [-0.21124126877344068, 40.51067581474013], [-0.21125135750750848, 40.510812285126434], [-0.21141669163632518, 40.5108913486283], [-0.21160995262914747, 40.51097466128278], [-0.21170578423347675, 40.511148564864115], [-0.21177896225499793, 40.511304048133795], [-0.21189780470749106, 40.5113748383203], [-0.21207939915451995, 40.511400672010716], [-0.21229315346013972, 40.5114415800511], [-0.2126600838183534, 40.51196425433549], [-0.21276142198060025, 40.51220977027986], [-0.21277168482844014, 40.51243977406193], [-0.21268503652585796, 40.51260927197243], [-0.21258920377663956, 40.512741432534106], [-0.21239360567868132, 40.51300205823673], [-0.21233204120078442, 40.513215613624496], [-0.2123071587785035, 40.51351000713568], [-0.21237082619080733, 40.51363643608492], [-0.21248036201374734, 40.51370536528345], [-0.21272172055707697, 40.513739684474274], [-0.21301862221236975, 40.51374287958816], [-0.2134651573803944, 40.51389859315344], [-0.2136745329239597, 40.514028461016906], [-0.21385005710032334, 40.51433541259727], [-0.2138886164755975, 40.51469656013996], [-0.21382676454797236, 40.514877494767006], [-0.213590819973196, 40.51506252053343], [-0.21345217358810026, 40.51523380682574], [-0.21340333157591085, 40.51538967974187], [-0.21334133088480386, 40.51553498924215], [-0.2131353601630479, 40.51582269393349], [-0.21309559766329372, 40.51616523280207], [-0.2130365346789233, 40.51663293444671], [-0.21283703758197256, 40.51691465358273], [-0.21270893128026025, 40.51699858634947], [-0.21243122092471012, 40.51707438930643], [-0.2121769467681991, 40.5170918378806], [-0.2120327369319181, 40.51714272325865], [-0.2119635008921551, 40.5172518568087], [-0.21189194733820596, 40.51775790740985], [-0.2118846330263888, 40.51802004809411], [-0.21206118485170103, 40.518506907623774], [-0.2119853663251566, 40.51864091804694], [-0.21199988079871926, 40.51885575604929], [-0.21216672173020956, 40.51946392288472], [-0.21225450527482514, 40.51976147946006], [-0.2124159640849107, 40.520231369018774], [-0.2124804754585128, 40.520483161273944], [-0.21244020487824702, 40.52063701934467], [-0.21221285242023016, 40.52106296523634], [-0.21204515444698813, 40.52126625367174], [-0.21158244586529024, 40.52180713566032], [-0.21118848104519305, 40.52207554857682], [-0.21099560758279998, 40.52230402606801], [-0.2110214399940486, 40.52268216790885], [-0.2109411966978054, 40.52314852581539], [-0.21087912495050518, 40.52347653711048], [-0.2107308923091328, 40.523701112266146], [-0.21047754760951826, 40.52401543575358], [-0.21021766098384254, 40.524328598072174], [-0.20990599451417102, 40.52461420001283], [-0.20955688465079367, 40.524898895263775], [-0.20933025586347068, 40.52505428297837], [-0.20918437287548708, 40.52518302377725], [-0.2090788292549774, 40.525355636741004], [-0.2089959440447801, 40.52554667140197], [-0.20899076682060147, 40.52568267179586], [-0.2089543227892599, 40.52607842102712], [-0.20893507094377345, 40.526287477167585], [-0.2087479603412214, 40.5265304691525], [-0.20854988868283011, 40.52681208392676], [-0.2083527670296123, 40.527272039694104], [-0.20824202713476034, 40.52756964383167], [-0.20814121604251976, 40.527737036134724], [-0.20776038314419593, 40.52811208715872], [-0.20750626942512274, 40.52830451904514], [-0.2071377984404703, 40.52855102565279], [-0.20693760114858925, 40.52874637092485], [-0.20689964672186795, 40.5288705694987], [-0.20691498744856054, 40.52896007409438], [-0.20711098962049426, 40.52923105394726], [-0.20743643068250744, 40.529594934532646], [-0.20752990261626317, 40.52982598144631], [-0.2076579989682026, 40.530125786073974], [-0.20774301674377496, 40.53056038954999], [-0.20774467837380703, 40.530971528915664], [-0.2077033610581376, 40.53128134344475], [-0.20750105366267663, 40.53177858909023], [-0.20733821316978734, 40.531959061245516], [-0.20709327932549745, 40.53210327731487], [-0.20637837851558336, 40.53250780480375], [-0.2062355198550136, 40.53267593784749], [-0.2062283949156036, 40.53284735430325], [-0.20625960450651076, 40.53299825019527], [-0.20643109110728977, 40.53338132541694], [-0.20647337527716916, 40.53360398455859], [-0.2064515454952039, 40.533903737751494], [-0.20634114204761927, 40.53455557556272], [-0.2062283302310342, 40.534877824236496], [-0.2059940089496224, 40.535104514907864], [-0.20546230475861368, 40.535486636699844], [-0.20479442877605677, 40.535712879490006], [-0.20461538408830485, 40.53580754727788], [-0.2045537198048073, 40.535938320806856], [-0.20474294315176708, 40.53640423725722], [-0.2046759756787244, 40.53692206859747], [-0.20463024809387712, 40.53747504351142], [-0.204434572702172, 40.53812677161699], [-0.204195777598572, 40.53846059252897], [-0.2039975475146891, 40.53872032503661], [-0.20394850927061486, 40.53899796947574], [-0.20400170973467704, 40.53929596395373], [-0.20401612573402064, 40.53962519133705], [-0.20396953909667787, 40.53973130646938], [-0.20375257986202489, 40.53976537411606], [-0.20333441422268564, 40.539680176073794], [-0.20313298216212256, 40.53990408134571], [-0.2029187671864735, 40.540209896774904], [-0.20278115859527407, 40.54036385238344], [-0.20255633263886408, 40.54054544197068], [-0.2023018298321569, 40.54073473826603], [-0.2018103150324535, 40.54094803721283], [-0.2010126617656436, 40.54153663868716], [-0.2004457740836331, 40.541983812928095], [-0.2000609362884475, 40.542335531442895], [-0.1998734616023857, 40.54244895192221], [-0.19973183646595719, 40.54247411495484], [-0.19943609836234552, 40.542599208656696], [-0.19902377482886988, 40.542751355646], [-0.1985795797788431, 40.542800062934255], [-0.1980859728565942, 40.54283813150006], [-0.19760121497064856, 40.54284165820562], [-0.1967046232495077, 40.54315135132121], [-0.1958806215109322, 40.54347094307748], [-0.19543045194454806, 40.54370309169757], [-0.19519955301577446, 40.543958440748085], [-0.194975718191239, 40.54415676393007], [-0.19480406278256399, 40.54422766328064], [-0.1945549121620376, 40.544246632194266], [-0.19426438119211073, 40.544341758321906], [-0.19396262206532222, 40.54473985463958], [-0.19379534623170358, 40.5448180079689], [-0.19340387328738157, 40.54499080502952], [-0.19309212984158974, 40.5451619642552], [-0.1928387602184435, 40.54550613027937], [-0.19259904065181657, 40.5459721697712], [-0.19199651517357497, 40.54659739897977], [-0.1918017418032389, 40.546660581495495], [-0.19163097248895314, 40.54671004858504], [-0.19144546489040645, 40.54688784892674], [-0.1911514411571452, 40.547195274913214], [-0.19096946198834075, 40.547176548166036], [-0.1903980857077216, 40.5476166385228], [-0.18978840175260894, 40.54785203232732], [-0.18930870418256426, 40.54800763984794], [-0.18916511777506992, 40.548076367701185], [-0.18880284920018578, 40.54811044381204], [-0.18854028542743623, 40.548225591930816], [-0.18840247789606032, 40.548383099893975], [-0.18829784138623784, 40.54841987355518], [-0.18805803769626772, 40.54843905589859], [-0.1879115649015521, 40.54846766113079], [-0.18765746487418394, 40.54860446142903], [-0.18741407310036057, 40.548709349951544], [-0.18710712769035698, 40.548877034525255], [-0.18697367477013055, 40.54903260037958], [-0.18684399205720376, 40.54945330877496], [-0.18671325282766743, 40.54955379086213], [-0.18638175789699052, 40.54952426323009], [-0.18616963571186543, 40.549665658211616], [-0.18584504779512986, 40.54991870332253], [-0.18545929692428906, 40.550177406304094], [-0.185157064720973, 40.55045601836591], [-0.18484380622279437, 40.5510195237004], [-0.18479859112297636, 40.55149780271024], [-0.1848142173379798, 40.55157637923201], [-0.18485520780780781, 40.551731995307776], [-0.18499653527393942, 40.55186366863422], [-0.18550460085507903, 40.55211602901807], [-0.18606227654551746, 40.55254715980267], [-0.18640226859281658, 40.55283856314613], [-0.18662015913162242, 40.5531191292987], [-0.18663852158564528, 40.553219439180936], [-0.18664757894555883, 40.55349887448097], [-0.18665296096265496, 40.55366490550961]]}, "properties": {"objectid": 3716, "nomb_vp": "Vereda del Plañol o del Mas Roig", "cod1": "120385", "cod2": "000000", "cod3": "002", "cod4": "000", "aproba_1": "29/09/1995", "aproba_2": "-", "boe_1": "-", "boe_2": "-", "bop_1": "-", "bop_2": "-", "dogv_1": "03/11/1995", "dogv_2": "-", "munic_1": "Castellfort", "munic_2": "-", "deslinde": "No", "mojon": "No", "legal_1": "6 - 10", "legal_2": "0", "obser_vp": "Cambio en la denominación según la disposición adicional primera de la Ley 3/2014, de 11 de julio, de la Generalitat, de Vías pecuarias de la Comunitat Valenciana", "long_c_1": 14300, "long_c_2": 0, "sup_vp_1": 11.44, "sup_vp_2": 0, "tipo_leyen": "Vereda", "shape_Length": 14632.518069840251, "long_desli": 0, "hyperlink": "120385"}}, {"type": "Feature", "id": 3717, "geometry": {"type": "LineString", "coordinates": [[-0.1865102427840379, 40.55368847161035], [-0.18639707626012217, 40.55344753777465], [-0.18621054091336134, 40.55333298050136], [-0.18574356674101566, 40.55315895925856], [-0.18547801468015465, 40.552926844978884], [-0.18524605069549183, 40.55257959434094], [-0.18498680067147097, 40.55219720538162], [-0.18471334553141047, 40.55205577971337], [-0.18427387909554954, 40.551954178695134], [-0.1837716352410264, 40.55183964862441], [-0.1836013510575195, 40.55172780208905], [-0.18351761898563596, 40.5515690648643], [-0.18361033956852768, 40.551317480392456], [-0.1838463153115269, 40.55107879315635], [-0.18409627193559738, 40.55070255547927], [-0.1842018030456806, 40.550291006280624], [-0.18428993417644565, 40.549931214224095], [-0.18455871578414676, 40.549617592651416], [-0.18492102589332873, 40.54925056471647], [-0.18548849849959811, 40.54855844631617], [-0.18599382640020748, 40.54787190519903], [-0.18618896381062675, 40.547528798915664], [-0.1863851859362932, 40.547257797407156], [-0.18651928251447486, 40.546900667441136], [-0.1866732033757537, 40.54646253810767], [-0.186850171978564, 40.54606257721113], [-0.18714542627945568, 40.54519227960023], [-0.18730321192397129, 40.54482103309459], [-0.18726816988767336, 40.54461549854988], [-0.18738208029970702, 40.54444590916735], [-0.18739924140113534, 40.54433037238472], [-0.187091367025219, 40.544128569671436], [-0.1869740879987959, 40.54390732766026], [-0.18695600706149826, 40.543782444693434], [-0.1870521469641419, 40.5437136776507], [-0.18740523167337844, 40.54363339384463], [-0.18778309631253004, 40.543518157328016], [-0.18795059888843418, 40.54341557258139], [-0.18807225980446812, 40.54329409433821], [-0.1882021027367647, 40.54297726231791], [-0.1883973560154935, 40.542768688843395], [-0.18861650105420427, 40.54253295627748], [-0.18878190517170124, 40.54249361406886], [-0.18903735971959298, 40.54251761266306], [-0.1892199652104873, 40.54261094579989], [-0.18949694397691022, 40.54279570382042], [-0.18972322207806905, 40.54288582718371], [-0.19003022333363642, 40.54291210335749], [-0.19042401417489177, 40.542827670441596], [-0.1906984017053214, 40.54274973250301], [-0.1912042942570073, 40.542342097889026], [-0.19125387559964258, 40.54194216491683], [-0.19144718364703958, 40.54175850153142], [-0.19147918003566133, 40.54166245995211], [-0.1917913510320883, 40.54117176287573], [-0.1921425440392651, 40.54063187139955], [-0.19237233587868105, 40.54034287282295], [-0.19293159626500941, 40.540033679519894], [-0.19361282722371645, 40.539588983255896], [-0.19368854023493987, 40.53931874746427], [-0.19388977814287905, 40.53912306859578], [-0.19436647814941363, 40.53892154834065], [-0.19465637091247592, 40.53866847903158], [-0.19499174025744637, 40.53830995966849], [-0.1952522743751883, 40.53787440879578], [-0.19528638156988282, 40.53754931109752], [-0.19523110023001472, 40.53739754040915], [-0.19507976592579654, 40.537086741160415], [-0.19505974306047447, 40.53677913108863], [-0.19515746754419788, 40.53660287305168], [-0.1955575639535221, 40.536267862401644], [-0.19554710576982923, 40.5360262972325], [-0.19549135128212725, 40.53549217803327], [-0.19554819254288933, 40.53511435614217], [-0.19557761617517144, 40.53470452831309], [-0.19579508396701772, 40.534217787153025], [-0.1962488998837013, 40.53356939677405], [-0.19626695179843354, 40.533538200693386], [-0.1967183692474888, 40.532976130774415], [-0.19691680607238204, 40.532731347977474], [-0.19734171168422, 40.53209607725976], [-0.1975076281452827, 40.53176164263287], [-0.19775830466286207, 40.5310688647393], [-0.19806128783984026, 40.53020499042506], [-0.19806795923374257, 40.52984788566167], [-0.19792926900562444, 40.52943084416659], [-0.19786659655309918, 40.52886521859501], [-0.1977971222204867, 40.52865982823372], [-0.19773027389422398, 40.5281943865033], [-0.1977317260668496, 40.527962512090674], [-0.19762057115942394, 40.52777177996522], [-0.19718679567237227, 40.52743845759466], [-0.19690030037153033, 40.52716068496941], [-0.19644600008860927, 40.52668713695188], [-0.19639119074170577, 40.52642569100639], [-0.1961253849679931, 40.52610271139867], [-0.1958176396805678, 40.525800649855995], [-0.19612688171688133, 40.525475964978355], [-0.19667775572293003, 40.52487196013578], [-0.19678386693099356, 40.52459248399701], [-0.19708437057089295, 40.524280120595925], [-0.19747736616292744, 40.52371928710331], [-0.19759029946578766, 40.52357160104966], [-0.19770147873155614, 40.523367460549196], [-0.1977026223946134, 40.52320949052557], [-0.19776501374567812, 40.52256273202081], [-0.19774539334964228, 40.522215245432584], [-0.19756127020965286, 40.521504342871864], [-0.19749873567505866, 40.52113746045998], [-0.19744189482547195, 40.52102325997623], [-0.1974442586298931, 40.520769470220166], [-0.19732731683987348, 40.5206193372714], [-0.19714852008996742, 40.52037682002657], [-0.19710001633456514, 40.520259687215535], [-0.19700612389517563, 40.520147720718306], [-0.1969413013407761, 40.51973247091314], [-0.1967509445431309, 40.519176279842284], [-0.19671821702719766, 40.5188777635814], [-0.19669473782767832, 40.5185544000315], [-0.19674607137373876, 40.518308067301426], [-0.19694613248893467, 40.518040273353606], [-0.19699336269959183, 40.51779383997108], [-0.1973034895564781, 40.51724979907189], [-0.19743589423296895, 40.516930219226865], [-0.19780795251586886, 40.51650597465534], [-0.19790691240565467, 40.516368143382216], [-0.19798160798832423, 40.516250867835666], [-0.19801255345246643, 40.51600090511119], [-0.1979789789511082, 40.515624020297636], [-0.19788074740080772, 40.515349525057374], [-0.19773758177904863, 40.514935742034424], [-0.19766668821398636, 40.51474207863929], [-0.1977367194484539, 40.51450381834142], [-0.19774530864433518, 40.514333442922144], [-0.19760253062030655, 40.514113737720095], [-0.19750678747785588, 40.51390796789344], [-0.19733601094226508, 40.51341467329191], [-0.19736591446168666, 40.513189756291354], [-0.19746830493199055, 40.51270335029873], [-0.19758891399383852, 40.512309715695906], [-0.19759115928710477, 40.51192285245916], [-0.19752288761704873, 40.51149184795194], [-0.1974466743875347, 40.51105438425762], [-0.19736543266487896, 40.510836171358136], [-0.19725868183121714, 40.51044184090398], [-0.1972540593018923, 40.50994929121186], [-0.19725073824880512, 40.50959541713763], [-0.197201790980628, 40.509343587255486], [-0.19720441479963802, 40.509083536144324], [-0.19704908245854016, 40.50886979277719], [-0.19682584894893002, 40.508610526268484], [-0.1965664414700818, 40.50817146986763], [-0.19652223618743783, 40.508013978446876], [-0.1964981632272179, 40.50780342104855], [-0.1965009766847231, 40.507637391904446], [-0.19637715911425765, 40.50745575189627], [-0.1962770357768211, 40.507276855126165], [-0.19616332728344324, 40.506971070323516], [-0.19589668078357753, 40.506670006946], [-0.1955967010341725, 40.506380668895446], [-0.1954445685386269, 40.50618893840273], [-0.19526249603072227, 40.505927534960406], [-0.1951022790680766, 40.50569444065648], [-0.1947057811036278, 40.50535138622985], [-0.1942702066436601, 40.505010261538075], [-0.19379233365034335, 40.50455676617163], [-0.19338775581519252, 40.50418113505813], [-0.19336421369656137, 40.50416316344411], [-0.19278540952371048, 40.50377970787126], [-0.19270479203577479, 40.503703586338105], [-0.19264437291289166, 40.50362539953062], [-0.19265501725046405, 40.5035310374438], [-0.19266167414205318, 40.50345192326405], [-0.19263548547225293, 40.50335666571025], [-0.1926074835334908, 40.5033048396396], [-0.19256480891741348, 40.50328334473647], [-0.19251240720343338, 40.5032539409019], [-0.19246043312830866, 40.503214317841476], [-0.192415903308729, 40.50315697372938], [-0.19238683557751843, 40.50313069524154], [-0.1923135987163594, 40.50311868585987], [-0.1922365853253202, 40.50311681330425], [-0.19218062406803366, 40.50309243711958], [-0.19217217751425286, 40.50305387141511], [-0.19218991212235745, 40.50301514967525], [-0.19221441745399787, 40.5029901719812], [-0.1922098539699687, 40.502938916624274], [-0.19215666712494664, 40.50284811684295], [-0.19209467352784665, 40.50264714077349], [-0.19201465860258987, 40.50247641344674], [-0.19184377391288077, 40.502234429878754], [-0.19178587265646735, 40.50217465084352], [-0.1917665801576367, 40.50215717407209], [-0.191694264278512, 40.50209951874965], [-0.1915988716465491, 40.50205628310402], [-0.1914597347451462, 40.50201709690667], [-0.19138208285038377, 40.502030552211124], [-0.19134040883596715, 40.50206534084412], [-0.1913044716586299, 40.502123285372086], [-0.19126475902775786, 40.502191364953475], [-0.19122297581829067, 40.50222870896117], [-0.1911510616912772, 40.50226531914243], [-0.19107718617217662, 40.50226863649662], [-0.19102090254681284, 40.50225192433905], [-0.1909803645558339, 40.5021793337375], [-0.19091331965670547, 40.502019150770295], [-0.19079462417257081, 40.501811680308926], [-0.1907117312932225, 40.50170992940251], [-0.19055613711922734, 40.50158339511098], [-0.19023116913227747, 40.50141949353071], [-0.18994584867398873, 40.501269343533835], [-0.18975564623855773, 40.50115097600173], [-0.18953434017139975, 40.50104426142598], [-0.18903617115613325, 40.5008949410376], [-0.18886666713644776, 40.50081988763241], [-0.18856103615969985, 40.50066552159054], [-0.18831983509096667, 40.500558322132505], [-0.18804631433455066, 40.50043006962541], [-0.18758508636016724, 40.500185785021635], [-0.18720280832410505, 40.49999464534899], [-0.1868415958806522, 40.499785658922534], [-0.1863931446914761, 40.49953522262879], [-0.18616869636432362, 40.49941536090733], [-0.1860364663617355, 40.49932991828442], [-0.18569442148270773, 40.4991106712913], [-0.18605627024932858, 40.499077714442436], [-0.18646625335617598, 40.49901866051758], [-0.1863301927973762, 40.498800858923516], [-0.1861953265054843, 40.498554487174445], [-0.18592689053922296, 40.49825481397993], [-0.18590902557203354, 40.49812211174272], [-0.18587082180385342, 40.49795596512969], [-0.18569798185482939, 40.49781538325713], [-0.18530304882110626, 40.49753301733971], [-0.18517173229383427, 40.497431065804726], [-0.18498579422395312, 40.497308972661656], [-0.1847579418196038, 40.49715764381316], [-0.18457973493753688, 40.496998118590376], [-0.1844930995359047, 40.496824694584916], [-0.18429673152254444, 40.49670551301916], [-0.18401380319038604, 40.496678658336165], [-0.18360983510921947, 40.49661237590622], [-0.1833925082819158, 40.49660481719075], [-0.18308949126027912, 40.49657240185308], [-0.1828442544929832, 40.49650207393399], [-0.1826797381952473, 40.49640511577334], [-0.18244556603352147, 40.49607052234512], [-0.1820369412816092, 40.495602811204364], [-0.18152231006453434, 40.49508280188786], [-0.1810868620982971, 40.494643282253044], [-0.1808189786325578, 40.49435748389275], [-0.18028608349190098, 40.493965888966756], [-0.18002888167374795, 40.493734397045046], [-0.17991036450299894, 40.49354561459947], [-0.17985490317196207, 40.49330474966088], [-0.17986187618139363, 40.493052809100256], [-0.17984329590033227, 40.49291124060923], [-0.17974316403819343, 40.492803504341296], [-0.179540819448924, 40.4926428937595], [-0.17898276404936078, 40.49243979936694], [-0.17834290966611188, 40.49217750726443], [-0.17770639179681214, 40.49194746637563], [-0.17739898654799255, 40.49179696127907], [-0.1772162288893602, 40.49168882548038], [-0.17715025871866366, 40.4915871192466], [-0.17712743604196451, 40.49146144361407], [-0.17701978402965698, 40.491237176558656], [-0.17676193548986238, 40.49079832433647], [-0.17654655549416828, 40.490491314846395], [-0.176285450428719, 40.490325527531404], [-0.17590879280725027, 40.490151876978395], [-0.1753549977543603, 40.4899595935228], [-0.17525584112257048, 40.489867798582274], [-0.17522279120963513, 40.48971972345998], [-0.17523726033989312, 40.4893751111875], [-0.17524290256580705, 40.48894876418424], [-0.1752584719133965, 40.488357158864666], [-0.17527733493852649, 40.48801658838765], [-0.17523307693167922, 40.48784391576187], [-0.17513587260946525, 40.48770569708757], [-0.1748434139901725, 40.487476375821], [-0.174466304818634, 40.48726034286284], [-0.17388306438131565, 40.486877867925564], [-0.17343879578862742, 40.486530965708745], [-0.17299633122035246, 40.4861412086803], [-0.1727930362256754, 40.48593592297506], [-0.17268544246108378, 40.485859290272785], [-0.17253544770059484, 40.48580276219566], [-0.1724462980551563, 40.485748816281365], [-0.1724352667802308, 40.48567704980909], [-0.17251931162133963, 40.485527519140106], [-0.17256785940632763, 40.4854371755296], [-0.17257475666137934, 40.48542257692064], [-0.17282914262292684, 40.48488236763769], [-0.17289754031825463, 40.48467997343518], [-0.17288970691387145, 40.484563028068735], [-0.17274847024639733, 40.484462142931726], [-0.17251731962724623, 40.4843921382782], [-0.17218945377683023, 40.48428401590201], [-0.1720477665160039, 40.48420190181844], [-0.17191588414995554, 40.484109302674405], [-0.17175815348800036, 40.483883449493455], [-0.17158925532304797, 40.48365553644232], [-0.1714943204803369, 40.48348781195322], [-0.17149922247934218, 40.48337117931704], [-0.1715304104011228, 40.483235733794174], [-0.17166953851708666, 40.48295219006912], [-0.1718940718700289, 40.482510840836014], [-0.1720367501965677, 40.48234631964776], [-0.17235367051771766, 40.482157467363606], [-0.17240721485273683, 40.482108731059945], [-0.17240538703339645, 40.48204076579681], [-0.17231365028084622, 40.48199562144956], [-0.1720591518312115, 40.4820358620753], [-0.17184839470507657, 40.48203785102541], [-0.1720775314413113, 40.48193264342667], [-0.1721844711989082, 40.48183874330276], [-0.1723457045222775, 40.48167825103671], [-0.17233692319494054, 40.481552919102555], [-0.17220279583477183, 40.48151388674123], [-0.17197982435505937, 40.48157429370984], [-0.17181873963386768, 40.48156761075598], [-0.17147191273333176, 40.48137292393556], [-0.1711296588756959, 40.48131601579643], [-0.17060193338417218, 40.48128521374924], [-0.17020620941252648, 40.48123262062594], [-0.17010587158837734, 40.48116939058751], [-0.17011897768521123, 40.48108034214193], [-0.17034388673870868, 40.48096431027662], [-0.1706609548683451, 40.480771891217735], [-0.17107065533947147, 40.48060318859124], [-0.17143191047979797, 40.48036180243337], [-0.17184472997200037, 40.48000728413415], [-0.17228863064484753, 40.47969284854282], [-0.172481795758471, 40.47953765680242], [-0.17254968996940814, 40.479384659906366], [-0.17263899562153487, 40.47937612130207], [-0.1727078244335214, 40.47952079831621], [-0.1727065040005596, 40.47966375706509], [-0.17266792011954535, 40.47980222944522], [-0.17275179968282, 40.479811432028335], [-0.1728846673411995, 40.47965739449214], [-0.1729417779932236, 40.47941213179304], [-0.17278193577791173, 40.479093638486724], [-0.1727154770046808, 40.478781005228534], [-0.1727221959332665, 40.478509485737945], [-0.17282844156171603, 40.47809741159472], [-0.17285824172072317, 40.477833607099036], [-0.17279663951582616, 40.47762833651747], [-0.17284292494731904, 40.47752937580633], [-0.17300633351133243, 40.4776513438026], [-0.17296406507006284, 40.47754306534135], [-0.17291091570565612, 40.47735944994503], [-0.17304269875837092, 40.47711959090276], [-0.1731494793164126, 40.47702925994738], [-0.17322307370484175, 40.476948841624925], [-0.17328892388766146, 40.47679674354246], [-0.1732811803132617, 40.476688801293136], [-0.1732315948608004, 40.47658784061619], [-0.1731555351464397, 40.476550387419785], [-0.17296877728529994, 40.47653866599088], [-0.17277128740969758, 40.47644803686371], [-0.17249609884840975, 40.476312607816155], [-0.17208227828798786, 40.476100560458164], [-0.17166682774923403, 40.47605040792235], [-0.1714706729434226, 40.47595000032011], [-0.1710729663929909, 40.47578892100401], [-0.17079846542376537, 40.47571560751849], [-0.17040242076293363, 40.4756488461753], [-0.1701608420993383, 40.475646505669836], [-0.16994161045046113, 40.475664965211614], [-0.1694323592034102, 40.47575257877308], [-0.16875255537455447, 40.475888439745376], [-0.16841285212566096, 40.47595160691954], [-0.1682587741562034, 40.47590493180909], [-0.167882404438265, 40.47565261805609], [-0.16765571518386288, 40.47562738415448], [-0.16706646024726138, 40.47580365489932], [-0.16689321968867712, 40.47579500966311]]}, "properties": {"objectid": 3717, "nomb_vp": "Vereda de Castellfort", "cod1": "120385", "cod2": "000000", "cod3": "001", "cod4": "000", "aproba_1": "29/09/1995", "aproba_2": "-", "boe_1": "-", "boe_2": "-", "bop_1": "-", "bop_2": "-", "dogv_1": "03/11/1995", "dogv_2": "-", "munic_1": "Castellfort", "munic_2": "-", "deslinde": "No", "mojon": "No", "legal_1": "3 - 8", "legal_2": "0", "obser_vp": "Cambio de denominación de 'Cordel' a 'Vereda' según disposición adicional primera de la Ley 3/2014 de Vías Pecuarias de la CV", "long_c_1": 11800, "long_c_2": 0, "sup_vp_1": 64.9, "sup_vp_2": 0, "tipo_leyen": "Vereda", "shape_Length": 11707.146628013372, "long_desli": 0, "hyperlink": "120385"}}, {"type": "Feature", "id": 3718, "geometry": {"type": "LineString", "coordinates": [[-0.15812746712772302, 40.51976488950276], [-0.15803627188473027, 40.51968333066128], [-0.1575065541135574, 40.519499049785125], [-0.15695594468409835, 40.519095602090395], [-0.15677959789471899, 40.518966385988], [-0.15604460440015722, 40.518328660056646], [-0.15527469660641097, 40.5177230421365], [-0.15415162276712785, 40.51701417148391], [-0.15370687113460077, 40.51660283581721], [-0.15354146928326612, 40.516083993429554], [-0.15322744922443296, 40.51544878083955], [-0.15266932680073755, 40.51485183857088], [-0.15167720851409608, 40.51438886468429], [-0.15088043822659766, 40.5141808789761], [-0.15049832064744662, 40.514207255104246], [-0.1501869063220318, 40.51435997492482], [-0.1496835129763883, 40.514754151673095], [-0.1492384143533735, 40.5150531618743], [-0.1487288215792921, 40.51528842864889], [-0.1483894668431255, 40.51529667277639], [-0.14776285017577045, 40.51509298297167], [-0.14733685172513444, 40.51484552719243], [-0.1469498905887969, 40.51452953549868], [-0.14624797909091672, 40.51429293808853], [-0.14527448024699233, 40.51394427703442], [-0.14446587083373189, 40.51361018913455], [-0.14389370575151028, 40.51317868191536], [-0.1431031461329487, 40.51258245478803], [-0.1427849545887468, 40.512310292979706], [-0.1427399583641791, 40.51205022148149], [-0.142695999140667, 40.51106805099424], [-0.14260023537907077, 40.510308527366774], [-0.14256777709774607, 40.51005109439297], [-0.14227244159180008, 40.508931885884], [-0.14161256884200565, 40.507313121470865], [-0.1409015647181536, 40.50588929464378], [-0.14060250215568582, 40.5048875059789], [-0.1401152964107363, 40.50430347942925], [-0.1392889044201076, 40.50349474920939], [-0.1388270088350474, 40.503175306084934]]}, "properties": {"objectid": 3718, "nomb_vp": "Colada de la Rambla de Lacanar / Colada de la Cana de Ares", "cod1": "120385", "cod2": "120803", "cod3": "016", "cod4": "019", "aproba_1": "29/09/1995", "aproba_2": "03/10/1984", "boe_1": "-", "boe_2": "18/02/1985", "bop_1": "-", "bop_2": "06/06/1998", "dogv_1": "03/11/1995", "dogv_2": "-", "munic_1": "Castellfort", "munic_2": "Morella", "deslinde": "No", "mojon": "No", "legal_1": "8:2", "legal_2": "10:2", "obser_vp": " ", "long_c_1": 2650, "long_c_2": 2500, "sup_vp_1": 1.06, "sup_vp_2": 2.5, "tipo_leyen": "Colada", "shape_Length": 2840.5739942955265, "long_desli": 0, "hyperlink": "120385"}}, {"type": "Feature", "id": 3719, "geometry": {"type": "LineString", "coordinates": [[-0.1645155896090138, 40.52913889216889], [-0.16477966188376292, 40.529329857247696], [-0.16484349603237877, 40.52960814440698], [-0.16481478051201157, 40.52993027595704], [-0.16472613410062062, 40.530239404691365], [-0.16443774936328331, 40.530624340071476], [-0.1640791965153829, 40.53088071660984], [-0.1638024832923449, 40.530989221073064], [-0.16340396902188728, 40.531117786448796], [-0.1630166694078136, 40.531338864628424], [-0.16260939032362393, 40.531674753020944], [-0.16209394540522853, 40.53206562753982], [-0.16164232220925842, 40.53237735846967], [-0.16114051690655237, 40.53280315709279], [-0.16089886977107215, 40.533154638324255], [-0.16082677151767508, 40.53342958288067], [-0.16090667549295937, 40.53368520952146], [-0.16104991290405862, 40.5338732107081], [-0.16143384122726084, 40.534090194491846], [-0.16208670996519875, 40.53438296632045], [-0.16242533302491002, 40.53459882689352], [-0.16270111223838965, 40.534870798296474], [-0.1628131845086821, 40.53508108814717], [-0.16280101547521628, 40.535369037697556], [-0.16273755388214203, 40.53562450314718], [-0.16273202262099265, 40.53564196014341], [-0.16262756915646845, 40.53591187273495], [-0.16246965182579387, 40.53640202120463], [-0.16240419141234133, 40.53658397971148]]}, "properties": {"objectid": 3719, "nomb_vp": "Colada del Camino de Morella", "cod1": "120385", "cod2": "120803", "cod3": "017", "cod4": "000", "aproba_1": "29/09/1995", "aproba_2": "03/10/1984", "boe_1": "-", "boe_2": "18/02/1985", "bop_1": "-", "bop_2": "06/06/1998", "dogv_1": "03/11/1995", "dogv_2": "-", "munic_1": "Castellfort", "munic_2": "Morella", "deslinde": "No", "mojon": "No", "legal_1": "(8 - 10):2", "legal_2": "0", "obser_vp": "Este tramo no figura en PC de Morella.", "long_c_1": 1000, "long_c_2": 0, "sup_vp_1": 4.5, "sup_vp_2": 0, "tipo_leyen": "Colada", "shape_Length": 1061.0393149175895, "long_desli": 0, "hyperlink": "120385"}}, {"type": "Feature", "id": 3720, "geometry": {"type": "LineString", "coordinates": [[-0.15061091052385137, 40.49384689001596], [-0.1506480287730029, 40.49394491144909], [-0.1464721089056591, 40.49704526350278], [-0.14225513006841278, 40.50017564261328], [-0.13891448585843344, 40.50323580538632]]}, "properties": {"objectid": 3720, "nomb_vp": "Colada del Conill", "cod1": "120385", "cod2": "000000", "cod3": "010", "cod4": "000", "aproba_1": "29/09/1995", "aproba_2": "-", "boe_1": "-", "boe_2": "-", "bop_1": "-", "bop_2": "-", "dogv_1": "03/11/1995", "dogv_2": "-", "munic_1": "Castellfort", "munic_2": "-", "deslinde": "No", "mojon": "No", "legal_1": "20", "legal_2": "0", "obser_vp": " ", "long_c_1": 1600, "long_c_2": 0, "sup_vp_1": 0.32, "sup_vp_2": 0, "tipo_leyen": "Colada", "shape_Length": 1446.5539060172234, "long_desli": 0, "hyperlink": "120385"}}, {"type": "Feature", "id": 3897, "geometry": {"type": "MultiLineString", "coordinates": [[[-0.21366494746096829, 40.46790233932587], [-0.21358033091982898, 40.468037001097244], [-0.21318633599567596, 40.46826948821826], [-0.21247872910567933, 40.46860437371554], [-0.21227142122968867, 40.468728750277975], [-0.21157856440629394, 40.46916483359651], [-0.21111224969713085, 40.469482962360345], [-0.21086579909762404, 40.46968852035279], [-0.21069412446255725, 40.469878009480006], [-0.21049856892581797, 40.47014095853449], [-0.2103729220395369, 40.470287312822165], [-0.21011571398225434, 40.470564105297456], [-0.2095512154980871, 40.47097602655456], [-0.20930897162415493, 40.47117393818827], [-0.2090850349831599, 40.47143290585367], [-0.2089369788756647, 40.47161700549574], [-0.20858889890593196, 40.47192138842149], [-0.20822621336859057, 40.47221776274865], [-0.2079916820122859, 40.47240146777065], [-0.2078438674557583, 40.472579613407255], [-0.2077096656984685, 40.47280575221885], [-0.20761095800660523, 40.47294466062968], [-0.2074761811763237, 40.473042158310335], [-0.20704242725096703, 40.4733426777861], [-0.20670464805120967, 40.473618549696994], [-0.20639273063657057, 40.47389698902806], [-0.20611815977003498, 40.47402738163675], [-0.20593736177466623, 40.47415408383768], [-0.2057401651499864, 40.47422209157221], [-0.20536673729876873, 40.47429050959252], [-0.20492848725277094, 40.474416938609075], [-0.20414563476188038, 40.47466907901564], [-0.2037944747367829, 40.47476484315321], [-0.2036382903469863, 40.474846170360614], [-0.20340904801916246, 40.47491807387115], [-0.20319366248115986, 40.4750481955427], [-0.20288296124698885, 40.47529686456155], [-0.2024677847521258, 40.47569662880306], [-0.2022689720998292, 40.47580331757885], [-0.20183141077309494, 40.47595841543149], [-0.20170091108813132, 40.47602921294648], [-0.20133201268088266, 40.4764615253844], [-0.20113666926858131, 40.477031738790586], [-0.20101165245438604, 40.47733384918702], [-0.20101338552205378, 40.477479861584364], [-0.20090377212905586, 40.47767679793393], [-0.2007438640880385, 40.477863578051846], [-0.20054025435498551, 40.47796476106697], [-0.200296860733704, 40.478105958215835], [-0.20004589118661917, 40.4782309498005], [-0.1998969288277536, 40.478435868241235], [-0.19982387258853762, 40.47858176428119], [-0.1994673647579963, 40.479125176447745], [-0.19926475784441205, 40.47945594804612], [-0.1991104079419113, 40.479696482183684], [-0.19889457544002617, 40.480035617202816], [-0.19871818684627854, 40.480309580225835], [-0.19864963886308556, 40.480456867440516], [-0.19860207260415294, 40.48068985950718], [-0.19844739597133246, 40.48091072712242]], [[-0.20923351298581672, 40.48032825852058], [-0.20918438878912637, 40.48030343434161], [-0.2090138291866621, 40.48023328512227], [-0.20886180597466522, 40.480161773159956], [-0.20865283845216598, 40.480045689920836], [-0.2084688361795706, 40.479980635625296], [-0.20823033875180286, 40.47993673977933], [-0.2074124989025756, 40.4797894652416], [-0.20704792595576155, 40.479737751654646], [-0.2069214551508931, 40.4797394597735], [-0.20678372550846513, 40.47974923625954], [-0.20643809201066374, 40.47980522305767], [-0.2062048013120933, 40.4798615422846], [-0.20596262961353637, 40.47994386207652], [-0.2058368272138584, 40.47996703437899], [-0.2055997692692429, 40.47996368119848], [-0.2055081872940607, 40.47995193275901], [-0.20529060074377498, 40.4798930459813], [-0.2050564262913115, 40.479802861242476], [-0.2047732162339874, 40.47965054548865], [-0.2046058625139988, 40.47958453240719], [-0.20434116258727322, 40.479532844287675], [-0.20398687639716837, 40.47951612131859], [-0.20382372044052455, 40.479479802386344], [-0.20318930704089153, 40.47935004726895], [-0.20293826925305275, 40.47927008846454], [-0.20262489726670843, 40.47915048848088], [-0.20236878712804088, 40.47907993806267], [-0.2020898409677319, 40.47907079719861], [-0.201915861748754, 40.47908922305015], [-0.20178835244898463, 40.47911592369945], [-0.20167071735711375, 40.4791678867721], [-0.20148528323952544, 40.47927421184435], [-0.20135949656595015, 40.47930069074135], [-0.20110117045975548, 40.47931733438203], [-0.2009862810097189, 40.479340764961776], [-0.200888960446632, 40.479392027894946], [-0.2007683741972962, 40.4795102765277], [-0.20058126044915559, 40.479774223087574], [-0.20029008757050537, 40.48013417719955], [-0.20020085830334683, 40.480262046787296], [-0.20014936201797418, 40.48032857141676], [-0.20006765320903253, 40.48041715213136], [-0.200037661316733, 40.48046289749271], [-0.2000258817178718, 40.480521000209954], [-0.1999888873982765, 40.480622580749326], [-0.19996119806514895, 40.48065050774019], [-0.19982178298226852, 40.48070074914728], [-0.19978681279788332, 40.480713760845006], [-0.19955475012734122, 40.48073799142826], [-0.19935540860389508, 40.480770469522724], [-0.19908355460895527, 40.48085324660764], [-0.1989304548947034, 40.480894813335745], [-0.19876065228546358, 40.480925251481914], [-0.19844739597133246, 40.48091072712242], [-0.1980744075089601, 40.48134256981138], [-0.19778066614266934, 40.48165121585609], [-0.19761791488924038, 40.481782680372454], [-0.19725084377741803, 40.482023932542106], [-0.19678140637339134, 40.482241920708006], [-0.19641777934288132, 40.482419049456574], [-0.19591855671004196, 40.48263207572617], [-0.19559301513837526, 40.48276716245564], [-0.19532710398007583, 40.48296923469736], [-0.19512330357113858, 40.483178772278926], [-0.19491516640286474, 40.48347629227403], [-0.19474835062492585, 40.48375056875486], [-0.194464673014181, 40.484351540263724], [-0.1943869723025204, 40.48453840219204], [-0.19417815175201658, 40.48493561169263], [-0.19405285319975457, 40.485069958928534], [-0.1938864087783236, 40.48532036282339], [-0.19379884620785015, 40.48547021225175], [-0.19366265747765116, 40.48564862128912], [-0.19350760264674569, 40.48586808646099], [-0.1932752575112127, 40.48605071284274], [-0.1930343033033732, 40.486276873581666], [-0.19280065168036428, 40.486501631420936], [-0.1922678095842172, 40.48700590655519], [-0.19164681504555955, 40.487590246217145], [-0.19145715497665194, 40.48782627088796], [-0.191285465648358, 40.48817129848176], [-0.19114221149938937, 40.48863678959298], [-0.19108113139485602, 40.48878401486045], [-0.19105070660152557, 40.48884492455339], [-0.19081948015982256, 40.48901025008586], [-0.19058700853947771, 40.489255306488445], [-0.1905651829006656, 40.48929957974519], [-0.1905124045161824, 40.48939743664824], [-0.19047770987974447, 40.48944490696028], [-0.19017357787070654, 40.48969980159251], [-0.19002133400096918, 40.4897953975347], [-0.1897458664898697, 40.48995775279867], [-0.18955404110308485, 40.49004236424729], [-0.18858116967550823, 40.4903466105544], [-0.18845415547131797, 40.490368303757336], [-0.1879705003188677, 40.49040895740352], [-0.18721253749766997, 40.490410517024266], [-0.18651520312867928, 40.49048504523446], [-0.186222254656852, 40.49050364617157], [-0.18586693691746237, 40.49055603520238], [-0.18555401161289167, 40.49061423468018], [-0.185293445366581, 40.49067929222635], [-0.18511735950917657, 40.490739823182444], [-0.18469246175973542, 40.49094150211814], [-0.18446898264180123, 40.49106854680589], [-0.1840990369922941, 40.491318834546], [-0.1837699797356012, 40.491539833833045], [-0.18339162379442267, 40.491753951550194], [-0.1832874710624343, 40.491813872387425], [-0.18316355137554557, 40.49199066090665], [-0.1829269064707087, 40.492372903437435], [-0.18291483169845857, 40.49254295781157], [-0.18287530676142624, 40.49259877569004]], [[-0.1829888229367103, 40.559452388811074], [-0.1830582080586132, 40.559313997026834], [-0.18302606395442486, 40.55918210700639], [-0.18295542894286196, 40.559084321223764], [-0.1828358115672126, 40.558807338267044], [-0.1827495841125908, 40.55870275689346], [-0.1826807548285631, 40.558600769004016], [-0.18248345951828218, 40.5583642752388], [-0.18221083599982146, 40.558138632751785], [-0.18164221446701712, 40.55782664848255], [-0.18132799932250698, 40.557658146389116], [-0.18108478445005563, 40.55748416062537], [-0.18089572986436295, 40.55720013340226], [-0.18042175580907613, 40.5565141945792], [-0.18033851875785334, 40.55634116106497], [-0.18030420182580595, 40.55617873675517], [-0.18031792212474262, 40.55594378770776], [-0.18033702418680297, 40.555788905671726], [-0.18035096657055924, 40.55565275964596], [-0.18034597284073506, 40.55557576636167], [-0.18033481397103898, 40.55549862249236], [-0.180269332223616, 40.55529464680262], [-0.17994723052111597, 40.55449139433636], [-0.1799270197124541, 40.55428695616968], [-0.17985598365392708, 40.55367652379015], [-0.17979389744739635, 40.553019345354485], [-0.17975564811215394, 40.55283319249199], [-0.1796750639971428, 40.55264610534346], [-0.17940252437390625, 40.55218135505761], [-0.17888247860257062, 40.5514462270418], [-0.1784242380698476, 40.5508572716041], [-0.17800073285877482, 40.55041186958864], [-0.17784509218670586, 40.550259077131514], [-0.17772485399313712, 40.55018759987437], [-0.17755749932646547, 40.55009649763854], [-0.17726874337271692, 40.54983928241542], [-0.17678368058414035, 40.54950113138654], [-0.17645034893405045, 40.54928633077035], [-0.1764393010875127, 40.549209926016644], [-0.17650544559650103, 40.54899402086472], [-0.1767204929506873, 40.5486294917667], [-0.17682656409929726, 40.54814265870289], [-0.17693683019336215, 40.54782862201665], [-0.17701006243629214, 40.54761489934379], [-0.17700546066453057, 40.5474188623075], [-0.1768401698494474, 40.54718524119093], [-0.17655013911527082, 40.54683854666698], [-0.1763600977978261, 40.54656579199517], [-0.17641277364051153, 40.546439656770815], [-0.17639574131910535, 40.546336159569854], [-0.17628674246548018, 40.54618634147846], [-0.17626203732757606, 40.54603083074423], [-0.1762856709765892, 40.545933102911356], [-0.17637032147615667, 40.545777289079], [-0.17647047683682945, 40.54547592361595], [-0.1766985475111815, 40.54524639444638], [-0.17701481450998605, 40.545058208360075], [-0.17717731856120253, 40.54487096809289], [-0.17739954808263003, 40.54447475888285], [-0.17750543919538125, 40.544095296646994], [-0.1776365861125379, 40.54372624799149], [-0.17785132319234545, 40.54320250392281], [-0.178068543562449, 40.54290848227715], [-0.17821216751011731, 40.54256477797471], [-0.1783660956373912, 40.542264859117864], [-0.1784045415727237, 40.5420569873992], [-0.17849098599718982, 40.541712394102525], [-0.17857269136527307, 40.54148063846493], [-0.17862100066594574, 40.54126061642047]], [[-0.18400479410127019, 40.49667718032426], [-0.1838313209653651, 40.49635460926453], [-0.18366082467612155, 40.49616306866326], [-0.18351369572191595, 40.49606484236143], [-0.18341107109636834, 40.4959695947067], [-0.18325504070489398, 40.49578786942126], [-0.18319900127110642, 40.49570511428575], [-0.1830748859946451, 40.495412494666944], [-0.18300336136629106, 40.49516658436967], [-0.18294137212945086, 40.49498904600691], [-0.1827703360877699, 40.494632821171024], [-0.1826724781408313, 40.494343360125164], [-0.18263287905527797, 40.4941259943868], [-0.1825843696966678, 40.493685691164075], [-0.18260034774792203, 40.4934816637504], [-0.18261948179453122, 40.49337992104678], [-0.18272240476972268, 40.49323101197723], [-0.1828285720420394, 40.4930045785893], [-0.1828676774678305, 40.49289953816806], [-0.18287530676142624, 40.49259877569004], [-0.18268356509896447, 40.49279662285504], [-0.18230739769195747, 40.49307849099945], [-0.18196363641771302, 40.49335608567554], [-0.18178639408974495, 40.49347377960496], [-0.1806188256226737, 40.494088196099234], [-0.18049042462405016, 40.4941641137748], [-0.1801700123420775, 40.494263670805815], [-0.17965154178962917, 40.494511266371646], [-0.1793374533942612, 40.49467015798385], [-0.1788254673222922, 40.494882870651324], [-0.17817792725638223, 40.49513249801012], [-0.17757312966387295, 40.49535765228747], [-0.17696889406693353, 40.495741203215346], [-0.17647113628496924, 40.49599785740668], [-0.17584665951015882, 40.49638295565149], [-0.17528521050938647, 40.49688215994319], [-0.17489897204816635, 40.497105520255104], [-0.17459841915064692, 40.4971776626258], [-0.17398730161946035, 40.49742230243173], [-0.17378755783496097, 40.497534478189536], [-0.17357330947721297, 40.49767686842442], [-0.17308007273949483, 40.49802975132274], [-0.17297443715658098, 40.49820588341092], [-0.17286853562468488, 40.49834100769903], [-0.1727424325019031, 40.498568835703665], [-0.17268642202134565, 40.498641151189524], [-0.17264326542150127, 40.49905200956762], [-0.17266659053558547, 40.499488749603344], [-0.17284957685103508, 40.50020868944023], [-0.172975148841048, 40.50040671745713], [-0.1730692871839238, 40.501116911092296], [-0.1730979847817771, 40.501496164668865], [-0.17311659520617775, 40.502115549618125], [-0.17313896142304355, 40.50263534463967], [-0.17320487200255955, 40.50302433895658], [-0.17329089625866315, 40.50321950514295], [-0.17344958016022738, 40.50351487334881], [-0.17350027709280047, 40.50366564152373], [-0.17349624145084877, 40.50382074905587], [-0.17349021879924975, 40.50402312591139], [-0.17341309020343906, 40.50426540289231], [-0.17336270428335324, 40.50440234033799], [-0.17345870483971126, 40.504537182918504], [-0.17351818402187869, 40.50465598932751], [-0.1736573373675453, 40.50512122670292], [-0.17386154745991997, 40.50563158926015], [-0.1740929836650759, 40.50572999865289], [-0.174269749366121, 40.50577988419409], [-0.17438020343852498, 40.505858162691915], [-0.17449394446811528, 40.50598397548344], [-0.17458485106577898, 40.50618115259412], [-0.1746132429453763, 40.50627269925398], [-0.17465252733933226, 40.506459150139584], [-0.17467372358262012, 40.50684011204594], [-0.17468622056382618, 40.50695587586088], [-0.17465460399332516, 40.50705920302797], [-0.17465500932122716, 40.50713342574027], [-0.17471217550808044, 40.50719964717437], [-0.17494855202931345, 40.50739989770064], [-0.1750776007738405, 40.50747931682692], [-0.1750657325979221, 40.50764298962749], [-0.17511420124257301, 40.50780672798736], [-0.1750826642334243, 40.507908164779316], [-0.17490945720454168, 40.5080929234082], [-0.17479622490787788, 40.50817213458086], [-0.1747341614571118, 40.50846041089145], [-0.1747656428891744, 40.5087169185556], [-0.17480591459337388, 40.5088930459398], [-0.1748065603415988, 40.50905030992545], [-0.17478403056868055, 40.50923568874953], [-0.17471435799241639, 40.50941524741976], [-0.1745576858700093, 40.50954390645209], [-0.1743714437581219, 40.50966805590607], [-0.17424128196549946, 40.50984210326999], [-0.17419646269137695, 40.50996901967701], [-0.1742938949667446, 40.51015638019336], [-0.1744067383878098, 40.510185640104666], [-0.17462181472718832, 40.510211126992424], [-0.17499451026044036, 40.510243554814636], [-0.17502309451379128, 40.5102814199712], [-0.174982059261052, 40.510303818735785], [-0.17486624144078322, 40.51034907768186], [-0.17464396644900695, 40.510511653697826], [-0.1744809863064641, 40.510600609982085], [-0.17429071215573747, 40.51078184149181], [-0.1737051281235685, 40.51124355150979], [-0.1735721896129448, 40.51139739521017], [-0.17346935837090074, 40.511559099599346], [-0.17340576192993945, 40.51165949255], [-0.17330210349517705, 40.51174846980875], [-0.17321603543926453, 40.512013278956296], [-0.17319910112424713, 40.51219078776697], [-0.17315366299744017, 40.51232784604913], [-0.17303978573767295, 40.51249380754272], [-0.17300277081560925, 40.51261374288563], [-0.17298819965388276, 40.51284240866156], [-0.17303884981415332, 40.51311241944304], [-0.17303498364294076, 40.513322419416625], [-0.17304598607623461, 40.513563062256424], [-0.17302827258130757, 40.51401310835746], [-0.1729606960445549, 40.514499783058206], [-0.1728755769947912, 40.51481378843758], [-0.17283966121950897, 40.51501921877358], [-0.1728249295334145, 40.515251666271816], [-0.1728108762542775, 40.5159989570513], [-0.1727912885623377, 40.516257431010175], [-0.17274272002927396, 40.516409956217885], [-0.17279986784052026, 40.516437805360304], [-0.17291049535236622, 40.516520009510856], [-0.17299195032932294, 40.516572056349474], [-0.17299325826711623, 40.516659789442066], [-0.17310819008747297, 40.51689710757228], [-0.17326476247615744, 40.5172136136903], [-0.17354012778155467, 40.517735120964275], [-0.173541290115366, 40.51779791566088], [-0.17351824628864096, 40.51813686609755], [-0.1735011910991802, 40.518186018289256], [-0.17347242566286974, 40.5182561670855], [-0.17344046954145292, 40.51830838175945], [-0.17343229024638854, 40.51857707906497], [-0.17343743178575632, 40.518870812990755], [-0.17347468300425442, 40.519113855525234], [-0.17351749827655383, 40.51924907045813], [-0.17371519637894958, 40.51963260231972], [-0.17372970483749967, 40.51970349965662], [-0.17381530761777875, 40.519806642095055], [-0.1739967225943438, 40.519948353175884], [-0.1743771534417142, 40.520216484846415], [-0.17474765435205283, 40.52048626292894], [-0.17528985480704817, 40.520811725113404], [-0.17541295150079672, 40.52089219000983], [-0.17558825412155837, 40.521068066777666], [-0.17580075417138752, 40.52128775024236], [-0.17613513415377788, 40.52154258817108], [-0.1764137339522573, 40.52174454310771], [-0.17661975562761648, 40.52193813113632], [-0.17670848905021866, 40.522018945141596], [-0.1768129243257088, 40.52216124470397], [-0.17750265069098858, 40.52266632914256], [-0.1777193910297523, 40.522896837733335], [-0.17803273607477965, 40.52311851103224], [-0.17831565450594455, 40.52329198693284], [-0.17899575516310734, 40.52389474712985], [-0.17939580987396783, 40.524408562979474], [-0.17967634776392397, 40.5250020673501], [-0.1797969135926516, 40.52534422508304], [-0.17969766508338034, 40.525575083596884], [-0.17948515338263116, 40.52574055849865], [-0.17936369557431608, 40.52595565187517], [-0.17931479036461137, 40.52645134918533], [-0.17950441252333713, 40.526956448552596], [-0.17983473771501188, 40.527457835403425], [-0.18022205336117325, 40.527717528749385], [-0.1803839008248901, 40.52787425445582], [-0.18086797408813812, 40.52884862908875], [-0.18156091924597098, 40.5298231106534], [-0.18164949509196712, 40.5304108260046], [-0.18165084876357201, 40.53043865095662], [-0.1816145681909618, 40.531125049141146], [-0.18159209375961916, 40.531660568573216], [-0.18161783419703229, 40.532442964082755], [-0.18134882142660058, 40.533041650506014], [-0.18115181994231552, 40.53386618597096], [-0.1810094337057784, 40.534282148646106], [-0.18101028820557988, 40.534503804777486], [-0.181334030948738, 40.53505149768656], [-0.18132792824501795, 40.53530873194965], [-0.1812875125644905, 40.5354279488745], [-0.1810941527531414, 40.535847612935704], [-0.18095419035495436, 40.536064605767386], [-0.18061546090061129, 40.53632086669493], [-0.17980735007938087, 40.536708652906995], [-0.17928348488769777, 40.536910340324745], [-0.17907775261412875, 40.537123373884214], [-0.17901144539716582, 40.5373155870834], [-0.1788576272145202, 40.537679232507145], [-0.17883927133062597, 40.53789327001776], [-0.17897956781335478, 40.53807423829704], [-0.17923643822562005, 40.53858932779369], [-0.1793203447915833, 40.53893455492174], [-0.1793357889938928, 40.53935610672431], [-0.1792566386363402, 40.53984556787669], [-0.17915778505990634, 40.540128127519814], [-0.1789951034692545, 40.54043158162177], [-0.17899745937185588, 40.54042147360828], [-0.17875182788441377, 40.54086890701627], [-0.17862100066594574, 40.54126061642047], [-0.17845131515868626, 40.54123402524413], [-0.1783107249987854, 40.54120596968685], [-0.17817200814895268, 40.54113041410021], [-0.17805370131062, 40.54105849445646], [-0.1778135676769975, 40.54085882742549], [-0.17750466350045432, 40.54062725842923], [-0.17732141958851644, 40.540497900136536], [-0.17699861894319333, 40.54023541855259], [-0.17665846254531783, 40.54003406355443], [-0.17622628216029285, 40.539785786283275], [-0.1756529972612418, 40.53947468701658], [-0.17528911998748406, 40.5393027760768], [-0.17499514850958922, 40.53918017515108], [-0.174828495785674, 40.539158524019975], [-0.17470926788249017, 40.539141307361795], [-0.17461890502894908, 40.53910620783694], [-0.1745372437594529, 40.53908705054794], [-0.1744670209883967, 40.5390830143816], [-0.17440509818227312, 40.53909961153919], [-0.17434898283671396, 40.53915638709616], [-0.17432221567942083, 40.53928292775344], [-0.174289716742522, 40.53934749699379], [-0.17422550349117993, 40.53938882232141], [-0.1741295981656786, 40.53941126013073], [-0.1740872410190681, 40.53938494542739], [-0.17400852866435854, 40.53935866045485], [-0.17394148543574567, 40.539348439959525], [-0.1739001194012119, 40.53937132539031], [-0.17387183051631214, 40.53944975342564], [-0.17380649545088472, 40.539517743116534], [-0.17375278856795875, 40.53954693320402], [-0.1735799252365848, 40.5396624553377], [-0.1734374652928343, 40.53987946486481], [-0.17330118289746074, 40.54004485633615], [-0.17319389093957316, 40.54020911639341], [-0.17316144955348617, 40.54026742486933], [-0.1731545269807902, 40.54031626736576], [-0.1731272854396491, 40.540366681302565], [-0.17303905268647574, 40.54050369800318], [-0.1729723193238118, 40.54060426006457], [-0.1728289296855447, 40.54088897865006], [-0.1725510361479459, 40.541203362296216], [-0.1720906906951269, 40.54158674018459], [-0.17176421623703753, 40.541834876183856], [-0.17127353711686516, 40.54211106907782], [-0.17076607603939473, 40.542396860112774], [-0.17019136959747114, 40.54267069902743], [-0.1698587769227615, 40.54276697698619], [-0.16970757129468372, 40.54284681497084], [-0.16963189153716138, 40.54295356792225], [-0.16956363415048067, 40.5431440475808], [-0.16950458641638091, 40.5433599327069]]]}, "properties": {"objectid": 3897, "nomb_vp": "Colada de la Lloma al Mas de Dols", "cod1": "120385", "cod2": "000000", "cod3": "006", "cod4": "000", "aproba_1": "29/09/1995", "aproba_2": "-", "boe_1": "-", "boe_2": "-", "bop_1": "-", "bop_2": "-", "dogv_1": "03/11/1995", "dogv_2": "-", "munic_1": "Castellfort", "munic_2": "-", "deslinde": "No", "mojon": "No", "legal_1": "5 - 23", "legal_2": "0", "obser_vp": " ", "long_c_1": 14900, "long_c_2": 0, "sup_vp_1": 20.86, "sup_vp_2": 0, "tipo_leyen": "Colada", "shape_Length": 15380.54083616553, "long_desli": 0, "hyperlink": "120385"}}]}